-- =============================================================================
-- V11: Du lieu Social IT da dang (ban nhe)
-- 70 stub V7 + 200 user moi (178-377)
-- 30 tags | 400 tweets | 300 likes | 150 retweets
-- Import: mysql -u root twitter9 < src/main/resources/db/migration/V11__DiverseSocialIT.sql
-- =============================================================================
SET NAMES utf8mb4;

-- V7 user stubs (INSERT IGNORE — tranh loi FK users_id)
INSERT IGNORE INTO users (id, about, activation_code, active, background_color, birthday, color_scheme, country, country_code, email, full_name, gender, language, like_count, location, media_tweet_count, muted_direct_messages, notifications_count, password, password_reset_code, phone, private_profile, profile_customized, profile_started, registration_date, role, tweet_count, username, website) VALUES (100, 'Sinh vien VKU — Khoa CNTT.', null, true, 'DEFAULT', null, 'BLUE', 'VN', 'VN', 'sv100_an@student.it.edu.vn', 'Pham An', null, 'Tieng Viet', 0, 'Campus VKU', 0, false, 0, '$2a$08$TZekzxmq.KO2f.juYNUa4eU/ePYPx3r2MWONVjPDKOBJB4qUlhkxW', null, 900000100, false, true, true, '2024-01-01 00:00:00', 'USER', 0, 'sv100_an', null);
INSERT IGNORE INTO users (id, about, activation_code, active, background_color, birthday, color_scheme, country, country_code, email, full_name, gender, language, like_count, location, media_tweet_count, muted_direct_messages, notifications_count, password, password_reset_code, phone, private_profile, profile_customized, profile_started, registration_date, role, tweet_count, username, website) VALUES (101, 'Sinh vien VKU — Khoa CNTT.', null, true, 'DEFAULT', null, 'BLUE', 'VN', 'VN', 'sv101_binh@student.it.edu.vn', 'Pham Binh', null, 'Tieng Viet', 0, 'Campus VKU', 0, false, 0, '$2a$08$TZekzxmq.KO2f.juYNUa4eU/ePYPx3r2MWONVjPDKOBJB4qUlhkxW', null, 900000101, false, true, true, '2024-01-01 00:00:00', 'USER', 0, 'sv101_binh', null);
INSERT IGNORE INTO users (id, about, activation_code, active, background_color, birthday, color_scheme, country, country_code, email, full_name, gender, language, like_count, location, media_tweet_count, muted_direct_messages, notifications_count, password, password_reset_code, phone, private_profile, profile_customized, profile_started, registration_date, role, tweet_count, username, website) VALUES (102, 'Sinh vien VKU — Khoa CNTT.', null, true, 'DEFAULT', null, 'BLUE', 'VN', 'VN', 'sv102_chi@student.it.edu.vn', 'Hoang Chi', null, 'Tieng Viet', 0, 'Campus VKU', 0, false, 0, '$2a$08$TZekzxmq.KO2f.juYNUa4eU/ePYPx3r2MWONVjPDKOBJB4qUlhkxW', null, 900000102, false, true, true, '2024-01-01 00:00:00', 'USER', 0, 'sv102_chi', null);
INSERT IGNORE INTO users (id, about, activation_code, active, background_color, birthday, color_scheme, country, country_code, email, full_name, gender, language, like_count, location, media_tweet_count, muted_direct_messages, notifications_count, password, password_reset_code, phone, private_profile, profile_customized, profile_started, registration_date, role, tweet_count, username, website) VALUES (103, 'Sinh vien VKU — Khoa CNTT.', null, true, 'DEFAULT', null, 'BLUE', 'VN', 'VN', 'sv103_dung@student.it.edu.vn', 'Hoang Dung', null, 'Tieng Viet', 0, 'Campus VKU', 0, false, 0, '$2a$08$TZekzxmq.KO2f.juYNUa4eU/ePYPx3r2MWONVjPDKOBJB4qUlhkxW', null, 900000103, false, true, true, '2024-01-01 00:00:00', 'USER', 0, 'sv103_dung', null);
INSERT IGNORE INTO users (id, about, activation_code, active, background_color, birthday, color_scheme, country, country_code, email, full_name, gender, language, like_count, location, media_tweet_count, muted_direct_messages, notifications_count, password, password_reset_code, phone, private_profile, profile_customized, profile_started, registration_date, role, tweet_count, username, website) VALUES (104, 'Sinh vien VKU — Khoa CNTT.', null, true, 'DEFAULT', null, 'BLUE', 'VN', 'VN', 'sv104_ha@student.it.edu.vn', 'Hoang Ha', null, 'Tieng Viet', 0, 'Campus VKU', 0, false, 0, '$2a$08$TZekzxmq.KO2f.juYNUa4eU/ePYPx3r2MWONVjPDKOBJB4qUlhkxW', null, 900000104, false, true, true, '2024-01-01 00:00:00', 'USER', 0, 'sv104_ha', null);
INSERT IGNORE INTO users (id, about, activation_code, active, background_color, birthday, color_scheme, country, country_code, email, full_name, gender, language, like_count, location, media_tweet_count, muted_direct_messages, notifications_count, password, password_reset_code, phone, private_profile, profile_customized, profile_started, registration_date, role, tweet_count, username, website) VALUES (105, 'Sinh vien VKU — Khoa CNTT.', null, true, 'DEFAULT', null, 'BLUE', 'VN', 'VN', 'sv105_huy@student.it.edu.vn', 'Vo Huy', null, 'Tieng Viet', 0, 'Campus VKU', 0, false, 0, '$2a$08$TZekzxmq.KO2f.juYNUa4eU/ePYPx3r2MWONVjPDKOBJB4qUlhkxW', null, 900000105, false, true, true, '2024-01-01 00:00:00', 'USER', 0, 'sv105_huy', null);
INSERT IGNORE INTO users (id, about, activation_code, active, background_color, birthday, color_scheme, country, country_code, email, full_name, gender, language, like_count, location, media_tweet_count, muted_direct_messages, notifications_count, password, password_reset_code, phone, private_profile, profile_customized, profile_started, registration_date, role, tweet_count, username, website) VALUES (106, 'Sinh vien VKU — Khoa CNTT.', null, true, 'DEFAULT', null, 'BLUE', 'VN', 'VN', 'sv106_khanh@student.it.edu.vn', 'Vo Khanh', null, 'Tieng Viet', 0, 'Campus VKU', 0, false, 0, '$2a$08$TZekzxmq.KO2f.juYNUa4eU/ePYPx3r2MWONVjPDKOBJB4qUlhkxW', null, 900000106, false, true, true, '2024-01-01 00:00:00', 'USER', 0, 'sv106_khanh', null);
INSERT IGNORE INTO users (id, about, activation_code, active, background_color, birthday, color_scheme, country, country_code, email, full_name, gender, language, like_count, location, media_tweet_count, muted_direct_messages, notifications_count, password, password_reset_code, phone, private_profile, profile_customized, profile_started, registration_date, role, tweet_count, username, website) VALUES (107, 'Sinh vien VKU — Khoa CNTT.', null, true, 'DEFAULT', null, 'BLUE', 'VN', 'VN', 'sv107_lan@student.it.edu.vn', 'Vo Lan', null, 'Tieng Viet', 0, 'Campus VKU', 0, false, 0, '$2a$08$TZekzxmq.KO2f.juYNUa4eU/ePYPx3r2MWONVjPDKOBJB4qUlhkxW', null, 900000107, false, true, true, '2024-01-01 00:00:00', 'USER', 0, 'sv107_lan', null);
INSERT IGNORE INTO users (id, about, activation_code, active, background_color, birthday, color_scheme, country, country_code, email, full_name, gender, language, like_count, location, media_tweet_count, muted_direct_messages, notifications_count, password, password_reset_code, phone, private_profile, profile_customized, profile_started, registration_date, role, tweet_count, username, website) VALUES (108, 'Sinh vien VKU — Khoa CNTT.', null, true, 'DEFAULT', null, 'BLUE', 'VN', 'VN', 'sv108_minh@student.it.edu.vn', 'Dang Minh', null, 'Tieng Viet', 0, 'Campus VKU', 0, false, 0, '$2a$08$TZekzxmq.KO2f.juYNUa4eU/ePYPx3r2MWONVjPDKOBJB4qUlhkxW', null, 900000108, false, true, true, '2024-01-01 00:00:00', 'USER', 0, 'sv108_minh', null);
INSERT IGNORE INTO users (id, about, activation_code, active, background_color, birthday, color_scheme, country, country_code, email, full_name, gender, language, like_count, location, media_tweet_count, muted_direct_messages, notifications_count, password, password_reset_code, phone, private_profile, profile_customized, profile_started, registration_date, role, tweet_count, username, website) VALUES (109, 'Sinh vien VKU — Khoa CNTT.', null, true, 'DEFAULT', null, 'BLUE', 'VN', 'VN', 'sv109_nam@student.it.edu.vn', 'Dang Nam', null, 'Tieng Viet', 0, 'Campus VKU', 0, false, 0, '$2a$08$TZekzxmq.KO2f.juYNUa4eU/ePYPx3r2MWONVjPDKOBJB4qUlhkxW', null, 900000109, false, true, true, '2024-01-01 00:00:00', 'USER', 0, 'sv109_nam', null);
INSERT IGNORE INTO users (id, about, activation_code, active, background_color, birthday, color_scheme, country, country_code, email, full_name, gender, language, like_count, location, media_tweet_count, muted_direct_messages, notifications_count, password, password_reset_code, phone, private_profile, profile_customized, profile_started, registration_date, role, tweet_count, username, website) VALUES (110, 'Sinh vien VKU — Khoa CNTT.', null, true, 'DEFAULT', null, 'BLUE', 'VN', 'VN', 'sv110_phuc@student.it.edu.vn', 'Dang Phuc', null, 'Tieng Viet', 0, 'Campus VKU', 0, false, 0, '$2a$08$TZekzxmq.KO2f.juYNUa4eU/ePYPx3r2MWONVjPDKOBJB4qUlhkxW', null, 900000110, false, true, true, '2024-01-01 00:00:00', 'USER', 0, 'sv110_phuc', null);
INSERT IGNORE INTO users (id, about, activation_code, active, background_color, birthday, color_scheme, country, country_code, email, full_name, gender, language, like_count, location, media_tweet_count, muted_direct_messages, notifications_count, password, password_reset_code, phone, private_profile, profile_customized, profile_started, registration_date, role, tweet_count, username, website) VALUES (111, 'Sinh vien VKU — Khoa CNTT.', null, true, 'DEFAULT', null, 'BLUE', 'VN', 'VN', 'sv111_quan@student.it.edu.vn', 'Bui Quan', null, 'Tieng Viet', 0, 'Campus VKU', 0, false, 0, '$2a$08$TZekzxmq.KO2f.juYNUa4eU/ePYPx3r2MWONVjPDKOBJB4qUlhkxW', null, 900000111, false, true, true, '2024-01-01 00:00:00', 'USER', 0, 'sv111_quan', null);
INSERT IGNORE INTO users (id, about, activation_code, active, background_color, birthday, color_scheme, country, country_code, email, full_name, gender, language, like_count, location, media_tweet_count, muted_direct_messages, notifications_count, password, password_reset_code, phone, private_profile, profile_customized, profile_started, registration_date, role, tweet_count, username, website) VALUES (112, 'Sinh vien VKU — Khoa CNTT.', null, true, 'DEFAULT', null, 'BLUE', 'VN', 'VN', 'sv112_son@student.it.edu.vn', 'Bui Son', null, 'Tieng Viet', 0, 'Campus VKU', 0, false, 0, '$2a$08$TZekzxmq.KO2f.juYNUa4eU/ePYPx3r2MWONVjPDKOBJB4qUlhkxW', null, 900000112, false, true, true, '2024-01-01 00:00:00', 'USER', 0, 'sv112_son', null);
INSERT IGNORE INTO users (id, about, activation_code, active, background_color, birthday, color_scheme, country, country_code, email, full_name, gender, language, like_count, location, media_tweet_count, muted_direct_messages, notifications_count, password, password_reset_code, phone, private_profile, profile_customized, profile_started, registration_date, role, tweet_count, username, website) VALUES (113, 'Sinh vien VKU — Khoa CNTT.', null, true, 'DEFAULT', null, 'BLUE', 'VN', 'VN', 'sv113_thao@student.it.edu.vn', 'Bui Thao', null, 'Tieng Viet', 0, 'Campus VKU', 0, false, 0, '$2a$08$TZekzxmq.KO2f.juYNUa4eU/ePYPx3r2MWONVjPDKOBJB4qUlhkxW', null, 900000113, false, true, true, '2024-01-01 00:00:00', 'USER', 0, 'sv113_thao', null);
INSERT IGNORE INTO users (id, about, activation_code, active, background_color, birthday, color_scheme, country, country_code, email, full_name, gender, language, like_count, location, media_tweet_count, muted_direct_messages, notifications_count, password, password_reset_code, phone, private_profile, profile_customized, profile_started, registration_date, role, tweet_count, username, website) VALUES (114, 'Sinh vien VKU — Khoa CNTT.', null, true, 'DEFAULT', null, 'BLUE', 'VN', 'VN', 'sv114_trang@student.it.edu.vn', 'Do Trang', null, 'Tieng Viet', 0, 'Campus VKU', 0, false, 0, '$2a$08$TZekzxmq.KO2f.juYNUa4eU/ePYPx3r2MWONVjPDKOBJB4qUlhkxW', null, 900000114, false, true, true, '2024-01-01 00:00:00', 'USER', 0, 'sv114_trang', null);
INSERT IGNORE INTO users (id, about, activation_code, active, background_color, birthday, color_scheme, country, country_code, email, full_name, gender, language, like_count, location, media_tweet_count, muted_direct_messages, notifications_count, password, password_reset_code, phone, private_profile, profile_customized, profile_started, registration_date, role, tweet_count, username, website) VALUES (115, 'Sinh vien VKU — Khoa CNTT.', null, true, 'DEFAULT', null, 'BLUE', 'VN', 'VN', 'sv115_tuan@student.it.edu.vn', 'Do Tuan', null, 'Tieng Viet', 0, 'Campus VKU', 0, false, 0, '$2a$08$TZekzxmq.KO2f.juYNUa4eU/ePYPx3r2MWONVjPDKOBJB4qUlhkxW', null, 900000115, false, true, true, '2024-01-01 00:00:00', 'USER', 0, 'sv115_tuan', null);
INSERT IGNORE INTO users (id, about, activation_code, active, background_color, birthday, color_scheme, country, country_code, email, full_name, gender, language, like_count, location, media_tweet_count, muted_direct_messages, notifications_count, password, password_reset_code, phone, private_profile, profile_customized, profile_started, registration_date, role, tweet_count, username, website) VALUES (116, 'Sinh vien VKU — Khoa CNTT.', null, true, 'DEFAULT', null, 'BLUE', 'VN', 'VN', 'sv116_vy@student.it.edu.vn', 'Do Vy', null, 'Tieng Viet', 0, 'Campus VKU', 0, false, 0, '$2a$08$TZekzxmq.KO2f.juYNUa4eU/ePYPx3r2MWONVjPDKOBJB4qUlhkxW', null, 900000116, false, true, true, '2024-01-01 00:00:00', 'USER', 0, 'sv116_vy', null);
INSERT IGNORE INTO users (id, about, activation_code, active, background_color, birthday, color_scheme, country, country_code, email, full_name, gender, language, like_count, location, media_tweet_count, muted_direct_messages, notifications_count, password, password_reset_code, phone, private_profile, profile_customized, profile_started, registration_date, role, tweet_count, username, website) VALUES (117, 'Sinh vien VKU — Khoa CNTT.', null, true, 'DEFAULT', null, 'BLUE', 'VN', 'VN', 'sv117_yen@student.it.edu.vn', 'Vu Yen', null, 'Tieng Viet', 0, 'Campus VKU', 0, false, 0, '$2a$08$TZekzxmq.KO2f.juYNUa4eU/ePYPx3r2MWONVjPDKOBJB4qUlhkxW', null, 900000117, false, true, true, '2024-01-01 00:00:00', 'USER', 0, 'sv117_yen', null);
INSERT IGNORE INTO users (id, about, activation_code, active, background_color, birthday, color_scheme, country, country_code, email, full_name, gender, language, like_count, location, media_tweet_count, muted_direct_messages, notifications_count, password, password_reset_code, phone, private_profile, profile_customized, profile_started, registration_date, role, tweet_count, username, website) VALUES (118, 'Sinh vien VKU — Khoa CNTT.', null, true, 'DEFAULT', null, 'BLUE', 'VN', 'VN', 'sv118_khoa@student.it.edu.vn', 'Vu Khoa', null, 'Tieng Viet', 0, 'Campus VKU', 0, false, 0, '$2a$08$TZekzxmq.KO2f.juYNUa4eU/ePYPx3r2MWONVjPDKOBJB4qUlhkxW', null, 900000118, false, true, true, '2024-01-01 00:00:00', 'USER', 0, 'sv118_khoa', null);
INSERT IGNORE INTO users (id, about, activation_code, active, background_color, birthday, color_scheme, country, country_code, email, full_name, gender, language, like_count, location, media_tweet_count, muted_direct_messages, notifications_count, password, password_reset_code, phone, private_profile, profile_customized, profile_started, registration_date, role, tweet_count, username, website) VALUES (119, 'Sinh vien VKU — Khoa CNTT.', null, true, 'DEFAULT', null, 'BLUE', 'VN', 'VN', 'sv119_linh@student.it.edu.vn', 'Vu Linh', null, 'Tieng Viet', 0, 'Campus VKU', 0, false, 0, '$2a$08$TZekzxmq.KO2f.juYNUa4eU/ePYPx3r2MWONVjPDKOBJB4qUlhkxW', null, 900000119, false, true, true, '2024-01-01 00:00:00', 'USER', 0, 'sv119_linh', null);
INSERT IGNORE INTO users (id, about, activation_code, active, background_color, birthday, color_scheme, country, country_code, email, full_name, gender, language, like_count, location, media_tweet_count, muted_direct_messages, notifications_count, password, password_reset_code, phone, private_profile, profile_customized, profile_started, registration_date, role, tweet_count, username, website) VALUES (120, 'Sinh vien VKU — Khoa CNTT.', null, true, 'DEFAULT', null, 'BLUE', 'VN', 'VN', 'sv120_an@student.it.edu.vn', 'Nguyen An', null, 'Tieng Viet', 0, 'Campus VKU', 0, false, 0, '$2a$08$TZekzxmq.KO2f.juYNUa4eU/ePYPx3r2MWONVjPDKOBJB4qUlhkxW', null, 900000120, false, true, true, '2024-01-01 00:00:00', 'USER', 0, 'sv120_an', null);
INSERT IGNORE INTO users (id, about, activation_code, active, background_color, birthday, color_scheme, country, country_code, email, full_name, gender, language, like_count, location, media_tweet_count, muted_direct_messages, notifications_count, password, password_reset_code, phone, private_profile, profile_customized, profile_started, registration_date, role, tweet_count, username, website) VALUES (121, 'Sinh vien VKU — Khoa CNTT.', null, true, 'DEFAULT', null, 'BLUE', 'VN', 'VN', 'sv121_binh@student.it.edu.vn', 'Nguyen Binh', null, 'Tieng Viet', 0, 'Campus VKU', 0, false, 0, '$2a$08$TZekzxmq.KO2f.juYNUa4eU/ePYPx3r2MWONVjPDKOBJB4qUlhkxW', null, 900000121, false, true, true, '2024-01-01 00:00:00', 'USER', 0, 'sv121_binh', null);
INSERT IGNORE INTO users (id, about, activation_code, active, background_color, birthday, color_scheme, country, country_code, email, full_name, gender, language, like_count, location, media_tweet_count, muted_direct_messages, notifications_count, password, password_reset_code, phone, private_profile, profile_customized, profile_started, registration_date, role, tweet_count, username, website) VALUES (122, 'Sinh vien VKU — Khoa CNTT.', null, true, 'DEFAULT', null, 'BLUE', 'VN', 'VN', 'sv122_chi@student.it.edu.vn', 'Nguyen Chi', null, 'Tieng Viet', 0, 'Campus VKU', 0, false, 0, '$2a$08$TZekzxmq.KO2f.juYNUa4eU/ePYPx3r2MWONVjPDKOBJB4qUlhkxW', null, 900000122, false, true, true, '2024-01-01 00:00:00', 'USER', 0, 'sv122_chi', null);
INSERT IGNORE INTO users (id, about, activation_code, active, background_color, birthday, color_scheme, country, country_code, email, full_name, gender, language, like_count, location, media_tweet_count, muted_direct_messages, notifications_count, password, password_reset_code, phone, private_profile, profile_customized, profile_started, registration_date, role, tweet_count, username, website) VALUES (123, 'Sinh vien VKU — Khoa CNTT.', null, true, 'DEFAULT', null, 'BLUE', 'VN', 'VN', 'sv123_dung@student.it.edu.vn', 'Tran Dung', null, 'Tieng Viet', 0, 'Campus VKU', 0, false, 0, '$2a$08$TZekzxmq.KO2f.juYNUa4eU/ePYPx3r2MWONVjPDKOBJB4qUlhkxW', null, 900000123, false, true, true, '2024-01-01 00:00:00', 'USER', 0, 'sv123_dung', null);
INSERT IGNORE INTO users (id, about, activation_code, active, background_color, birthday, color_scheme, country, country_code, email, full_name, gender, language, like_count, location, media_tweet_count, muted_direct_messages, notifications_count, password, password_reset_code, phone, private_profile, profile_customized, profile_started, registration_date, role, tweet_count, username, website) VALUES (124, 'Sinh vien VKU — Khoa CNTT.', null, true, 'DEFAULT', null, 'BLUE', 'VN', 'VN', 'sv124_ha@student.it.edu.vn', 'Tran Ha', null, 'Tieng Viet', 0, 'Campus VKU', 0, false, 0, '$2a$08$TZekzxmq.KO2f.juYNUa4eU/ePYPx3r2MWONVjPDKOBJB4qUlhkxW', null, 900000124, false, true, true, '2024-01-01 00:00:00', 'USER', 0, 'sv124_ha', null);
INSERT IGNORE INTO users (id, about, activation_code, active, background_color, birthday, color_scheme, country, country_code, email, full_name, gender, language, like_count, location, media_tweet_count, muted_direct_messages, notifications_count, password, password_reset_code, phone, private_profile, profile_customized, profile_started, registration_date, role, tweet_count, username, website) VALUES (125, 'Sinh vien VKU — Khoa CNTT.', null, true, 'DEFAULT', null, 'BLUE', 'VN', 'VN', 'sv125_huy@student.it.edu.vn', 'Tran Huy', null, 'Tieng Viet', 0, 'Campus VKU', 0, false, 0, '$2a$08$TZekzxmq.KO2f.juYNUa4eU/ePYPx3r2MWONVjPDKOBJB4qUlhkxW', null, 900000125, false, true, true, '2024-01-01 00:00:00', 'USER', 0, 'sv125_huy', null);
INSERT IGNORE INTO users (id, about, activation_code, active, background_color, birthday, color_scheme, country, country_code, email, full_name, gender, language, like_count, location, media_tweet_count, muted_direct_messages, notifications_count, password, password_reset_code, phone, private_profile, profile_customized, profile_started, registration_date, role, tweet_count, username, website) VALUES (126, 'Sinh vien VKU — Khoa CNTT.', null, true, 'DEFAULT', null, 'BLUE', 'VN', 'VN', 'sv126_khanh@student.it.edu.vn', 'Le Khanh', null, 'Tieng Viet', 0, 'Campus VKU', 0, false, 0, '$2a$08$TZekzxmq.KO2f.juYNUa4eU/ePYPx3r2MWONVjPDKOBJB4qUlhkxW', null, 900000126, false, true, true, '2024-01-01 00:00:00', 'USER', 0, 'sv126_khanh', null);
INSERT IGNORE INTO users (id, about, activation_code, active, background_color, birthday, color_scheme, country, country_code, email, full_name, gender, language, like_count, location, media_tweet_count, muted_direct_messages, notifications_count, password, password_reset_code, phone, private_profile, profile_customized, profile_started, registration_date, role, tweet_count, username, website) VALUES (127, 'Sinh vien VKU — Khoa CNTT.', null, true, 'DEFAULT', null, 'BLUE', 'VN', 'VN', 'sv127_lan@student.it.edu.vn', 'Le Lan', null, 'Tieng Viet', 0, 'Campus VKU', 0, false, 0, '$2a$08$TZekzxmq.KO2f.juYNUa4eU/ePYPx3r2MWONVjPDKOBJB4qUlhkxW', null, 900000127, false, true, true, '2024-01-01 00:00:00', 'USER', 0, 'sv127_lan', null);
INSERT IGNORE INTO users (id, about, activation_code, active, background_color, birthday, color_scheme, country, country_code, email, full_name, gender, language, like_count, location, media_tweet_count, muted_direct_messages, notifications_count, password, password_reset_code, phone, private_profile, profile_customized, profile_started, registration_date, role, tweet_count, username, website) VALUES (128, 'Sinh vien VKU — Khoa CNTT.', null, true, 'DEFAULT', null, 'BLUE', 'VN', 'VN', 'sv128_minh@student.it.edu.vn', 'Le Minh', null, 'Tieng Viet', 0, 'Campus VKU', 0, false, 0, '$2a$08$TZekzxmq.KO2f.juYNUa4eU/ePYPx3r2MWONVjPDKOBJB4qUlhkxW', null, 900000128, false, true, true, '2024-01-01 00:00:00', 'USER', 0, 'sv128_minh', null);
INSERT IGNORE INTO users (id, about, activation_code, active, background_color, birthday, color_scheme, country, country_code, email, full_name, gender, language, like_count, location, media_tweet_count, muted_direct_messages, notifications_count, password, password_reset_code, phone, private_profile, profile_customized, profile_started, registration_date, role, tweet_count, username, website) VALUES (129, 'Sinh vien VKU — Khoa CNTT.', null, true, 'DEFAULT', null, 'BLUE', 'VN', 'VN', 'sv129_nam@student.it.edu.vn', 'Pham Nam', null, 'Tieng Viet', 0, 'Campus VKU', 0, false, 0, '$2a$08$TZekzxmq.KO2f.juYNUa4eU/ePYPx3r2MWONVjPDKOBJB4qUlhkxW', null, 900000129, false, true, true, '2024-01-01 00:00:00', 'USER', 0, 'sv129_nam', null);
INSERT IGNORE INTO users (id, about, activation_code, active, background_color, birthday, color_scheme, country, country_code, email, full_name, gender, language, like_count, location, media_tweet_count, muted_direct_messages, notifications_count, password, password_reset_code, phone, private_profile, profile_customized, profile_started, registration_date, role, tweet_count, username, website) VALUES (130, 'Sinh vien VKU — Khoa CNTT.', null, true, 'DEFAULT', null, 'BLUE', 'VN', 'VN', 'sv130_phuc@student.it.edu.vn', 'Pham Phuc', null, 'Tieng Viet', 0, 'Campus VKU', 0, false, 0, '$2a$08$TZekzxmq.KO2f.juYNUa4eU/ePYPx3r2MWONVjPDKOBJB4qUlhkxW', null, 900000130, false, true, true, '2024-01-01 00:00:00', 'USER', 0, 'sv130_phuc', null);
INSERT IGNORE INTO users (id, about, activation_code, active, background_color, birthday, color_scheme, country, country_code, email, full_name, gender, language, like_count, location, media_tweet_count, muted_direct_messages, notifications_count, password, password_reset_code, phone, private_profile, profile_customized, profile_started, registration_date, role, tweet_count, username, website) VALUES (131, 'Sinh vien VKU — Khoa CNTT.', null, true, 'DEFAULT', null, 'BLUE', 'VN', 'VN', 'sv131_quan@student.it.edu.vn', 'Pham Quan', null, 'Tieng Viet', 0, 'Campus VKU', 0, false, 0, '$2a$08$TZekzxmq.KO2f.juYNUa4eU/ePYPx3r2MWONVjPDKOBJB4qUlhkxW', null, 900000131, false, true, true, '2024-01-01 00:00:00', 'USER', 0, 'sv131_quan', null);
INSERT IGNORE INTO users (id, about, activation_code, active, background_color, birthday, color_scheme, country, country_code, email, full_name, gender, language, like_count, location, media_tweet_count, muted_direct_messages, notifications_count, password, password_reset_code, phone, private_profile, profile_customized, profile_started, registration_date, role, tweet_count, username, website) VALUES (132, 'Sinh vien VKU — Khoa CNTT.', null, true, 'DEFAULT', null, 'BLUE', 'VN', 'VN', 'sv132_son@student.it.edu.vn', 'Hoang Son', null, 'Tieng Viet', 0, 'Campus VKU', 0, false, 0, '$2a$08$TZekzxmq.KO2f.juYNUa4eU/ePYPx3r2MWONVjPDKOBJB4qUlhkxW', null, 900000132, false, true, true, '2024-01-01 00:00:00', 'USER', 0, 'sv132_son', null);
INSERT IGNORE INTO users (id, about, activation_code, active, background_color, birthday, color_scheme, country, country_code, email, full_name, gender, language, like_count, location, media_tweet_count, muted_direct_messages, notifications_count, password, password_reset_code, phone, private_profile, profile_customized, profile_started, registration_date, role, tweet_count, username, website) VALUES (133, 'Sinh vien VKU — Khoa CNTT.', null, true, 'DEFAULT', null, 'BLUE', 'VN', 'VN', 'sv133_thao@student.it.edu.vn', 'Hoang Thao', null, 'Tieng Viet', 0, 'Campus VKU', 0, false, 0, '$2a$08$TZekzxmq.KO2f.juYNUa4eU/ePYPx3r2MWONVjPDKOBJB4qUlhkxW', null, 900000133, false, true, true, '2024-01-01 00:00:00', 'USER', 0, 'sv133_thao', null);
INSERT IGNORE INTO users (id, about, activation_code, active, background_color, birthday, color_scheme, country, country_code, email, full_name, gender, language, like_count, location, media_tweet_count, muted_direct_messages, notifications_count, password, password_reset_code, phone, private_profile, profile_customized, profile_started, registration_date, role, tweet_count, username, website) VALUES (134, 'Sinh vien VKU — Khoa CNTT.', null, true, 'DEFAULT', null, 'BLUE', 'VN', 'VN', 'sv134_trang@student.it.edu.vn', 'Hoang Trang', null, 'Tieng Viet', 0, 'Campus VKU', 0, false, 0, '$2a$08$TZekzxmq.KO2f.juYNUa4eU/ePYPx3r2MWONVjPDKOBJB4qUlhkxW', null, 900000134, false, true, true, '2024-01-01 00:00:00', 'USER', 0, 'sv134_trang', null);
INSERT IGNORE INTO users (id, about, activation_code, active, background_color, birthday, color_scheme, country, country_code, email, full_name, gender, language, like_count, location, media_tweet_count, muted_direct_messages, notifications_count, password, password_reset_code, phone, private_profile, profile_customized, profile_started, registration_date, role, tweet_count, username, website) VALUES (135, 'Sinh vien VKU — Khoa CNTT.', null, true, 'DEFAULT', null, 'BLUE', 'VN', 'VN', 'sv135_tuan@student.it.edu.vn', 'Vo Tuan', null, 'Tieng Viet', 0, 'Campus VKU', 0, false, 0, '$2a$08$TZekzxmq.KO2f.juYNUa4eU/ePYPx3r2MWONVjPDKOBJB4qUlhkxW', null, 900000135, false, true, true, '2024-01-01 00:00:00', 'USER', 0, 'sv135_tuan', null);
INSERT IGNORE INTO users (id, about, activation_code, active, background_color, birthday, color_scheme, country, country_code, email, full_name, gender, language, like_count, location, media_tweet_count, muted_direct_messages, notifications_count, password, password_reset_code, phone, private_profile, profile_customized, profile_started, registration_date, role, tweet_count, username, website) VALUES (136, 'Sinh vien VKU — Khoa CNTT.', null, true, 'DEFAULT', null, 'BLUE', 'VN', 'VN', 'sv136_vy@student.it.edu.vn', 'Vo Vy', null, 'Tieng Viet', 0, 'Campus VKU', 0, false, 0, '$2a$08$TZekzxmq.KO2f.juYNUa4eU/ePYPx3r2MWONVjPDKOBJB4qUlhkxW', null, 900000136, false, true, true, '2024-01-01 00:00:00', 'USER', 0, 'sv136_vy', null);
INSERT IGNORE INTO users (id, about, activation_code, active, background_color, birthday, color_scheme, country, country_code, email, full_name, gender, language, like_count, location, media_tweet_count, muted_direct_messages, notifications_count, password, password_reset_code, phone, private_profile, profile_customized, profile_started, registration_date, role, tweet_count, username, website) VALUES (137, 'Sinh vien VKU — Khoa CNTT.', null, true, 'DEFAULT', null, 'BLUE', 'VN', 'VN', 'sv137_yen@student.it.edu.vn', 'Vo Yen', null, 'Tieng Viet', 0, 'Campus VKU', 0, false, 0, '$2a$08$TZekzxmq.KO2f.juYNUa4eU/ePYPx3r2MWONVjPDKOBJB4qUlhkxW', null, 900000137, false, true, true, '2024-01-01 00:00:00', 'USER', 0, 'sv137_yen', null);
INSERT IGNORE INTO users (id, about, activation_code, active, background_color, birthday, color_scheme, country, country_code, email, full_name, gender, language, like_count, location, media_tweet_count, muted_direct_messages, notifications_count, password, password_reset_code, phone, private_profile, profile_customized, profile_started, registration_date, role, tweet_count, username, website) VALUES (138, 'Sinh vien VKU — Khoa CNTT.', null, true, 'DEFAULT', null, 'BLUE', 'VN', 'VN', 'sv138_khoa@student.it.edu.vn', 'Dang Khoa', null, 'Tieng Viet', 0, 'Campus VKU', 0, false, 0, '$2a$08$TZekzxmq.KO2f.juYNUa4eU/ePYPx3r2MWONVjPDKOBJB4qUlhkxW', null, 900000138, false, true, true, '2024-01-01 00:00:00', 'USER', 0, 'sv138_khoa', null);
INSERT IGNORE INTO users (id, about, activation_code, active, background_color, birthday, color_scheme, country, country_code, email, full_name, gender, language, like_count, location, media_tweet_count, muted_direct_messages, notifications_count, password, password_reset_code, phone, private_profile, profile_customized, profile_started, registration_date, role, tweet_count, username, website) VALUES (139, 'Sinh vien VKU — Khoa CNTT.', null, true, 'DEFAULT', null, 'BLUE', 'VN', 'VN', 'sv139_linh@student.it.edu.vn', 'Dang Linh', null, 'Tieng Viet', 0, 'Campus VKU', 0, false, 0, '$2a$08$TZekzxmq.KO2f.juYNUa4eU/ePYPx3r2MWONVjPDKOBJB4qUlhkxW', null, 900000139, false, true, true, '2024-01-01 00:00:00', 'USER', 0, 'sv139_linh', null);
INSERT IGNORE INTO users (id, about, activation_code, active, background_color, birthday, color_scheme, country, country_code, email, full_name, gender, language, like_count, location, media_tweet_count, muted_direct_messages, notifications_count, password, password_reset_code, phone, private_profile, profile_customized, profile_started, registration_date, role, tweet_count, username, website) VALUES (140, 'Sinh vien VKU — Khoa CNTT.', null, true, 'DEFAULT', null, 'BLUE', 'VN', 'VN', 'sv140_an@student.it.edu.vn', 'Dang An', null, 'Tieng Viet', 0, 'Campus VKU', 0, false, 0, '$2a$08$TZekzxmq.KO2f.juYNUa4eU/ePYPx3r2MWONVjPDKOBJB4qUlhkxW', null, 900000140, false, true, true, '2024-01-01 00:00:00', 'USER', 0, 'sv140_an', null);
INSERT IGNORE INTO users (id, about, activation_code, active, background_color, birthday, color_scheme, country, country_code, email, full_name, gender, language, like_count, location, media_tweet_count, muted_direct_messages, notifications_count, password, password_reset_code, phone, private_profile, profile_customized, profile_started, registration_date, role, tweet_count, username, website) VALUES (141, 'Sinh vien VKU — Khoa CNTT.', null, true, 'DEFAULT', null, 'BLUE', 'VN', 'VN', 'sv141_binh@student.it.edu.vn', 'Bui Binh', null, 'Tieng Viet', 0, 'Campus VKU', 0, false, 0, '$2a$08$TZekzxmq.KO2f.juYNUa4eU/ePYPx3r2MWONVjPDKOBJB4qUlhkxW', null, 900000141, false, true, true, '2024-01-01 00:00:00', 'USER', 0, 'sv141_binh', null);
INSERT IGNORE INTO users (id, about, activation_code, active, background_color, birthday, color_scheme, country, country_code, email, full_name, gender, language, like_count, location, media_tweet_count, muted_direct_messages, notifications_count, password, password_reset_code, phone, private_profile, profile_customized, profile_started, registration_date, role, tweet_count, username, website) VALUES (142, 'Sinh vien VKU — Khoa CNTT.', null, true, 'DEFAULT', null, 'BLUE', 'VN', 'VN', 'sv142_chi@student.it.edu.vn', 'Bui Chi', null, 'Tieng Viet', 0, 'Campus VKU', 0, false, 0, '$2a$08$TZekzxmq.KO2f.juYNUa4eU/ePYPx3r2MWONVjPDKOBJB4qUlhkxW', null, 900000142, false, true, true, '2024-01-01 00:00:00', 'USER', 0, 'sv142_chi', null);
INSERT IGNORE INTO users (id, about, activation_code, active, background_color, birthday, color_scheme, country, country_code, email, full_name, gender, language, like_count, location, media_tweet_count, muted_direct_messages, notifications_count, password, password_reset_code, phone, private_profile, profile_customized, profile_started, registration_date, role, tweet_count, username, website) VALUES (143, 'Sinh vien VKU — Khoa CNTT.', null, true, 'DEFAULT', null, 'BLUE', 'VN', 'VN', 'sv143_dung@student.it.edu.vn', 'Bui Dung', null, 'Tieng Viet', 0, 'Campus VKU', 0, false, 0, '$2a$08$TZekzxmq.KO2f.juYNUa4eU/ePYPx3r2MWONVjPDKOBJB4qUlhkxW', null, 900000143, false, true, true, '2024-01-01 00:00:00', 'USER', 0, 'sv143_dung', null);
INSERT IGNORE INTO users (id, about, activation_code, active, background_color, birthday, color_scheme, country, country_code, email, full_name, gender, language, like_count, location, media_tweet_count, muted_direct_messages, notifications_count, password, password_reset_code, phone, private_profile, profile_customized, profile_started, registration_date, role, tweet_count, username, website) VALUES (144, 'Sinh vien VKU — Khoa CNTT.', null, true, 'DEFAULT', null, 'BLUE', 'VN', 'VN', 'sv144_ha@student.it.edu.vn', 'Do Ha', null, 'Tieng Viet', 0, 'Campus VKU', 0, false, 0, '$2a$08$TZekzxmq.KO2f.juYNUa4eU/ePYPx3r2MWONVjPDKOBJB4qUlhkxW', null, 900000144, false, true, true, '2024-01-01 00:00:00', 'USER', 0, 'sv144_ha', null);
INSERT IGNORE INTO users (id, about, activation_code, active, background_color, birthday, color_scheme, country, country_code, email, full_name, gender, language, like_count, location, media_tweet_count, muted_direct_messages, notifications_count, password, password_reset_code, phone, private_profile, profile_customized, profile_started, registration_date, role, tweet_count, username, website) VALUES (145, 'Sinh vien VKU — Khoa CNTT.', null, true, 'DEFAULT', null, 'BLUE', 'VN', 'VN', 'sv145_huy@student.it.edu.vn', 'Do Huy', null, 'Tieng Viet', 0, 'Campus VKU', 0, false, 0, '$2a$08$TZekzxmq.KO2f.juYNUa4eU/ePYPx3r2MWONVjPDKOBJB4qUlhkxW', null, 900000145, false, true, true, '2024-01-01 00:00:00', 'USER', 0, 'sv145_huy', null);
INSERT IGNORE INTO users (id, about, activation_code, active, background_color, birthday, color_scheme, country, country_code, email, full_name, gender, language, like_count, location, media_tweet_count, muted_direct_messages, notifications_count, password, password_reset_code, phone, private_profile, profile_customized, profile_started, registration_date, role, tweet_count, username, website) VALUES (146, 'Sinh vien VKU — Khoa CNTT.', null, true, 'DEFAULT', null, 'BLUE', 'VN', 'VN', 'sv146_khanh@student.it.edu.vn', 'Do Khanh', null, 'Tieng Viet', 0, 'Campus VKU', 0, false, 0, '$2a$08$TZekzxmq.KO2f.juYNUa4eU/ePYPx3r2MWONVjPDKOBJB4qUlhkxW', null, 900000146, false, true, true, '2024-01-01 00:00:00', 'USER', 0, 'sv146_khanh', null);
INSERT IGNORE INTO users (id, about, activation_code, active, background_color, birthday, color_scheme, country, country_code, email, full_name, gender, language, like_count, location, media_tweet_count, muted_direct_messages, notifications_count, password, password_reset_code, phone, private_profile, profile_customized, profile_started, registration_date, role, tweet_count, username, website) VALUES (147, 'Sinh vien VKU — Khoa CNTT.', null, true, 'DEFAULT', null, 'BLUE', 'VN', 'VN', 'sv147_lan@student.it.edu.vn', 'Vu Lan', null, 'Tieng Viet', 0, 'Campus VKU', 0, false, 0, '$2a$08$TZekzxmq.KO2f.juYNUa4eU/ePYPx3r2MWONVjPDKOBJB4qUlhkxW', null, 900000147, false, true, true, '2024-01-01 00:00:00', 'USER', 0, 'sv147_lan', null);
INSERT IGNORE INTO users (id, about, activation_code, active, background_color, birthday, color_scheme, country, country_code, email, full_name, gender, language, like_count, location, media_tweet_count, muted_direct_messages, notifications_count, password, password_reset_code, phone, private_profile, profile_customized, profile_started, registration_date, role, tweet_count, username, website) VALUES (148, 'Sinh vien VKU — Khoa CNTT.', null, true, 'DEFAULT', null, 'BLUE', 'VN', 'VN', 'sv148_minh@student.it.edu.vn', 'Vu Minh', null, 'Tieng Viet', 0, 'Campus VKU', 0, false, 0, '$2a$08$TZekzxmq.KO2f.juYNUa4eU/ePYPx3r2MWONVjPDKOBJB4qUlhkxW', null, 900000148, false, true, true, '2024-01-01 00:00:00', 'USER', 0, 'sv148_minh', null);
INSERT IGNORE INTO users (id, about, activation_code, active, background_color, birthday, color_scheme, country, country_code, email, full_name, gender, language, like_count, location, media_tweet_count, muted_direct_messages, notifications_count, password, password_reset_code, phone, private_profile, profile_customized, profile_started, registration_date, role, tweet_count, username, website) VALUES (149, 'Sinh vien VKU — Khoa CNTT.', null, true, 'DEFAULT', null, 'BLUE', 'VN', 'VN', 'sv149_nam@student.it.edu.vn', 'Vu Nam', null, 'Tieng Viet', 0, 'Campus VKU', 0, false, 0, '$2a$08$TZekzxmq.KO2f.juYNUa4eU/ePYPx3r2MWONVjPDKOBJB4qUlhkxW', null, 900000149, false, true, true, '2024-01-01 00:00:00', 'USER', 0, 'sv149_nam', null);
INSERT IGNORE INTO users (id, about, activation_code, active, background_color, birthday, color_scheme, country, country_code, email, full_name, gender, language, like_count, location, media_tweet_count, muted_direct_messages, notifications_count, password, password_reset_code, phone, private_profile, profile_customized, profile_started, registration_date, role, tweet_count, username, website) VALUES (150, 'Sinh vien VKU — Khoa CNTT.', null, true, 'DEFAULT', null, 'BLUE', 'VN', 'VN', 'sv150_phuc@student.it.edu.vn', 'Nguyen Phuc', null, 'Tieng Viet', 0, 'Campus VKU', 0, false, 0, '$2a$08$TZekzxmq.KO2f.juYNUa4eU/ePYPx3r2MWONVjPDKOBJB4qUlhkxW', null, 900000150, false, true, true, '2024-01-01 00:00:00', 'USER', 0, 'sv150_phuc', null);
INSERT IGNORE INTO users (id, about, activation_code, active, background_color, birthday, color_scheme, country, country_code, email, full_name, gender, language, like_count, location, media_tweet_count, muted_direct_messages, notifications_count, password, password_reset_code, phone, private_profile, profile_customized, profile_started, registration_date, role, tweet_count, username, website) VALUES (151, 'Sinh vien VKU — Khoa CNTT.', null, true, 'DEFAULT', null, 'BLUE', 'VN', 'VN', 'sv151_quan@student.it.edu.vn', 'Nguyen Quan', null, 'Tieng Viet', 0, 'Campus VKU', 0, false, 0, '$2a$08$TZekzxmq.KO2f.juYNUa4eU/ePYPx3r2MWONVjPDKOBJB4qUlhkxW', null, 900000151, false, true, true, '2024-01-01 00:00:00', 'USER', 0, 'sv151_quan', null);
INSERT IGNORE INTO users (id, about, activation_code, active, background_color, birthday, color_scheme, country, country_code, email, full_name, gender, language, like_count, location, media_tweet_count, muted_direct_messages, notifications_count, password, password_reset_code, phone, private_profile, profile_customized, profile_started, registration_date, role, tweet_count, username, website) VALUES (152, 'Sinh vien VKU — Khoa CNTT.', null, true, 'DEFAULT', null, 'BLUE', 'VN', 'VN', 'sv152_son@student.it.edu.vn', 'Nguyen Son', null, 'Tieng Viet', 0, 'Campus VKU', 0, false, 0, '$2a$08$TZekzxmq.KO2f.juYNUa4eU/ePYPx3r2MWONVjPDKOBJB4qUlhkxW', null, 900000152, false, true, true, '2024-01-01 00:00:00', 'USER', 0, 'sv152_son', null);
INSERT IGNORE INTO users (id, about, activation_code, active, background_color, birthday, color_scheme, country, country_code, email, full_name, gender, language, like_count, location, media_tweet_count, muted_direct_messages, notifications_count, password, password_reset_code, phone, private_profile, profile_customized, profile_started, registration_date, role, tweet_count, username, website) VALUES (153, 'Sinh vien VKU — Khoa CNTT.', null, true, 'DEFAULT', null, 'BLUE', 'VN', 'VN', 'sv153_thao@student.it.edu.vn', 'Tran Thao', null, 'Tieng Viet', 0, 'Campus VKU', 0, false, 0, '$2a$08$TZekzxmq.KO2f.juYNUa4eU/ePYPx3r2MWONVjPDKOBJB4qUlhkxW', null, 900000153, false, true, true, '2024-01-01 00:00:00', 'USER', 0, 'sv153_thao', null);
INSERT IGNORE INTO users (id, about, activation_code, active, background_color, birthday, color_scheme, country, country_code, email, full_name, gender, language, like_count, location, media_tweet_count, muted_direct_messages, notifications_count, password, password_reset_code, phone, private_profile, profile_customized, profile_started, registration_date, role, tweet_count, username, website) VALUES (154, 'Sinh vien VKU — Khoa CNTT.', null, true, 'DEFAULT', null, 'BLUE', 'VN', 'VN', 'sv154_trang@student.it.edu.vn', 'Tran Trang', null, 'Tieng Viet', 0, 'Campus VKU', 0, false, 0, '$2a$08$TZekzxmq.KO2f.juYNUa4eU/ePYPx3r2MWONVjPDKOBJB4qUlhkxW', null, 900000154, false, true, true, '2024-01-01 00:00:00', 'USER', 0, 'sv154_trang', null);
INSERT IGNORE INTO users (id, about, activation_code, active, background_color, birthday, color_scheme, country, country_code, email, full_name, gender, language, like_count, location, media_tweet_count, muted_direct_messages, notifications_count, password, password_reset_code, phone, private_profile, profile_customized, profile_started, registration_date, role, tweet_count, username, website) VALUES (155, 'Sinh vien VKU — Khoa CNTT.', null, true, 'DEFAULT', null, 'BLUE', 'VN', 'VN', 'sv155_tuan@student.it.edu.vn', 'Tran Tuan', null, 'Tieng Viet', 0, 'Campus VKU', 0, false, 0, '$2a$08$TZekzxmq.KO2f.juYNUa4eU/ePYPx3r2MWONVjPDKOBJB4qUlhkxW', null, 900000155, false, true, true, '2024-01-01 00:00:00', 'USER', 0, 'sv155_tuan', null);
INSERT IGNORE INTO users (id, about, activation_code, active, background_color, birthday, color_scheme, country, country_code, email, full_name, gender, language, like_count, location, media_tweet_count, muted_direct_messages, notifications_count, password, password_reset_code, phone, private_profile, profile_customized, profile_started, registration_date, role, tweet_count, username, website) VALUES (156, 'Sinh vien VKU — Khoa CNTT.', null, true, 'DEFAULT', null, 'BLUE', 'VN', 'VN', 'sv156_vy@student.it.edu.vn', 'Le Vy', null, 'Tieng Viet', 0, 'Campus VKU', 0, false, 0, '$2a$08$TZekzxmq.KO2f.juYNUa4eU/ePYPx3r2MWONVjPDKOBJB4qUlhkxW', null, 900000156, false, true, true, '2024-01-01 00:00:00', 'USER', 0, 'sv156_vy', null);
INSERT IGNORE INTO users (id, about, activation_code, active, background_color, birthday, color_scheme, country, country_code, email, full_name, gender, language, like_count, location, media_tweet_count, muted_direct_messages, notifications_count, password, password_reset_code, phone, private_profile, profile_customized, profile_started, registration_date, role, tweet_count, username, website) VALUES (157, 'Sinh vien VKU — Khoa CNTT.', null, true, 'DEFAULT', null, 'BLUE', 'VN', 'VN', 'sv157_yen@student.it.edu.vn', 'Le Yen', null, 'Tieng Viet', 0, 'Campus VKU', 0, false, 0, '$2a$08$TZekzxmq.KO2f.juYNUa4eU/ePYPx3r2MWONVjPDKOBJB4qUlhkxW', null, 900000157, false, true, true, '2024-01-01 00:00:00', 'USER', 0, 'sv157_yen', null);
INSERT IGNORE INTO users (id, about, activation_code, active, background_color, birthday, color_scheme, country, country_code, email, full_name, gender, language, like_count, location, media_tweet_count, muted_direct_messages, notifications_count, password, password_reset_code, phone, private_profile, profile_customized, profile_started, registration_date, role, tweet_count, username, website) VALUES (158, 'Sinh vien VKU — Khoa CNTT.', null, true, 'DEFAULT', null, 'BLUE', 'VN', 'VN', 'sv158_khoa@student.it.edu.vn', 'Le Khoa', null, 'Tieng Viet', 0, 'Campus VKU', 0, false, 0, '$2a$08$TZekzxmq.KO2f.juYNUa4eU/ePYPx3r2MWONVjPDKOBJB4qUlhkxW', null, 900000158, false, true, true, '2024-01-01 00:00:00', 'USER', 0, 'sv158_khoa', null);
INSERT IGNORE INTO users (id, about, activation_code, active, background_color, birthday, color_scheme, country, country_code, email, full_name, gender, language, like_count, location, media_tweet_count, muted_direct_messages, notifications_count, password, password_reset_code, phone, private_profile, profile_customized, profile_started, registration_date, role, tweet_count, username, website) VALUES (159, 'Sinh vien VKU — Khoa CNTT.', null, true, 'DEFAULT', null, 'BLUE', 'VN', 'VN', 'sv159_linh@student.it.edu.vn', 'Pham Linh', null, 'Tieng Viet', 0, 'Campus VKU', 0, false, 0, '$2a$08$TZekzxmq.KO2f.juYNUa4eU/ePYPx3r2MWONVjPDKOBJB4qUlhkxW', null, 900000159, false, true, true, '2024-01-01 00:00:00', 'USER', 0, 'sv159_linh', null);
INSERT IGNORE INTO users (id, about, activation_code, active, background_color, birthday, color_scheme, country, country_code, email, full_name, gender, language, like_count, location, media_tweet_count, muted_direct_messages, notifications_count, password, password_reset_code, phone, private_profile, profile_customized, profile_started, registration_date, role, tweet_count, username, website) VALUES (160, 'Sinh vien VKU — Khoa CNTT.', null, true, 'DEFAULT', null, 'BLUE', 'VN', 'VN', 'sv160_an@student.it.edu.vn', 'Pham An', null, 'Tieng Viet', 0, 'Campus VKU', 0, false, 0, '$2a$08$TZekzxmq.KO2f.juYNUa4eU/ePYPx3r2MWONVjPDKOBJB4qUlhkxW', null, 900000160, false, true, true, '2024-01-01 00:00:00', 'USER', 0, 'sv160_an', null);
INSERT IGNORE INTO users (id, about, activation_code, active, background_color, birthday, color_scheme, country, country_code, email, full_name, gender, language, like_count, location, media_tweet_count, muted_direct_messages, notifications_count, password, password_reset_code, phone, private_profile, profile_customized, profile_started, registration_date, role, tweet_count, username, website) VALUES (161, 'Sinh vien VKU — Khoa CNTT.', null, true, 'DEFAULT', null, 'BLUE', 'VN', 'VN', 'sv161_binh@student.it.edu.vn', 'Pham Binh', null, 'Tieng Viet', 0, 'Campus VKU', 0, false, 0, '$2a$08$TZekzxmq.KO2f.juYNUa4eU/ePYPx3r2MWONVjPDKOBJB4qUlhkxW', null, 900000161, false, true, true, '2024-01-01 00:00:00', 'USER', 0, 'sv161_binh', null);
INSERT IGNORE INTO users (id, about, activation_code, active, background_color, birthday, color_scheme, country, country_code, email, full_name, gender, language, like_count, location, media_tweet_count, muted_direct_messages, notifications_count, password, password_reset_code, phone, private_profile, profile_customized, profile_started, registration_date, role, tweet_count, username, website) VALUES (170, 'Giang vien CNTT VKU.', null, true, 'DEFAULT', null, 'BLUE', 'VN', 'VN', 'gv_stub_170@it.edu.vn', 'GV VKU 170', null, 'Tieng Viet', 0, 'Campus VKU', 0, false, 0, '$2a$08$TZekzxmq.KO2f.juYNUa4eU/ePYPx3r2MWONVjPDKOBJB4qUlhkxW', null, 900000170, false, true, true, '2024-01-01 00:00:00', 'USER', 0, 'gv_stub_170', null);
INSERT IGNORE INTO users (id, about, activation_code, active, background_color, birthday, color_scheme, country, country_code, email, full_name, gender, language, like_count, location, media_tweet_count, muted_direct_messages, notifications_count, password, password_reset_code, phone, private_profile, profile_customized, profile_started, registration_date, role, tweet_count, username, website) VALUES (171, 'Giang vien CNTT VKU.', null, true, 'DEFAULT', null, 'BLUE', 'VN', 'VN', 'gv_stub_171@it.edu.vn', 'GV VKU 171', null, 'Tieng Viet', 0, 'Campus VKU', 0, false, 0, '$2a$08$TZekzxmq.KO2f.juYNUa4eU/ePYPx3r2MWONVjPDKOBJB4qUlhkxW', null, 900000171, false, true, true, '2024-01-01 00:00:00', 'USER', 0, 'gv_stub_171', null);
INSERT IGNORE INTO users (id, about, activation_code, active, background_color, birthday, color_scheme, country, country_code, email, full_name, gender, language, like_count, location, media_tweet_count, muted_direct_messages, notifications_count, password, password_reset_code, phone, private_profile, profile_customized, profile_started, registration_date, role, tweet_count, username, website) VALUES (172, 'Giang vien CNTT VKU.', null, true, 'DEFAULT', null, 'BLUE', 'VN', 'VN', 'gv_stub_172@it.edu.vn', 'GV VKU 172', null, 'Tieng Viet', 0, 'Campus VKU', 0, false, 0, '$2a$08$TZekzxmq.KO2f.juYNUa4eU/ePYPx3r2MWONVjPDKOBJB4qUlhkxW', null, 900000172, false, true, true, '2024-01-01 00:00:00', 'USER', 0, 'gv_stub_172', null);
INSERT IGNORE INTO users (id, about, activation_code, active, background_color, birthday, color_scheme, country, country_code, email, full_name, gender, language, like_count, location, media_tweet_count, muted_direct_messages, notifications_count, password, password_reset_code, phone, private_profile, profile_customized, profile_started, registration_date, role, tweet_count, username, website) VALUES (173, 'Giang vien CNTT VKU.', null, true, 'DEFAULT', null, 'BLUE', 'VN', 'VN', 'gv_stub_173@it.edu.vn', 'GV VKU 173', null, 'Tieng Viet', 0, 'Campus VKU', 0, false, 0, '$2a$08$TZekzxmq.KO2f.juYNUa4eU/ePYPx3r2MWONVjPDKOBJB4qUlhkxW', null, 900000173, false, true, true, '2024-01-01 00:00:00', 'USER', 0, 'gv_stub_173', null);
INSERT IGNORE INTO users (id, about, activation_code, active, background_color, birthday, color_scheme, country, country_code, email, full_name, gender, language, like_count, location, media_tweet_count, muted_direct_messages, notifications_count, password, password_reset_code, phone, private_profile, profile_customized, profile_started, registration_date, role, tweet_count, username, website) VALUES (174, 'Giang vien CNTT VKU.', null, true, 'DEFAULT', null, 'BLUE', 'VN', 'VN', 'gv_stub_174@it.edu.vn', 'GV VKU 174', null, 'Tieng Viet', 0, 'Campus VKU', 0, false, 0, '$2a$08$TZekzxmq.KO2f.juYNUa4eU/ePYPx3r2MWONVjPDKOBJB4qUlhkxW', null, 900000174, false, true, true, '2024-01-01 00:00:00', 'USER', 0, 'gv_stub_174', null);
INSERT IGNORE INTO users (id, about, activation_code, active, background_color, birthday, color_scheme, country, country_code, email, full_name, gender, language, like_count, location, media_tweet_count, muted_direct_messages, notifications_count, password, password_reset_code, phone, private_profile, profile_customized, profile_started, registration_date, role, tweet_count, username, website) VALUES (175, 'Giang vien CNTT VKU.', null, true, 'DEFAULT', null, 'BLUE', 'VN', 'VN', 'gv_stub_175@it.edu.vn', 'GV VKU 175', null, 'Tieng Viet', 0, 'Campus VKU', 0, false, 0, '$2a$08$TZekzxmq.KO2f.juYNUa4eU/ePYPx3r2MWONVjPDKOBJB4qUlhkxW', null, 900000175, false, true, true, '2024-01-01 00:00:00', 'USER', 0, 'gv_stub_175', null);
INSERT IGNORE INTO users (id, about, activation_code, active, background_color, birthday, color_scheme, country, country_code, email, full_name, gender, language, like_count, location, media_tweet_count, muted_direct_messages, notifications_count, password, password_reset_code, phone, private_profile, profile_customized, profile_started, registration_date, role, tweet_count, username, website) VALUES (176, 'Giang vien CNTT VKU.', null, true, 'DEFAULT', null, 'BLUE', 'VN', 'VN', 'gv_stub_176@it.edu.vn', 'GV VKU 176', null, 'Tieng Viet', 0, 'Campus VKU', 0, false, 0, '$2a$08$TZekzxmq.KO2f.juYNUa4eU/ePYPx3r2MWONVjPDKOBJB4qUlhkxW', null, 900000176, false, true, true, '2024-01-01 00:00:00', 'USER', 0, 'gv_stub_176', null);
INSERT IGNORE INTO users (id, about, activation_code, active, background_color, birthday, color_scheme, country, country_code, email, full_name, gender, language, like_count, location, media_tweet_count, muted_direct_messages, notifications_count, password, password_reset_code, phone, private_profile, profile_customized, profile_started, registration_date, role, tweet_count, username, website) VALUES (177, 'Giang vien CNTT VKU.', null, true, 'DEFAULT', null, 'BLUE', 'VN', 'VN', 'gv_stub_177@it.edu.vn', 'GV VKU 177', null, 'Tieng Viet', 0, 'Campus VKU', 0, false, 0, '$2a$08$TZekzxmq.KO2f.juYNUa4eU/ePYPx3r2MWONVjPDKOBJB4qUlhkxW', null, 900000177, false, true, true, '2024-01-01 00:00:00', 'USER', 0, 'gv_stub_177', null);

-- images (avatar user moi)
INSERT IGNORE INTO images (id, src) VALUES (300, 'https://i.pravatar.cc/150?u=vku178');
INSERT IGNORE INTO images (id, src) VALUES (301, 'https://i.pravatar.cc/150?u=vku179');
INSERT IGNORE INTO images (id, src) VALUES (302, 'https://i.pravatar.cc/150?u=vku180');
INSERT IGNORE INTO images (id, src) VALUES (303, 'https://i.pravatar.cc/150?u=vku181');
INSERT IGNORE INTO images (id, src) VALUES (304, 'https://i.pravatar.cc/150?u=vku182');
INSERT IGNORE INTO images (id, src) VALUES (305, 'https://i.pravatar.cc/150?u=vku183');
INSERT IGNORE INTO images (id, src) VALUES (306, 'https://i.pravatar.cc/150?u=vku184');
INSERT IGNORE INTO images (id, src) VALUES (307, 'https://i.pravatar.cc/150?u=vku185');
INSERT IGNORE INTO images (id, src) VALUES (308, 'https://i.pravatar.cc/150?u=vku186');
INSERT IGNORE INTO images (id, src) VALUES (309, 'https://i.pravatar.cc/150?u=vku187');
INSERT IGNORE INTO images (id, src) VALUES (310, 'https://i.pravatar.cc/150?u=vku188');
INSERT IGNORE INTO images (id, src) VALUES (311, 'https://i.pravatar.cc/150?u=vku189');
INSERT IGNORE INTO images (id, src) VALUES (312, 'https://i.pravatar.cc/150?u=vku190');
INSERT IGNORE INTO images (id, src) VALUES (313, 'https://i.pravatar.cc/150?u=vku191');
INSERT IGNORE INTO images (id, src) VALUES (314, 'https://i.pravatar.cc/150?u=vku192');
INSERT IGNORE INTO images (id, src) VALUES (315, 'https://i.pravatar.cc/150?u=vku193');
INSERT IGNORE INTO images (id, src) VALUES (316, 'https://i.pravatar.cc/150?u=vku194');
INSERT IGNORE INTO images (id, src) VALUES (317, 'https://i.pravatar.cc/150?u=vku195');
INSERT IGNORE INTO images (id, src) VALUES (318, 'https://i.pravatar.cc/150?u=vku196');
INSERT IGNORE INTO images (id, src) VALUES (319, 'https://i.pravatar.cc/150?u=vku197');
INSERT IGNORE INTO images (id, src) VALUES (320, 'https://i.pravatar.cc/150?u=vku198');
INSERT IGNORE INTO images (id, src) VALUES (321, 'https://i.pravatar.cc/150?u=vku199');
INSERT IGNORE INTO images (id, src) VALUES (322, 'https://i.pravatar.cc/150?u=vku200');
INSERT IGNORE INTO images (id, src) VALUES (323, 'https://i.pravatar.cc/150?u=vku201');
INSERT IGNORE INTO images (id, src) VALUES (324, 'https://i.pravatar.cc/150?u=vku202');
INSERT IGNORE INTO images (id, src) VALUES (325, 'https://i.pravatar.cc/150?u=vku203');
INSERT IGNORE INTO images (id, src) VALUES (326, 'https://i.pravatar.cc/150?u=vku204');
INSERT IGNORE INTO images (id, src) VALUES (327, 'https://i.pravatar.cc/150?u=vku205');
INSERT IGNORE INTO images (id, src) VALUES (328, 'https://i.pravatar.cc/150?u=vku206');
INSERT IGNORE INTO images (id, src) VALUES (329, 'https://i.pravatar.cc/150?u=vku207');
INSERT IGNORE INTO images (id, src) VALUES (330, 'https://i.pravatar.cc/150?u=vku208');
INSERT IGNORE INTO images (id, src) VALUES (331, 'https://i.pravatar.cc/150?u=vku209');
INSERT IGNORE INTO images (id, src) VALUES (332, 'https://i.pravatar.cc/150?u=vku210');
INSERT IGNORE INTO images (id, src) VALUES (333, 'https://i.pravatar.cc/150?u=vku211');
INSERT IGNORE INTO images (id, src) VALUES (334, 'https://i.pravatar.cc/150?u=vku212');
INSERT IGNORE INTO images (id, src) VALUES (335, 'https://i.pravatar.cc/150?u=vku213');
INSERT IGNORE INTO images (id, src) VALUES (336, 'https://i.pravatar.cc/150?u=vku214');
INSERT IGNORE INTO images (id, src) VALUES (337, 'https://i.pravatar.cc/150?u=vku215');
INSERT IGNORE INTO images (id, src) VALUES (338, 'https://i.pravatar.cc/150?u=vku216');
INSERT IGNORE INTO images (id, src) VALUES (339, 'https://i.pravatar.cc/150?u=vku217');
INSERT IGNORE INTO images (id, src) VALUES (340, 'https://i.pravatar.cc/150?u=vku218');
INSERT IGNORE INTO images (id, src) VALUES (341, 'https://i.pravatar.cc/150?u=vku219');
INSERT IGNORE INTO images (id, src) VALUES (342, 'https://i.pravatar.cc/150?u=vku220');
INSERT IGNORE INTO images (id, src) VALUES (343, 'https://i.pravatar.cc/150?u=vku221');
INSERT IGNORE INTO images (id, src) VALUES (344, 'https://i.pravatar.cc/150?u=vku222');
INSERT IGNORE INTO images (id, src) VALUES (345, 'https://i.pravatar.cc/150?u=vku223');
INSERT IGNORE INTO images (id, src) VALUES (346, 'https://i.pravatar.cc/150?u=vku224');
INSERT IGNORE INTO images (id, src) VALUES (347, 'https://i.pravatar.cc/150?u=vku225');
INSERT IGNORE INTO images (id, src) VALUES (348, 'https://i.pravatar.cc/150?u=vku226');
INSERT IGNORE INTO images (id, src) VALUES (349, 'https://i.pravatar.cc/150?u=vku227');
INSERT IGNORE INTO images (id, src) VALUES (350, 'https://i.pravatar.cc/150?u=vku228');
INSERT IGNORE INTO images (id, src) VALUES (351, 'https://i.pravatar.cc/150?u=vku229');
INSERT IGNORE INTO images (id, src) VALUES (352, 'https://i.pravatar.cc/150?u=vku230');
INSERT IGNORE INTO images (id, src) VALUES (353, 'https://i.pravatar.cc/150?u=vku231');
INSERT IGNORE INTO images (id, src) VALUES (354, 'https://i.pravatar.cc/150?u=vku232');
INSERT IGNORE INTO images (id, src) VALUES (355, 'https://i.pravatar.cc/150?u=vku233');
INSERT IGNORE INTO images (id, src) VALUES (356, 'https://i.pravatar.cc/150?u=vku234');
INSERT IGNORE INTO images (id, src) VALUES (357, 'https://i.pravatar.cc/150?u=vku235');
INSERT IGNORE INTO images (id, src) VALUES (358, 'https://i.pravatar.cc/150?u=vku236');
INSERT IGNORE INTO images (id, src) VALUES (359, 'https://i.pravatar.cc/150?u=vku237');
INSERT IGNORE INTO images (id, src) VALUES (360, 'https://i.pravatar.cc/150?u=vku238');
INSERT IGNORE INTO images (id, src) VALUES (361, 'https://i.pravatar.cc/150?u=vku239');
INSERT IGNORE INTO images (id, src) VALUES (362, 'https://i.pravatar.cc/150?u=vku240');
INSERT IGNORE INTO images (id, src) VALUES (363, 'https://i.pravatar.cc/150?u=vku241');
INSERT IGNORE INTO images (id, src) VALUES (364, 'https://i.pravatar.cc/150?u=vku242');
INSERT IGNORE INTO images (id, src) VALUES (365, 'https://i.pravatar.cc/150?u=vku243');
INSERT IGNORE INTO images (id, src) VALUES (366, 'https://i.pravatar.cc/150?u=vku244');
INSERT IGNORE INTO images (id, src) VALUES (367, 'https://i.pravatar.cc/150?u=vku245');
INSERT IGNORE INTO images (id, src) VALUES (368, 'https://i.pravatar.cc/150?u=vku246');
INSERT IGNORE INTO images (id, src) VALUES (369, 'https://i.pravatar.cc/150?u=vku247');
INSERT IGNORE INTO images (id, src) VALUES (370, 'https://i.pravatar.cc/150?u=vku248');
INSERT IGNORE INTO images (id, src) VALUES (371, 'https://i.pravatar.cc/150?u=vku249');
INSERT IGNORE INTO images (id, src) VALUES (372, 'https://i.pravatar.cc/150?u=vku250');
INSERT IGNORE INTO images (id, src) VALUES (373, 'https://i.pravatar.cc/150?u=vku251');
INSERT IGNORE INTO images (id, src) VALUES (374, 'https://i.pravatar.cc/150?u=vku252');
INSERT IGNORE INTO images (id, src) VALUES (375, 'https://i.pravatar.cc/150?u=vku253');
INSERT IGNORE INTO images (id, src) VALUES (376, 'https://i.pravatar.cc/150?u=vku254');
INSERT IGNORE INTO images (id, src) VALUES (377, 'https://i.pravatar.cc/150?u=vku255');
INSERT IGNORE INTO images (id, src) VALUES (378, 'https://i.pravatar.cc/150?u=vku256');
INSERT IGNORE INTO images (id, src) VALUES (379, 'https://i.pravatar.cc/150?u=vku257');
INSERT IGNORE INTO images (id, src) VALUES (380, 'https://i.pravatar.cc/150?u=vku258');
INSERT IGNORE INTO images (id, src) VALUES (381, 'https://i.pravatar.cc/150?u=vku259');
INSERT IGNORE INTO images (id, src) VALUES (382, 'https://i.pravatar.cc/150?u=vku260');
INSERT IGNORE INTO images (id, src) VALUES (383, 'https://i.pravatar.cc/150?u=vku261');
INSERT IGNORE INTO images (id, src) VALUES (384, 'https://i.pravatar.cc/150?u=vku262');
INSERT IGNORE INTO images (id, src) VALUES (385, 'https://i.pravatar.cc/150?u=vku263');
INSERT IGNORE INTO images (id, src) VALUES (386, 'https://i.pravatar.cc/150?u=vku264');
INSERT IGNORE INTO images (id, src) VALUES (387, 'https://i.pravatar.cc/150?u=vku265');
INSERT IGNORE INTO images (id, src) VALUES (388, 'https://i.pravatar.cc/150?u=vku266');
INSERT IGNORE INTO images (id, src) VALUES (389, 'https://i.pravatar.cc/150?u=vku267');
INSERT IGNORE INTO images (id, src) VALUES (390, 'https://i.pravatar.cc/150?u=vku268');
INSERT IGNORE INTO images (id, src) VALUES (391, 'https://i.pravatar.cc/150?u=vku269');
INSERT IGNORE INTO images (id, src) VALUES (392, 'https://i.pravatar.cc/150?u=vku270');
INSERT IGNORE INTO images (id, src) VALUES (393, 'https://i.pravatar.cc/150?u=vku271');
INSERT IGNORE INTO images (id, src) VALUES (394, 'https://i.pravatar.cc/150?u=vku272');
INSERT IGNORE INTO images (id, src) VALUES (395, 'https://i.pravatar.cc/150?u=vku273');
INSERT IGNORE INTO images (id, src) VALUES (396, 'https://i.pravatar.cc/150?u=vku274');
INSERT IGNORE INTO images (id, src) VALUES (397, 'https://i.pravatar.cc/150?u=vku275');
INSERT IGNORE INTO images (id, src) VALUES (398, 'https://i.pravatar.cc/150?u=vku276');
INSERT IGNORE INTO images (id, src) VALUES (399, 'https://i.pravatar.cc/150?u=vku277');
INSERT IGNORE INTO images (id, src) VALUES (400, 'https://i.pravatar.cc/150?u=vku278');
INSERT IGNORE INTO images (id, src) VALUES (401, 'https://i.pravatar.cc/150?u=vku279');
INSERT IGNORE INTO images (id, src) VALUES (402, 'https://i.pravatar.cc/150?u=vku280');
INSERT IGNORE INTO images (id, src) VALUES (403, 'https://i.pravatar.cc/150?u=vku281');
INSERT IGNORE INTO images (id, src) VALUES (404, 'https://i.pravatar.cc/150?u=vku282');
INSERT IGNORE INTO images (id, src) VALUES (405, 'https://i.pravatar.cc/150?u=vku283');
INSERT IGNORE INTO images (id, src) VALUES (406, 'https://i.pravatar.cc/150?u=vku284');
INSERT IGNORE INTO images (id, src) VALUES (407, 'https://i.pravatar.cc/150?u=vku285');
INSERT IGNORE INTO images (id, src) VALUES (408, 'https://i.pravatar.cc/150?u=vku286');
INSERT IGNORE INTO images (id, src) VALUES (409, 'https://i.pravatar.cc/150?u=vku287');
INSERT IGNORE INTO images (id, src) VALUES (410, 'https://i.pravatar.cc/150?u=vku288');
INSERT IGNORE INTO images (id, src) VALUES (411, 'https://i.pravatar.cc/150?u=vku289');
INSERT IGNORE INTO images (id, src) VALUES (412, 'https://i.pravatar.cc/150?u=vku290');
INSERT IGNORE INTO images (id, src) VALUES (413, 'https://i.pravatar.cc/150?u=vku291');
INSERT IGNORE INTO images (id, src) VALUES (414, 'https://i.pravatar.cc/150?u=vku292');
INSERT IGNORE INTO images (id, src) VALUES (415, 'https://i.pravatar.cc/150?u=vku293');
INSERT IGNORE INTO images (id, src) VALUES (416, 'https://i.pravatar.cc/150?u=vku294');
INSERT IGNORE INTO images (id, src) VALUES (417, 'https://i.pravatar.cc/150?u=vku295');
INSERT IGNORE INTO images (id, src) VALUES (418, 'https://i.pravatar.cc/150?u=vku296');
INSERT IGNORE INTO images (id, src) VALUES (419, 'https://i.pravatar.cc/150?u=vku297');
INSERT IGNORE INTO images (id, src) VALUES (420, 'https://i.pravatar.cc/150?u=vku298');
INSERT IGNORE INTO images (id, src) VALUES (421, 'https://i.pravatar.cc/150?u=vku299');
INSERT IGNORE INTO images (id, src) VALUES (422, 'https://i.pravatar.cc/150?u=vku300');
INSERT IGNORE INTO images (id, src) VALUES (423, 'https://i.pravatar.cc/150?u=vku301');
INSERT IGNORE INTO images (id, src) VALUES (424, 'https://i.pravatar.cc/150?u=vku302');
INSERT IGNORE INTO images (id, src) VALUES (425, 'https://i.pravatar.cc/150?u=vku303');
INSERT IGNORE INTO images (id, src) VALUES (426, 'https://i.pravatar.cc/150?u=vku304');
INSERT IGNORE INTO images (id, src) VALUES (427, 'https://i.pravatar.cc/150?u=vku305');
INSERT IGNORE INTO images (id, src) VALUES (428, 'https://i.pravatar.cc/150?u=vku306');
INSERT IGNORE INTO images (id, src) VALUES (429, 'https://i.pravatar.cc/150?u=vku307');
INSERT IGNORE INTO images (id, src) VALUES (430, 'https://i.pravatar.cc/150?u=vku308');
INSERT IGNORE INTO images (id, src) VALUES (431, 'https://i.pravatar.cc/150?u=vku309');
INSERT IGNORE INTO images (id, src) VALUES (432, 'https://i.pravatar.cc/150?u=vku310');
INSERT IGNORE INTO images (id, src) VALUES (433, 'https://i.pravatar.cc/150?u=vku311');
INSERT IGNORE INTO images (id, src) VALUES (434, 'https://i.pravatar.cc/150?u=vku312');
INSERT IGNORE INTO images (id, src) VALUES (435, 'https://i.pravatar.cc/150?u=vku313');
INSERT IGNORE INTO images (id, src) VALUES (436, 'https://i.pravatar.cc/150?u=vku314');
INSERT IGNORE INTO images (id, src) VALUES (437, 'https://i.pravatar.cc/150?u=vku315');
INSERT IGNORE INTO images (id, src) VALUES (438, 'https://i.pravatar.cc/150?u=vku316');
INSERT IGNORE INTO images (id, src) VALUES (439, 'https://i.pravatar.cc/150?u=vku317');
INSERT IGNORE INTO images (id, src) VALUES (440, 'https://i.pravatar.cc/150?u=vku318');
INSERT IGNORE INTO images (id, src) VALUES (441, 'https://i.pravatar.cc/150?u=vku319');
INSERT IGNORE INTO images (id, src) VALUES (442, 'https://i.pravatar.cc/150?u=vku320');
INSERT IGNORE INTO images (id, src) VALUES (443, 'https://i.pravatar.cc/150?u=vku321');
INSERT IGNORE INTO images (id, src) VALUES (444, 'https://i.pravatar.cc/150?u=vku322');
INSERT IGNORE INTO images (id, src) VALUES (445, 'https://i.pravatar.cc/150?u=vku323');
INSERT IGNORE INTO images (id, src) VALUES (446, 'https://i.pravatar.cc/150?u=vku324');
INSERT IGNORE INTO images (id, src) VALUES (447, 'https://i.pravatar.cc/150?u=vku325');
INSERT IGNORE INTO images (id, src) VALUES (448, 'https://i.pravatar.cc/150?u=vku326');
INSERT IGNORE INTO images (id, src) VALUES (449, 'https://i.pravatar.cc/150?u=vku327');
INSERT IGNORE INTO images (id, src) VALUES (450, 'https://i.pravatar.cc/150?u=vku328');
INSERT IGNORE INTO images (id, src) VALUES (451, 'https://i.pravatar.cc/150?u=vku329');
INSERT IGNORE INTO images (id, src) VALUES (452, 'https://i.pravatar.cc/150?u=vku330');
INSERT IGNORE INTO images (id, src) VALUES (453, 'https://i.pravatar.cc/150?u=vku331');
INSERT IGNORE INTO images (id, src) VALUES (454, 'https://i.pravatar.cc/150?u=vku332');
INSERT IGNORE INTO images (id, src) VALUES (455, 'https://i.pravatar.cc/150?u=vku333');
INSERT IGNORE INTO images (id, src) VALUES (456, 'https://i.pravatar.cc/150?u=vku334');
INSERT IGNORE INTO images (id, src) VALUES (457, 'https://i.pravatar.cc/150?u=vku335');
INSERT IGNORE INTO images (id, src) VALUES (458, 'https://i.pravatar.cc/150?u=vku336');
INSERT IGNORE INTO images (id, src) VALUES (459, 'https://i.pravatar.cc/150?u=vku337');
INSERT IGNORE INTO images (id, src) VALUES (460, 'https://i.pravatar.cc/150?u=vku338');
INSERT IGNORE INTO images (id, src) VALUES (461, 'https://i.pravatar.cc/150?u=vku339');
INSERT IGNORE INTO images (id, src) VALUES (462, 'https://i.pravatar.cc/150?u=vku340');
INSERT IGNORE INTO images (id, src) VALUES (463, 'https://i.pravatar.cc/150?u=vku341');
INSERT IGNORE INTO images (id, src) VALUES (464, 'https://i.pravatar.cc/150?u=vku342');
INSERT IGNORE INTO images (id, src) VALUES (465, 'https://i.pravatar.cc/150?u=vku343');
INSERT IGNORE INTO images (id, src) VALUES (466, 'https://i.pravatar.cc/150?u=vku344');
INSERT IGNORE INTO images (id, src) VALUES (467, 'https://i.pravatar.cc/150?u=vku345');
INSERT IGNORE INTO images (id, src) VALUES (468, 'https://i.pravatar.cc/150?u=vku346');
INSERT IGNORE INTO images (id, src) VALUES (469, 'https://i.pravatar.cc/150?u=vku347');
INSERT IGNORE INTO images (id, src) VALUES (470, 'https://i.pravatar.cc/150?u=vku348');
INSERT IGNORE INTO images (id, src) VALUES (471, 'https://i.pravatar.cc/150?u=vku349');
INSERT IGNORE INTO images (id, src) VALUES (472, 'https://i.pravatar.cc/150?u=vku350');
INSERT IGNORE INTO images (id, src) VALUES (473, 'https://i.pravatar.cc/150?u=vku351');
INSERT IGNORE INTO images (id, src) VALUES (474, 'https://i.pravatar.cc/150?u=vku352');
INSERT IGNORE INTO images (id, src) VALUES (475, 'https://i.pravatar.cc/150?u=vku353');
INSERT IGNORE INTO images (id, src) VALUES (476, 'https://i.pravatar.cc/150?u=vku354');
INSERT IGNORE INTO images (id, src) VALUES (477, 'https://i.pravatar.cc/150?u=vku355');
INSERT IGNORE INTO images (id, src) VALUES (478, 'https://i.pravatar.cc/150?u=vku356');
INSERT IGNORE INTO images (id, src) VALUES (479, 'https://i.pravatar.cc/150?u=vku357');
INSERT IGNORE INTO images (id, src) VALUES (480, 'https://i.pravatar.cc/150?u=vku358');
INSERT IGNORE INTO images (id, src) VALUES (481, 'https://i.pravatar.cc/150?u=vku359');
INSERT IGNORE INTO images (id, src) VALUES (482, 'https://i.pravatar.cc/150?u=vku360');
INSERT IGNORE INTO images (id, src) VALUES (483, 'https://i.pravatar.cc/150?u=vku361');
INSERT IGNORE INTO images (id, src) VALUES (484, 'https://i.pravatar.cc/150?u=vku362');
INSERT IGNORE INTO images (id, src) VALUES (485, 'https://i.pravatar.cc/150?u=vku363');
INSERT IGNORE INTO images (id, src) VALUES (486, 'https://i.pravatar.cc/150?u=vku364');
INSERT IGNORE INTO images (id, src) VALUES (487, 'https://i.pravatar.cc/150?u=vku365');
INSERT IGNORE INTO images (id, src) VALUES (488, 'https://i.pravatar.cc/150?u=vku366');
INSERT IGNORE INTO images (id, src) VALUES (489, 'https://i.pravatar.cc/150?u=vku367');
INSERT IGNORE INTO images (id, src) VALUES (490, 'https://i.pravatar.cc/150?u=vku368');
INSERT IGNORE INTO images (id, src) VALUES (491, 'https://i.pravatar.cc/150?u=vku369');
INSERT IGNORE INTO images (id, src) VALUES (492, 'https://i.pravatar.cc/150?u=vku370');
INSERT IGNORE INTO images (id, src) VALUES (493, 'https://i.pravatar.cc/150?u=vku371');
INSERT IGNORE INTO images (id, src) VALUES (494, 'https://i.pravatar.cc/150?u=vku372');
INSERT IGNORE INTO images (id, src) VALUES (495, 'https://i.pravatar.cc/150?u=vku373');
INSERT IGNORE INTO images (id, src) VALUES (496, 'https://i.pravatar.cc/150?u=vku374');
INSERT IGNORE INTO images (id, src) VALUES (497, 'https://i.pravatar.cc/150?u=vku375');
INSERT IGNORE INTO images (id, src) VALUES (498, 'https://i.pravatar.cc/150?u=vku376');
INSERT IGNORE INTO images (id, src) VALUES (499, 'https://i.pravatar.cc/150?u=vku377');

-- users moi
INSERT IGNORE INTO users (id, about, activation_code, active, background_color, birthday, color_scheme, country, country_code, email, full_name, gender, language, like_count, location, media_tweet_count, muted_direct_messages, notifications_count, password, password_reset_code, phone, private_profile, profile_customized, profile_started, registration_date, role, tweet_count, username, website) VALUES (178, 'Giảng viên môn IT — chuyên Java/Spring.', null, true, 'DEFAULT', null, 'BLUE', 'VN', 'VN', 'sv178_an@student.it.edu.vn', 'Nguyen An', null, 'Tieng Viet', 0, 'TP.HCM', 0, false, 0, '$2a$08$TZekzxmq.KO2f.juYNUa4eU/ePYPx3r2MWONVjPDKOBJB4qUlhkxW', null, 900000178, false, true, true, '2024-01-01 00:00:00', 'TEACHER', 0, 'sv178_an', 'https://github.com/sv178_an');
INSERT IGNORE INTO users (id, about, activation_code, active, background_color, birthday, color_scheme, country, country_code, email, full_name, gender, language, like_count, location, media_tweet_count, muted_direct_messages, notifications_count, password, password_reset_code, phone, private_profile, profile_customized, profile_started, registration_date, role, tweet_count, username, website) VALUES (179, 'Sinh viên D22 — Khoa CNTT VKU. Đam mê fullstack.', null, true, 'DEFAULT', null, 'BLUE', 'VN', 'VN', 'sv179_binh@student.it.edu.vn', 'Nguyen Binh', null, 'Tieng Viet', 0, 'Ha Noi', 0, false, 0, '$2a$08$TZekzxmq.KO2f.juYNUa4eU/ePYPx3r2MWONVjPDKOBJB4qUlhkxW', null, 900000179, false, true, true, '2024-02-02 00:00:00', 'USER', 0, 'sv179_binh', 'https://github.com/sv179_binh');
INSERT IGNORE INTO users (id, about, activation_code, active, background_color, birthday, color_scheme, country, country_code, email, full_name, gender, language, like_count, location, media_tweet_count, muted_direct_messages, notifications_count, password, password_reset_code, phone, private_profile, profile_customized, profile_started, registration_date, role, tweet_count, username, website) VALUES (180, 'Sinh viên D23 — Khoa CNTT VKU. Đam mê frontend.', null, true, 'DEFAULT', null, 'BLUE', 'VN', 'VN', 'sv180_chi@student.it.edu.vn', 'Nguyen Chi', null, 'Tieng Viet', 0, 'Ha Noi', 0, false, 0, '$2a$08$TZekzxmq.KO2f.juYNUa4eU/ePYPx3r2MWONVjPDKOBJB4qUlhkxW', null, 900000180, false, true, true, '2024-03-03 00:00:00', 'USER', 0, 'sv180_chi', 'https://github.com/sv180_chi');
INSERT IGNORE INTO users (id, about, activation_code, active, background_color, birthday, color_scheme, country, country_code, email, full_name, gender, language, like_count, location, media_tweet_count, muted_direct_messages, notifications_count, password, password_reset_code, phone, private_profile, profile_customized, profile_started, registration_date, role, tweet_count, username, website) VALUES (181, 'Sinh viên D24 — Khoa CNTT VKU. Đam mê backend.', null, true, 'DEFAULT', null, 'BLUE', 'VN', 'VN', 'sv181_dung@student.it.edu.vn', 'Tran Dung', null, 'Tieng Viet', 0, 'Online', 0, false, 0, '$2a$08$TZekzxmq.KO2f.juYNUa4eU/ePYPx3r2MWONVjPDKOBJB4qUlhkxW', null, 900000181, false, true, true, '2024-04-04 00:00:00', 'USER', 0, 'sv181_dung', 'https://github.com/sv181_dung');
INSERT IGNORE INTO users (id, about, activation_code, active, background_color, birthday, color_scheme, country, country_code, email, full_name, gender, language, like_count, location, media_tweet_count, muted_direct_messages, notifications_count, password, password_reset_code, phone, private_profile, profile_customized, profile_started, registration_date, role, tweet_count, username, website) VALUES (182, 'Sinh viên D25 — Khoa CNTT VKU. Đam mê AI.', null, true, 'DEFAULT', null, 'BLUE', 'VN', 'VN', 'sv182_ha@student.it.edu.vn', 'Tran Ha', null, 'Tieng Viet', 0, 'TP.HCM', 0, false, 0, '$2a$08$TZekzxmq.KO2f.juYNUa4eU/ePYPx3r2MWONVjPDKOBJB4qUlhkxW', null, 900000182, false, true, true, '2024-05-05 00:00:00', 'USER', 0, 'sv182_ha', 'https://github.com/sv182_ha');
INSERT IGNORE INTO users (id, about, activation_code, active, background_color, birthday, color_scheme, country, country_code, email, full_name, gender, language, like_count, location, media_tweet_count, muted_direct_messages, notifications_count, password, password_reset_code, phone, private_profile, profile_customized, profile_started, registration_date, role, tweet_count, username, website) VALUES (183, 'Sinh viên D21 — Khoa CNTT VKU. Đam mê AI.', null, true, 'DEFAULT', null, 'BLUE', 'VN', 'VN', 'sv183_huy@student.it.edu.vn', 'Tran Huy', null, 'Tieng Viet', 0, 'Can Tho', 0, false, 0, '$2a$08$TZekzxmq.KO2f.juYNUa4eU/ePYPx3r2MWONVjPDKOBJB4qUlhkxW', null, 900000183, false, true, true, '2024-06-06 00:00:00', 'USER', 0, 'sv183_huy', 'https://github.com/sv183_huy');
INSERT IGNORE INTO users (id, about, activation_code, active, background_color, birthday, color_scheme, country, country_code, email, full_name, gender, language, like_count, location, media_tweet_count, muted_direct_messages, notifications_count, password, password_reset_code, phone, private_profile, profile_customized, profile_started, registration_date, role, tweet_count, username, website) VALUES (184, 'Sinh viên D22 — Khoa CNTT VKU. Đam mê backend.', null, true, 'DEFAULT', null, 'BLUE', 'VN', 'VN', 'sv184_khanh@student.it.edu.vn', 'Le Khanh', null, 'Tieng Viet', 0, 'TP.HCM', 0, false, 0, '$2a$08$TZekzxmq.KO2f.juYNUa4eU/ePYPx3r2MWONVjPDKOBJB4qUlhkxW', null, 900000184, false, true, true, '2024-07-07 00:00:00', 'USER', 0, 'sv184_khanh', 'https://github.com/sv184_khanh');
INSERT IGNORE INTO users (id, about, activation_code, active, background_color, birthday, color_scheme, country, country_code, email, full_name, gender, language, like_count, location, media_tweet_count, muted_direct_messages, notifications_count, password, password_reset_code, phone, private_profile, profile_customized, profile_started, registration_date, role, tweet_count, username, website) VALUES (185, 'Sinh viên D23 — Khoa CNTT VKU. Đam mê backend.', null, true, 'DEFAULT', null, 'BLUE', 'VN', 'VN', 'sv185_lan@student.it.edu.vn', 'Le Lan', null, 'Tieng Viet', 0, 'Ha Noi', 0, false, 0, '$2a$08$TZekzxmq.KO2f.juYNUa4eU/ePYPx3r2MWONVjPDKOBJB4qUlhkxW', null, 900000185, false, true, true, '2024-08-08 00:00:00', 'USER', 0, 'sv185_lan', 'https://github.com/sv185_lan');
INSERT IGNORE INTO users (id, about, activation_code, active, background_color, birthday, color_scheme, country, country_code, email, full_name, gender, language, like_count, location, media_tweet_count, muted_direct_messages, notifications_count, password, password_reset_code, phone, private_profile, profile_customized, profile_started, registration_date, role, tweet_count, username, website) VALUES (186, 'Sinh viên D24 — Khoa CNTT VKU. Đam mê frontend.', null, true, 'DEFAULT', null, 'BLUE', 'VN', 'VN', 'sv186_minh@student.it.edu.vn', 'Le Minh', null, 'Tieng Viet', 0, 'Campus VKU', 0, false, 0, '$2a$08$TZekzxmq.KO2f.juYNUa4eU/ePYPx3r2MWONVjPDKOBJB4qUlhkxW', null, 900000186, false, true, true, '2024-09-09 00:00:00', 'USER', 0, 'sv186_minh', 'https://github.com/sv186_minh');
INSERT IGNORE INTO users (id, about, activation_code, active, background_color, birthday, color_scheme, country, country_code, email, full_name, gender, language, like_count, location, media_tweet_count, muted_direct_messages, notifications_count, password, password_reset_code, phone, private_profile, profile_customized, profile_started, registration_date, role, tweet_count, username, website) VALUES (187, 'Sinh viên D25 — Khoa CNTT VKU. Đam mê AI.', null, true, 'DEFAULT', null, 'BLUE', 'VN', 'VN', 'sv187_nam@student.it.edu.vn', 'Pham Nam', null, 'Tieng Viet', 0, 'TP.HCM', 0, false, 0, '$2a$08$TZekzxmq.KO2f.juYNUa4eU/ePYPx3r2MWONVjPDKOBJB4qUlhkxW', null, 900000187, false, true, true, '2024-10-10 00:00:00', 'USER', 0, 'sv187_nam', 'https://github.com/sv187_nam');
INSERT IGNORE INTO users (id, about, activation_code, active, background_color, birthday, color_scheme, country, country_code, email, full_name, gender, language, like_count, location, media_tweet_count, muted_direct_messages, notifications_count, password, password_reset_code, phone, private_profile, profile_customized, profile_started, registration_date, role, tweet_count, username, website) VALUES (188, 'Sinh viên D21 — Khoa CNTT VKU. Đam mê AI.', null, true, 'DEFAULT', null, 'BLUE', 'VN', 'VN', 'sv188_phuc@student.it.edu.vn', 'Pham Phuc', null, 'Tieng Viet', 0, 'Ha Noi', 0, false, 0, '$2a$08$TZekzxmq.KO2f.juYNUa4eU/ePYPx3r2MWONVjPDKOBJB4qUlhkxW', null, 900000188, false, true, true, '2024-11-11 00:00:00', 'USER', 0, 'sv188_phuc', 'https://github.com/sv188_phuc');
INSERT IGNORE INTO users (id, about, activation_code, active, background_color, birthday, color_scheme, country, country_code, email, full_name, gender, language, like_count, location, media_tweet_count, muted_direct_messages, notifications_count, password, password_reset_code, phone, private_profile, profile_customized, profile_started, registration_date, role, tweet_count, username, website) VALUES (189, 'Sinh viên D22 — Khoa CNTT VKU. Đam mê AI.', null, true, 'DEFAULT', null, 'BLUE', 'VN', 'VN', 'sv189_quan@student.it.edu.vn', 'Pham Quan', null, 'Tieng Viet', 0, 'Can Tho', 0, false, 0, '$2a$08$TZekzxmq.KO2f.juYNUa4eU/ePYPx3r2MWONVjPDKOBJB4qUlhkxW', null, 900000189, false, true, true, '2024-12-12 00:00:00', 'USER', 0, 'sv189_quan', 'https://github.com/sv189_quan');
INSERT IGNORE INTO users (id, about, activation_code, active, background_color, birthday, color_scheme, country, country_code, email, full_name, gender, language, like_count, location, media_tweet_count, muted_direct_messages, notifications_count, password, password_reset_code, phone, private_profile, profile_customized, profile_started, registration_date, role, tweet_count, username, website) VALUES (190, 'Giảng viên môn IT — chuyên React/Frontend.', null, true, 'DEFAULT', null, 'BLUE', 'VN', 'VN', 'sv190_son@student.it.edu.vn', 'Hoang Son', null, 'Tieng Viet', 0, 'Can Tho', 0, false, 0, '$2a$08$TZekzxmq.KO2f.juYNUa4eU/ePYPx3r2MWONVjPDKOBJB4qUlhkxW', null, 900000190, false, true, true, '2024-01-13 00:00:00', 'TEACHER', 0, 'sv190_son', 'https://github.com/sv190_son');
INSERT IGNORE INTO users (id, about, activation_code, active, background_color, birthday, color_scheme, country, country_code, email, full_name, gender, language, like_count, location, media_tweet_count, muted_direct_messages, notifications_count, password, password_reset_code, phone, private_profile, profile_customized, profile_started, registration_date, role, tweet_count, username, website) VALUES (191, 'Sinh viên D24 — Khoa CNTT VKU. Đam mê AI.', null, true, 'DEFAULT', null, 'BLUE', 'VN', 'VN', 'sv191_thao@student.it.edu.vn', 'Hoang Thao', null, 'Tieng Viet', 0, 'Da Nang', 0, false, 0, '$2a$08$TZekzxmq.KO2f.juYNUa4eU/ePYPx3r2MWONVjPDKOBJB4qUlhkxW', null, 900000191, false, true, true, '2024-02-14 00:00:00', 'USER', 0, 'sv191_thao', 'https://github.com/sv191_thao');
INSERT IGNORE INTO users (id, about, activation_code, active, background_color, birthday, color_scheme, country, country_code, email, full_name, gender, language, like_count, location, media_tweet_count, muted_direct_messages, notifications_count, password, password_reset_code, phone, private_profile, profile_customized, profile_started, registration_date, role, tweet_count, username, website) VALUES (192, 'Sinh viên D25 — Khoa CNTT VKU. Đam mê backend.', null, true, 'DEFAULT', null, 'BLUE', 'VN', 'VN', 'sv192_trang@student.it.edu.vn', 'Hoang Trang', null, 'Tieng Viet', 0, 'Ha Noi', 0, false, 0, '$2a$08$TZekzxmq.KO2f.juYNUa4eU/ePYPx3r2MWONVjPDKOBJB4qUlhkxW', null, 900000192, false, true, true, '2024-03-15 00:00:00', 'USER', 0, 'sv192_trang', 'https://github.com/sv192_trang');
INSERT IGNORE INTO users (id, about, activation_code, active, background_color, birthday, color_scheme, country, country_code, email, full_name, gender, language, like_count, location, media_tweet_count, muted_direct_messages, notifications_count, password, password_reset_code, phone, private_profile, profile_customized, profile_started, registration_date, role, tweet_count, username, website) VALUES (193, 'Sinh viên D21 — Khoa CNTT VKU. Đam mê DevOps.', null, true, 'DEFAULT', null, 'BLUE', 'VN', 'VN', 'sv193_tuan@student.it.edu.vn', 'Vo Tuan', null, 'Tieng Viet', 0, 'Da Nang', 0, false, 0, '$2a$08$TZekzxmq.KO2f.juYNUa4eU/ePYPx3r2MWONVjPDKOBJB4qUlhkxW', null, 900000193, false, true, true, '2024-04-16 00:00:00', 'USER', 0, 'sv193_tuan', 'https://github.com/sv193_tuan');
INSERT IGNORE INTO users (id, about, activation_code, active, background_color, birthday, color_scheme, country, country_code, email, full_name, gender, language, like_count, location, media_tweet_count, muted_direct_messages, notifications_count, password, password_reset_code, phone, private_profile, profile_customized, profile_started, registration_date, role, tweet_count, username, website) VALUES (194, 'Sinh viên D22 — Khoa CNTT VKU. Đam mê fullstack.', null, true, 'DEFAULT', null, 'BLUE', 'VN', 'VN', 'sv194_vy@student.it.edu.vn', 'Vo Vy', null, 'Tieng Viet', 0, 'Ha Noi', 0, false, 0, '$2a$08$TZekzxmq.KO2f.juYNUa4eU/ePYPx3r2MWONVjPDKOBJB4qUlhkxW', null, 900000194, false, true, true, '2024-05-17 00:00:00', 'USER', 0, 'sv194_vy', 'https://github.com/sv194_vy');
INSERT IGNORE INTO users (id, about, activation_code, active, background_color, birthday, color_scheme, country, country_code, email, full_name, gender, language, like_count, location, media_tweet_count, muted_direct_messages, notifications_count, password, password_reset_code, phone, private_profile, profile_customized, profile_started, registration_date, role, tweet_count, username, website) VALUES (195, 'Sinh viên D23 — Khoa CNTT VKU. Đam mê frontend.', null, true, 'DEFAULT', null, 'BLUE', 'VN', 'VN', 'sv195_yen@student.it.edu.vn', 'Vo Yen', null, 'Tieng Viet', 0, 'Da Nang', 0, false, 0, '$2a$08$TZekzxmq.KO2f.juYNUa4eU/ePYPx3r2MWONVjPDKOBJB4qUlhkxW', null, 900000195, false, true, true, '2024-06-18 00:00:00', 'USER', 0, 'sv195_yen', 'https://github.com/sv195_yen');
INSERT IGNORE INTO users (id, about, activation_code, active, background_color, birthday, color_scheme, country, country_code, email, full_name, gender, language, like_count, location, media_tweet_count, muted_direct_messages, notifications_count, password, password_reset_code, phone, private_profile, profile_customized, profile_started, registration_date, role, tweet_count, username, website) VALUES (196, 'Sinh viên D24 — Khoa CNTT VKU. Đam mê backend.', null, true, 'DEFAULT', null, 'BLUE', 'VN', 'VN', 'sv196_khoa@student.it.edu.vn', 'Dang Khoa', null, 'Tieng Viet', 0, 'TP.HCM', 0, false, 0, '$2a$08$TZekzxmq.KO2f.juYNUa4eU/ePYPx3r2MWONVjPDKOBJB4qUlhkxW', null, 900000196, false, true, true, '2024-07-19 00:00:00', 'USER', 0, 'sv196_khoa', 'https://github.com/sv196_khoa');
INSERT IGNORE INTO users (id, about, activation_code, active, background_color, birthday, color_scheme, country, country_code, email, full_name, gender, language, like_count, location, media_tweet_count, muted_direct_messages, notifications_count, password, password_reset_code, phone, private_profile, profile_customized, profile_started, registration_date, role, tweet_count, username, website) VALUES (197, 'Sinh viên D25 — Khoa CNTT VKU. Đam mê DevOps.', null, true, 'DEFAULT', null, 'BLUE', 'VN', 'VN', 'sv197_linh@student.it.edu.vn', 'Dang Linh', null, 'Tieng Viet', 0, 'TP.HCM', 0, false, 0, '$2a$08$TZekzxmq.KO2f.juYNUa4eU/ePYPx3r2MWONVjPDKOBJB4qUlhkxW', null, 900000197, false, true, true, '2024-08-20 00:00:00', 'USER', 0, 'sv197_linh', 'https://github.com/sv197_linh');
INSERT IGNORE INTO users (id, about, activation_code, active, background_color, birthday, color_scheme, country, country_code, email, full_name, gender, language, like_count, location, media_tweet_count, muted_direct_messages, notifications_count, password, password_reset_code, phone, private_profile, profile_customized, profile_started, registration_date, role, tweet_count, username, website) VALUES (198, 'Sinh viên D21 — Khoa CNTT VKU. Đam mê fullstack.', null, true, 'DEFAULT', null, 'BLUE', 'VN', 'VN', 'sv198_an@student.it.edu.vn', 'Dang An', null, 'Tieng Viet', 0, 'Da Nang', 0, false, 0, '$2a$08$TZekzxmq.KO2f.juYNUa4eU/ePYPx3r2MWONVjPDKOBJB4qUlhkxW', null, 900000198, false, true, true, '2024-09-21 00:00:00', 'USER', 0, 'sv198_an', 'https://github.com/sv198_an');
INSERT IGNORE INTO users (id, about, activation_code, active, background_color, birthday, color_scheme, country, country_code, email, full_name, gender, language, like_count, location, media_tweet_count, muted_direct_messages, notifications_count, password, password_reset_code, phone, private_profile, profile_customized, profile_started, registration_date, role, tweet_count, username, website) VALUES (199, 'Sinh viên D22 — Khoa CNTT VKU. Đam mê AI.', null, true, 'DEFAULT', null, 'BLUE', 'VN', 'VN', 'sv199_binh@student.it.edu.vn', 'Bui Binh', null, 'Tieng Viet', 0, 'Da Nang', 0, false, 0, '$2a$08$TZekzxmq.KO2f.juYNUa4eU/ePYPx3r2MWONVjPDKOBJB4qUlhkxW', null, 900000199, false, true, true, '2024-10-22 00:00:00', 'USER', 0, 'sv199_binh', 'https://github.com/sv199_binh');
INSERT IGNORE INTO users (id, about, activation_code, active, background_color, birthday, color_scheme, country, country_code, email, full_name, gender, language, like_count, location, media_tweet_count, muted_direct_messages, notifications_count, password, password_reset_code, phone, private_profile, profile_customized, profile_started, registration_date, role, tweet_count, username, website) VALUES (200, 'Sinh viên D23 — Khoa CNTT VKU. Đam mê backend.', null, true, 'DEFAULT', null, 'BLUE', 'VN', 'VN', 'sv200_chi@student.it.edu.vn', 'Bui Chi', null, 'Tieng Viet', 0, 'Online', 0, false, 0, '$2a$08$TZekzxmq.KO2f.juYNUa4eU/ePYPx3r2MWONVjPDKOBJB4qUlhkxW', null, 900000200, false, true, true, '2024-11-23 00:00:00', 'USER', 0, 'sv200_chi', 'https://github.com/sv200_chi');
INSERT IGNORE INTO users (id, about, activation_code, active, background_color, birthday, color_scheme, country, country_code, email, full_name, gender, language, like_count, location, media_tweet_count, muted_direct_messages, notifications_count, password, password_reset_code, phone, private_profile, profile_customized, profile_started, registration_date, role, tweet_count, username, website) VALUES (201, 'Sinh viên D24 — Khoa CNTT VKU. Đam mê DevOps.', null, true, 'DEFAULT', null, 'BLUE', 'VN', 'VN', 'sv201_dung@student.it.edu.vn', 'Bui Dung', null, 'Tieng Viet', 0, 'Campus VKU', 0, false, 0, '$2a$08$TZekzxmq.KO2f.juYNUa4eU/ePYPx3r2MWONVjPDKOBJB4qUlhkxW', null, 900000201, false, true, true, '2024-12-24 00:00:00', 'USER', 0, 'sv201_dung', 'https://github.com/sv201_dung');
INSERT IGNORE INTO users (id, about, activation_code, active, background_color, birthday, color_scheme, country, country_code, email, full_name, gender, language, like_count, location, media_tweet_count, muted_direct_messages, notifications_count, password, password_reset_code, phone, private_profile, profile_customized, profile_started, registration_date, role, tweet_count, username, website) VALUES (202, 'Giảng viên môn IT — chuyên Java/Spring.', null, true, 'DEFAULT', null, 'BLUE', 'VN', 'VN', 'sv202_ha@student.it.edu.vn', 'Do Ha', null, 'Tieng Viet', 0, 'Can Tho', 0, false, 0, '$2a$08$TZekzxmq.KO2f.juYNUa4eU/ePYPx3r2MWONVjPDKOBJB4qUlhkxW', null, 900000202, false, true, true, '2024-01-25 00:00:00', 'TEACHER', 0, 'sv202_ha', 'https://github.com/sv202_ha');
INSERT IGNORE INTO users (id, about, activation_code, active, background_color, birthday, color_scheme, country, country_code, email, full_name, gender, language, like_count, location, media_tweet_count, muted_direct_messages, notifications_count, password, password_reset_code, phone, private_profile, profile_customized, profile_started, registration_date, role, tweet_count, username, website) VALUES (203, 'Sinh viên D21 — Khoa CNTT VKU. Đam mê backend.', null, true, 'DEFAULT', null, 'BLUE', 'VN', 'VN', 'sv203_huy@student.it.edu.vn', 'Do Huy', null, 'Tieng Viet', 0, 'Campus VKU', 0, false, 0, '$2a$08$TZekzxmq.KO2f.juYNUa4eU/ePYPx3r2MWONVjPDKOBJB4qUlhkxW', null, 900000203, false, true, true, '2024-02-26 00:00:00', 'USER', 0, 'sv203_huy', 'https://github.com/sv203_huy');
INSERT IGNORE INTO users (id, about, activation_code, active, background_color, birthday, color_scheme, country, country_code, email, full_name, gender, language, like_count, location, media_tweet_count, muted_direct_messages, notifications_count, password, password_reset_code, phone, private_profile, profile_customized, profile_started, registration_date, role, tweet_count, username, website) VALUES (204, 'Sinh viên D22 — Khoa CNTT VKU. Đam mê fullstack.', null, true, 'DEFAULT', null, 'BLUE', 'VN', 'VN', 'sv204_khanh@student.it.edu.vn', 'Do Khanh', null, 'Tieng Viet', 0, 'Online', 0, false, 0, '$2a$08$TZekzxmq.KO2f.juYNUa4eU/ePYPx3r2MWONVjPDKOBJB4qUlhkxW', null, 900000204, false, true, true, '2024-03-27 00:00:00', 'USER', 0, 'sv204_khanh', 'https://github.com/sv204_khanh');
INSERT IGNORE INTO users (id, about, activation_code, active, background_color, birthday, color_scheme, country, country_code, email, full_name, gender, language, like_count, location, media_tweet_count, muted_direct_messages, notifications_count, password, password_reset_code, phone, private_profile, profile_customized, profile_started, registration_date, role, tweet_count, username, website) VALUES (205, 'Sinh viên D23 — Khoa CNTT VKU. Đam mê AI.', null, true, 'DEFAULT', null, 'BLUE', 'VN', 'VN', 'sv205_lan@student.it.edu.vn', 'Vu Lan', null, 'Tieng Viet', 0, 'Da Nang', 0, false, 0, '$2a$08$TZekzxmq.KO2f.juYNUa4eU/ePYPx3r2MWONVjPDKOBJB4qUlhkxW', null, 900000205, false, true, true, '2024-04-28 00:00:00', 'USER', 0, 'sv205_lan', 'https://github.com/sv205_lan');
INSERT IGNORE INTO users (id, about, activation_code, active, background_color, birthday, color_scheme, country, country_code, email, full_name, gender, language, like_count, location, media_tweet_count, muted_direct_messages, notifications_count, password, password_reset_code, phone, private_profile, profile_customized, profile_started, registration_date, role, tweet_count, username, website) VALUES (206, 'Sinh viên D24 — Khoa CNTT VKU. Đam mê AI.', null, true, 'DEFAULT', null, 'BLUE', 'VN', 'VN', 'sv206_minh@student.it.edu.vn', 'Vu Minh', null, 'Tieng Viet', 0, 'Ha Noi', 0, false, 0, '$2a$08$TZekzxmq.KO2f.juYNUa4eU/ePYPx3r2MWONVjPDKOBJB4qUlhkxW', null, 900000206, false, true, true, '2024-05-01 00:00:00', 'USER', 0, 'sv206_minh', 'https://github.com/sv206_minh');
INSERT IGNORE INTO users (id, about, activation_code, active, background_color, birthday, color_scheme, country, country_code, email, full_name, gender, language, like_count, location, media_tweet_count, muted_direct_messages, notifications_count, password, password_reset_code, phone, private_profile, profile_customized, profile_started, registration_date, role, tweet_count, username, website) VALUES (207, 'Sinh viên D25 — Khoa CNTT VKU. Đam mê backend.', null, true, 'DEFAULT', null, 'BLUE', 'VN', 'VN', 'sv207_nam@student.it.edu.vn', 'Vu Nam', null, 'Tieng Viet', 0, 'TP.HCM', 0, false, 0, '$2a$08$TZekzxmq.KO2f.juYNUa4eU/ePYPx3r2MWONVjPDKOBJB4qUlhkxW', null, 900000207, false, true, true, '2024-06-02 00:00:00', 'USER', 0, 'sv207_nam', 'https://github.com/sv207_nam');
INSERT IGNORE INTO users (id, about, activation_code, active, background_color, birthday, color_scheme, country, country_code, email, full_name, gender, language, like_count, location, media_tweet_count, muted_direct_messages, notifications_count, password, password_reset_code, phone, private_profile, profile_customized, profile_started, registration_date, role, tweet_count, username, website) VALUES (208, 'Sinh viên D21 — Khoa CNTT VKU. Đam mê frontend.', null, true, 'DEFAULT', null, 'BLUE', 'VN', 'VN', 'sv208_phuc@student.it.edu.vn', 'Nguyen Phuc', null, 'Tieng Viet', 0, 'Da Nang', 0, false, 0, '$2a$08$TZekzxmq.KO2f.juYNUa4eU/ePYPx3r2MWONVjPDKOBJB4qUlhkxW', null, 900000208, false, true, true, '2024-07-03 00:00:00', 'USER', 0, 'sv208_phuc', 'https://github.com/sv208_phuc');
INSERT IGNORE INTO users (id, about, activation_code, active, background_color, birthday, color_scheme, country, country_code, email, full_name, gender, language, like_count, location, media_tweet_count, muted_direct_messages, notifications_count, password, password_reset_code, phone, private_profile, profile_customized, profile_started, registration_date, role, tweet_count, username, website) VALUES (209, 'Sinh viên D22 — Khoa CNTT VKU. Đam mê backend.', null, true, 'DEFAULT', null, 'BLUE', 'VN', 'VN', 'sv209_quan@student.it.edu.vn', 'Nguyen Quan', null, 'Tieng Viet', 0, 'Ha Noi', 0, false, 0, '$2a$08$TZekzxmq.KO2f.juYNUa4eU/ePYPx3r2MWONVjPDKOBJB4qUlhkxW', null, 900000209, false, true, true, '2024-08-04 00:00:00', 'USER', 0, 'sv209_quan', 'https://github.com/sv209_quan');
INSERT IGNORE INTO users (id, about, activation_code, active, background_color, birthday, color_scheme, country, country_code, email, full_name, gender, language, like_count, location, media_tweet_count, muted_direct_messages, notifications_count, password, password_reset_code, phone, private_profile, profile_customized, profile_started, registration_date, role, tweet_count, username, website) VALUES (210, 'Sinh viên D23 — Khoa CNTT VKU. Đam mê backend.', null, true, 'DEFAULT', null, 'BLUE', 'VN', 'VN', 'sv210_son@student.it.edu.vn', 'Nguyen Son', null, 'Tieng Viet', 0, 'Can Tho', 0, false, 0, '$2a$08$TZekzxmq.KO2f.juYNUa4eU/ePYPx3r2MWONVjPDKOBJB4qUlhkxW', null, 900000210, false, true, true, '2024-09-05 00:00:00', 'USER', 0, 'sv210_son', 'https://github.com/sv210_son');
INSERT IGNORE INTO users (id, about, activation_code, active, background_color, birthday, color_scheme, country, country_code, email, full_name, gender, language, like_count, location, media_tweet_count, muted_direct_messages, notifications_count, password, password_reset_code, phone, private_profile, profile_customized, profile_started, registration_date, role, tweet_count, username, website) VALUES (211, 'Sinh viên D24 — Khoa CNTT VKU. Đam mê fullstack.', null, true, 'DEFAULT', null, 'BLUE', 'VN', 'VN', 'sv211_thao@student.it.edu.vn', 'Tran Thao', null, 'Tieng Viet', 0, 'Can Tho', 0, false, 0, '$2a$08$TZekzxmq.KO2f.juYNUa4eU/ePYPx3r2MWONVjPDKOBJB4qUlhkxW', null, 900000211, false, true, true, '2024-10-06 00:00:00', 'USER', 0, 'sv211_thao', 'https://github.com/sv211_thao');
INSERT IGNORE INTO users (id, about, activation_code, active, background_color, birthday, color_scheme, country, country_code, email, full_name, gender, language, like_count, location, media_tweet_count, muted_direct_messages, notifications_count, password, password_reset_code, phone, private_profile, profile_customized, profile_started, registration_date, role, tweet_count, username, website) VALUES (212, 'Sinh viên D25 — Khoa CNTT VKU. Đam mê fullstack.', null, true, 'DEFAULT', null, 'BLUE', 'VN', 'VN', 'sv212_trang@student.it.edu.vn', 'Tran Trang', null, 'Tieng Viet', 0, 'Ha Noi', 0, false, 0, '$2a$08$TZekzxmq.KO2f.juYNUa4eU/ePYPx3r2MWONVjPDKOBJB4qUlhkxW', null, 900000212, false, true, true, '2024-11-07 00:00:00', 'USER', 0, 'sv212_trang', 'https://github.com/sv212_trang');
INSERT IGNORE INTO users (id, about, activation_code, active, background_color, birthday, color_scheme, country, country_code, email, full_name, gender, language, like_count, location, media_tweet_count, muted_direct_messages, notifications_count, password, password_reset_code, phone, private_profile, profile_customized, profile_started, registration_date, role, tweet_count, username, website) VALUES (213, 'Sinh viên D21 — Khoa CNTT VKU. Đam mê fullstack.', null, true, 'DEFAULT', null, 'BLUE', 'VN', 'VN', 'sv213_tuan@student.it.edu.vn', 'Tran Tuan', null, 'Tieng Viet', 0, 'Da Nang', 0, false, 0, '$2a$08$TZekzxmq.KO2f.juYNUa4eU/ePYPx3r2MWONVjPDKOBJB4qUlhkxW', null, 900000213, false, true, true, '2024-12-08 00:00:00', 'USER', 0, 'sv213_tuan', 'https://github.com/sv213_tuan');
INSERT IGNORE INTO users (id, about, activation_code, active, background_color, birthday, color_scheme, country, country_code, email, full_name, gender, language, like_count, location, media_tweet_count, muted_direct_messages, notifications_count, password, password_reset_code, phone, private_profile, profile_customized, profile_started, registration_date, role, tweet_count, username, website) VALUES (214, 'Giảng viên môn IT — chuyên React/Frontend.', null, true, 'DEFAULT', null, 'BLUE', 'VN', 'VN', 'sv214_vy@student.it.edu.vn', 'Le Vy', null, 'Tieng Viet', 0, 'Online', 0, false, 0, '$2a$08$TZekzxmq.KO2f.juYNUa4eU/ePYPx3r2MWONVjPDKOBJB4qUlhkxW', null, 900000214, false, true, true, '2024-01-09 00:00:00', 'TEACHER', 0, 'sv214_vy', 'https://github.com/sv214_vy');
INSERT IGNORE INTO users (id, about, activation_code, active, background_color, birthday, color_scheme, country, country_code, email, full_name, gender, language, like_count, location, media_tweet_count, muted_direct_messages, notifications_count, password, password_reset_code, phone, private_profile, profile_customized, profile_started, registration_date, role, tweet_count, username, website) VALUES (215, 'Sinh viên D23 — Khoa CNTT VKU. Đam mê fullstack.', null, true, 'DEFAULT', null, 'BLUE', 'VN', 'VN', 'sv215_yen@student.it.edu.vn', 'Le Yen', null, 'Tieng Viet', 0, 'Online', 0, false, 0, '$2a$08$TZekzxmq.KO2f.juYNUa4eU/ePYPx3r2MWONVjPDKOBJB4qUlhkxW', null, 900000215, false, true, true, '2024-02-10 00:00:00', 'USER', 0, 'sv215_yen', 'https://github.com/sv215_yen');
INSERT IGNORE INTO users (id, about, activation_code, active, background_color, birthday, color_scheme, country, country_code, email, full_name, gender, language, like_count, location, media_tweet_count, muted_direct_messages, notifications_count, password, password_reset_code, phone, private_profile, profile_customized, profile_started, registration_date, role, tweet_count, username, website) VALUES (216, 'Sinh viên D24 — Khoa CNTT VKU. Đam mê backend.', null, true, 'DEFAULT', null, 'BLUE', 'VN', 'VN', 'sv216_khoa@student.it.edu.vn', 'Le Khoa', null, 'Tieng Viet', 0, 'Campus VKU', 0, false, 0, '$2a$08$TZekzxmq.KO2f.juYNUa4eU/ePYPx3r2MWONVjPDKOBJB4qUlhkxW', null, 900000216, false, true, true, '2024-03-11 00:00:00', 'USER', 0, 'sv216_khoa', 'https://github.com/sv216_khoa');
INSERT IGNORE INTO users (id, about, activation_code, active, background_color, birthday, color_scheme, country, country_code, email, full_name, gender, language, like_count, location, media_tweet_count, muted_direct_messages, notifications_count, password, password_reset_code, phone, private_profile, profile_customized, profile_started, registration_date, role, tweet_count, username, website) VALUES (217, 'Sinh viên D25 — Khoa CNTT VKU. Đam mê frontend.', null, true, 'DEFAULT', null, 'BLUE', 'VN', 'VN', 'sv217_linh@student.it.edu.vn', 'Pham Linh', null, 'Tieng Viet', 0, 'Campus VKU', 0, false, 0, '$2a$08$TZekzxmq.KO2f.juYNUa4eU/ePYPx3r2MWONVjPDKOBJB4qUlhkxW', null, 900000217, false, true, true, '2024-04-12 00:00:00', 'USER', 0, 'sv217_linh', 'https://github.com/sv217_linh');
INSERT IGNORE INTO users (id, about, activation_code, active, background_color, birthday, color_scheme, country, country_code, email, full_name, gender, language, like_count, location, media_tweet_count, muted_direct_messages, notifications_count, password, password_reset_code, phone, private_profile, profile_customized, profile_started, registration_date, role, tweet_count, username, website) VALUES (218, 'Sinh viên D21 — Khoa CNTT VKU. Đam mê frontend.', null, true, 'DEFAULT', null, 'BLUE', 'VN', 'VN', 'sv218_an@student.it.edu.vn', 'Pham An', null, 'Tieng Viet', 0, 'Ha Noi', 0, false, 0, '$2a$08$TZekzxmq.KO2f.juYNUa4eU/ePYPx3r2MWONVjPDKOBJB4qUlhkxW', null, 900000218, false, true, true, '2024-05-13 00:00:00', 'USER', 0, 'sv218_an', 'https://github.com/sv218_an');
INSERT IGNORE INTO users (id, about, activation_code, active, background_color, birthday, color_scheme, country, country_code, email, full_name, gender, language, like_count, location, media_tweet_count, muted_direct_messages, notifications_count, password, password_reset_code, phone, private_profile, profile_customized, profile_started, registration_date, role, tweet_count, username, website) VALUES (219, 'Sinh viên D22 — Khoa CNTT VKU. Đam mê DevOps.', null, true, 'DEFAULT', null, 'BLUE', 'VN', 'VN', 'sv219_binh@student.it.edu.vn', 'Pham Binh', null, 'Tieng Viet', 0, 'Can Tho', 0, false, 0, '$2a$08$TZekzxmq.KO2f.juYNUa4eU/ePYPx3r2MWONVjPDKOBJB4qUlhkxW', null, 900000219, false, true, true, '2024-06-14 00:00:00', 'USER', 0, 'sv219_binh', 'https://github.com/sv219_binh');
INSERT IGNORE INTO users (id, about, activation_code, active, background_color, birthday, color_scheme, country, country_code, email, full_name, gender, language, like_count, location, media_tweet_count, muted_direct_messages, notifications_count, password, password_reset_code, phone, private_profile, profile_customized, profile_started, registration_date, role, tweet_count, username, website) VALUES (220, 'Sinh viên D23 — Khoa CNTT VKU. Đam mê fullstack.', null, true, 'DEFAULT', null, 'BLUE', 'VN', 'VN', 'sv220_chi@student.it.edu.vn', 'Hoang Chi', null, 'Tieng Viet', 0, 'Online', 0, false, 0, '$2a$08$TZekzxmq.KO2f.juYNUa4eU/ePYPx3r2MWONVjPDKOBJB4qUlhkxW', null, 900000220, false, true, true, '2024-07-15 00:00:00', 'USER', 0, 'sv220_chi', 'https://github.com/sv220_chi');
INSERT IGNORE INTO users (id, about, activation_code, active, background_color, birthday, color_scheme, country, country_code, email, full_name, gender, language, like_count, location, media_tweet_count, muted_direct_messages, notifications_count, password, password_reset_code, phone, private_profile, profile_customized, profile_started, registration_date, role, tweet_count, username, website) VALUES (221, 'Sinh viên D24 — Khoa CNTT VKU. Đam mê AI.', null, true, 'DEFAULT', null, 'BLUE', 'VN', 'VN', 'sv221_dung@student.it.edu.vn', 'Hoang Dung', null, 'Tieng Viet', 0, 'Ha Noi', 0, false, 0, '$2a$08$TZekzxmq.KO2f.juYNUa4eU/ePYPx3r2MWONVjPDKOBJB4qUlhkxW', null, 900000221, false, true, true, '2024-08-16 00:00:00', 'USER', 0, 'sv221_dung', 'https://github.com/sv221_dung');
INSERT IGNORE INTO users (id, about, activation_code, active, background_color, birthday, color_scheme, country, country_code, email, full_name, gender, language, like_count, location, media_tweet_count, muted_direct_messages, notifications_count, password, password_reset_code, phone, private_profile, profile_customized, profile_started, registration_date, role, tweet_count, username, website) VALUES (222, 'Sinh viên D25 — Khoa CNTT VKU. Đam mê fullstack.', null, true, 'DEFAULT', null, 'BLUE', 'VN', 'VN', 'sv222_ha@student.it.edu.vn', 'Hoang Ha', null, 'Tieng Viet', 0, 'TP.HCM', 0, false, 0, '$2a$08$TZekzxmq.KO2f.juYNUa4eU/ePYPx3r2MWONVjPDKOBJB4qUlhkxW', null, 900000222, false, true, true, '2024-09-17 00:00:00', 'USER', 0, 'sv222_ha', 'https://github.com/sv222_ha');
INSERT IGNORE INTO users (id, about, activation_code, active, background_color, birthday, color_scheme, country, country_code, email, full_name, gender, language, like_count, location, media_tweet_count, muted_direct_messages, notifications_count, password, password_reset_code, phone, private_profile, profile_customized, profile_started, registration_date, role, tweet_count, username, website) VALUES (223, 'Sinh viên D21 — Khoa CNTT VKU. Đam mê frontend.', null, true, 'DEFAULT', null, 'BLUE', 'VN', 'VN', 'sv223_huy@student.it.edu.vn', 'Vo Huy', null, 'Tieng Viet', 0, 'TP.HCM', 0, false, 0, '$2a$08$TZekzxmq.KO2f.juYNUa4eU/ePYPx3r2MWONVjPDKOBJB4qUlhkxW', null, 900000223, false, true, true, '2024-10-18 00:00:00', 'USER', 0, 'sv223_huy', 'https://github.com/sv223_huy');
INSERT IGNORE INTO users (id, about, activation_code, active, background_color, birthday, color_scheme, country, country_code, email, full_name, gender, language, like_count, location, media_tweet_count, muted_direct_messages, notifications_count, password, password_reset_code, phone, private_profile, profile_customized, profile_started, registration_date, role, tweet_count, username, website) VALUES (224, 'Sinh viên D22 — Khoa CNTT VKU. Đam mê fullstack.', null, true, 'DEFAULT', null, 'BLUE', 'VN', 'VN', 'sv224_khanh@student.it.edu.vn', 'Vo Khanh', null, 'Tieng Viet', 0, 'Can Tho', 0, false, 0, '$2a$08$TZekzxmq.KO2f.juYNUa4eU/ePYPx3r2MWONVjPDKOBJB4qUlhkxW', null, 900000224, false, true, true, '2024-11-19 00:00:00', 'USER', 0, 'sv224_khanh', 'https://github.com/sv224_khanh');
INSERT IGNORE INTO users (id, about, activation_code, active, background_color, birthday, color_scheme, country, country_code, email, full_name, gender, language, like_count, location, media_tweet_count, muted_direct_messages, notifications_count, password, password_reset_code, phone, private_profile, profile_customized, profile_started, registration_date, role, tweet_count, username, website) VALUES (225, 'Sinh viên D23 — Khoa CNTT VKU. Đam mê fullstack.', null, true, 'DEFAULT', null, 'BLUE', 'VN', 'VN', 'sv225_lan@student.it.edu.vn', 'Vo Lan', null, 'Tieng Viet', 0, 'TP.HCM', 0, false, 0, '$2a$08$TZekzxmq.KO2f.juYNUa4eU/ePYPx3r2MWONVjPDKOBJB4qUlhkxW', null, 900000225, false, true, true, '2024-12-20 00:00:00', 'USER', 0, 'sv225_lan', 'https://github.com/sv225_lan');
INSERT IGNORE INTO users (id, about, activation_code, active, background_color, birthday, color_scheme, country, country_code, email, full_name, gender, language, like_count, location, media_tweet_count, muted_direct_messages, notifications_count, password, password_reset_code, phone, private_profile, profile_customized, profile_started, registration_date, role, tweet_count, username, website) VALUES (226, 'Giảng viên môn IT — chuyên React/Frontend.', null, true, 'DEFAULT', null, 'BLUE', 'VN', 'VN', 'sv226_minh@student.it.edu.vn', 'Dang Minh', null, 'Tieng Viet', 0, 'Campus VKU', 0, false, 0, '$2a$08$TZekzxmq.KO2f.juYNUa4eU/ePYPx3r2MWONVjPDKOBJB4qUlhkxW', null, 900000226, false, true, true, '2024-01-21 00:00:00', 'TEACHER', 0, 'sv226_minh', 'https://github.com/sv226_minh');
INSERT IGNORE INTO users (id, about, activation_code, active, background_color, birthday, color_scheme, country, country_code, email, full_name, gender, language, like_count, location, media_tweet_count, muted_direct_messages, notifications_count, password, password_reset_code, phone, private_profile, profile_customized, profile_started, registration_date, role, tweet_count, username, website) VALUES (227, 'Sinh viên D25 — Khoa CNTT VKU. Đam mê fullstack.', null, true, 'DEFAULT', null, 'BLUE', 'VN', 'VN', 'sv227_nam@student.it.edu.vn', 'Dang Nam', null, 'Tieng Viet', 0, 'Ha Noi', 0, false, 0, '$2a$08$TZekzxmq.KO2f.juYNUa4eU/ePYPx3r2MWONVjPDKOBJB4qUlhkxW', null, 900000227, false, true, true, '2024-02-22 00:00:00', 'USER', 0, 'sv227_nam', 'https://github.com/sv227_nam');
INSERT IGNORE INTO users (id, about, activation_code, active, background_color, birthday, color_scheme, country, country_code, email, full_name, gender, language, like_count, location, media_tweet_count, muted_direct_messages, notifications_count, password, password_reset_code, phone, private_profile, profile_customized, profile_started, registration_date, role, tweet_count, username, website) VALUES (228, 'Sinh viên D21 — Khoa CNTT VKU. Đam mê DevOps.', null, true, 'DEFAULT', null, 'BLUE', 'VN', 'VN', 'sv228_phuc@student.it.edu.vn', 'Dang Phuc', null, 'Tieng Viet', 0, 'Can Tho', 0, false, 0, '$2a$08$TZekzxmq.KO2f.juYNUa4eU/ePYPx3r2MWONVjPDKOBJB4qUlhkxW', null, 900000228, false, true, true, '2024-03-23 00:00:00', 'USER', 0, 'sv228_phuc', 'https://github.com/sv228_phuc');
INSERT IGNORE INTO users (id, about, activation_code, active, background_color, birthday, color_scheme, country, country_code, email, full_name, gender, language, like_count, location, media_tweet_count, muted_direct_messages, notifications_count, password, password_reset_code, phone, private_profile, profile_customized, profile_started, registration_date, role, tweet_count, username, website) VALUES (229, 'Sinh viên D22 — Khoa CNTT VKU. Đam mê DevOps.', null, true, 'DEFAULT', null, 'BLUE', 'VN', 'VN', 'sv229_quan@student.it.edu.vn', 'Bui Quan', null, 'Tieng Viet', 0, 'Ha Noi', 0, false, 0, '$2a$08$TZekzxmq.KO2f.juYNUa4eU/ePYPx3r2MWONVjPDKOBJB4qUlhkxW', null, 900000229, false, true, true, '2024-04-24 00:00:00', 'USER', 0, 'sv229_quan', 'https://github.com/sv229_quan');
INSERT IGNORE INTO users (id, about, activation_code, active, background_color, birthday, color_scheme, country, country_code, email, full_name, gender, language, like_count, location, media_tweet_count, muted_direct_messages, notifications_count, password, password_reset_code, phone, private_profile, profile_customized, profile_started, registration_date, role, tweet_count, username, website) VALUES (230, 'Sinh viên D23 — Khoa CNTT VKU. Đam mê fullstack.', null, true, 'DEFAULT', null, 'BLUE', 'VN', 'VN', 'sv230_son@student.it.edu.vn', 'Bui Son', null, 'Tieng Viet', 0, 'Ha Noi', 0, false, 0, '$2a$08$TZekzxmq.KO2f.juYNUa4eU/ePYPx3r2MWONVjPDKOBJB4qUlhkxW', null, 900000230, false, true, true, '2024-05-25 00:00:00', 'USER', 0, 'sv230_son', 'https://github.com/sv230_son');
INSERT IGNORE INTO users (id, about, activation_code, active, background_color, birthday, color_scheme, country, country_code, email, full_name, gender, language, like_count, location, media_tweet_count, muted_direct_messages, notifications_count, password, password_reset_code, phone, private_profile, profile_customized, profile_started, registration_date, role, tweet_count, username, website) VALUES (231, 'Sinh viên D24 — Khoa CNTT VKU. Đam mê frontend.', null, true, 'DEFAULT', null, 'BLUE', 'VN', 'VN', 'sv231_thao@student.it.edu.vn', 'Bui Thao', null, 'Tieng Viet', 0, 'Online', 0, false, 0, '$2a$08$TZekzxmq.KO2f.juYNUa4eU/ePYPx3r2MWONVjPDKOBJB4qUlhkxW', null, 900000231, false, true, true, '2024-06-26 00:00:00', 'USER', 0, 'sv231_thao', 'https://github.com/sv231_thao');
INSERT IGNORE INTO users (id, about, activation_code, active, background_color, birthday, color_scheme, country, country_code, email, full_name, gender, language, like_count, location, media_tweet_count, muted_direct_messages, notifications_count, password, password_reset_code, phone, private_profile, profile_customized, profile_started, registration_date, role, tweet_count, username, website) VALUES (232, 'Sinh viên D25 — Khoa CNTT VKU. Đam mê AI.', null, true, 'DEFAULT', null, 'BLUE', 'VN', 'VN', 'sv232_trang@student.it.edu.vn', 'Do Trang', null, 'Tieng Viet', 0, 'Campus VKU', 0, false, 0, '$2a$08$TZekzxmq.KO2f.juYNUa4eU/ePYPx3r2MWONVjPDKOBJB4qUlhkxW', null, 900000232, false, true, true, '2024-07-27 00:00:00', 'USER', 0, 'sv232_trang', 'https://github.com/sv232_trang');
INSERT IGNORE INTO users (id, about, activation_code, active, background_color, birthday, color_scheme, country, country_code, email, full_name, gender, language, like_count, location, media_tweet_count, muted_direct_messages, notifications_count, password, password_reset_code, phone, private_profile, profile_customized, profile_started, registration_date, role, tweet_count, username, website) VALUES (233, 'Sinh viên D21 — Khoa CNTT VKU. Đam mê fullstack.', null, true, 'DEFAULT', null, 'BLUE', 'VN', 'VN', 'sv233_tuan@student.it.edu.vn', 'Do Tuan', null, 'Tieng Viet', 0, 'Online', 0, false, 0, '$2a$08$TZekzxmq.KO2f.juYNUa4eU/ePYPx3r2MWONVjPDKOBJB4qUlhkxW', null, 900000233, false, true, true, '2024-08-28 00:00:00', 'USER', 0, 'sv233_tuan', 'https://github.com/sv233_tuan');
INSERT IGNORE INTO users (id, about, activation_code, active, background_color, birthday, color_scheme, country, country_code, email, full_name, gender, language, like_count, location, media_tweet_count, muted_direct_messages, notifications_count, password, password_reset_code, phone, private_profile, profile_customized, profile_started, registration_date, role, tweet_count, username, website) VALUES (234, 'Sinh viên D22 — Khoa CNTT VKU. Đam mê AI.', null, true, 'DEFAULT', null, 'BLUE', 'VN', 'VN', 'sv234_vy@student.it.edu.vn', 'Do Vy', null, 'Tieng Viet', 0, 'Can Tho', 0, false, 0, '$2a$08$TZekzxmq.KO2f.juYNUa4eU/ePYPx3r2MWONVjPDKOBJB4qUlhkxW', null, 900000234, false, true, true, '2024-09-01 00:00:00', 'USER', 0, 'sv234_vy', 'https://github.com/sv234_vy');
INSERT IGNORE INTO users (id, about, activation_code, active, background_color, birthday, color_scheme, country, country_code, email, full_name, gender, language, like_count, location, media_tweet_count, muted_direct_messages, notifications_count, password, password_reset_code, phone, private_profile, profile_customized, profile_started, registration_date, role, tweet_count, username, website) VALUES (235, 'Sinh viên D23 — Khoa CNTT VKU. Đam mê AI.', null, true, 'DEFAULT', null, 'BLUE', 'VN', 'VN', 'sv235_yen@student.it.edu.vn', 'Vu Yen', null, 'Tieng Viet', 0, 'Can Tho', 0, false, 0, '$2a$08$TZekzxmq.KO2f.juYNUa4eU/ePYPx3r2MWONVjPDKOBJB4qUlhkxW', null, 900000235, false, true, true, '2024-10-02 00:00:00', 'USER', 0, 'sv235_yen', 'https://github.com/sv235_yen');
INSERT IGNORE INTO users (id, about, activation_code, active, background_color, birthday, color_scheme, country, country_code, email, full_name, gender, language, like_count, location, media_tweet_count, muted_direct_messages, notifications_count, password, password_reset_code, phone, private_profile, profile_customized, profile_started, registration_date, role, tweet_count, username, website) VALUES (236, 'Sinh viên D24 — Khoa CNTT VKU. Đam mê fullstack.', null, true, 'DEFAULT', null, 'BLUE', 'VN', 'VN', 'sv236_khoa@student.it.edu.vn', 'Vu Khoa', null, 'Tieng Viet', 0, 'Ha Noi', 0, false, 0, '$2a$08$TZekzxmq.KO2f.juYNUa4eU/ePYPx3r2MWONVjPDKOBJB4qUlhkxW', null, 900000236, false, true, true, '2024-11-03 00:00:00', 'USER', 0, 'sv236_khoa', 'https://github.com/sv236_khoa');
INSERT IGNORE INTO users (id, about, activation_code, active, background_color, birthday, color_scheme, country, country_code, email, full_name, gender, language, like_count, location, media_tweet_count, muted_direct_messages, notifications_count, password, password_reset_code, phone, private_profile, profile_customized, profile_started, registration_date, role, tweet_count, username, website) VALUES (237, 'Sinh viên D25 — Khoa CNTT VKU. Đam mê frontend.', null, true, 'DEFAULT', null, 'BLUE', 'VN', 'VN', 'sv237_linh@student.it.edu.vn', 'Vu Linh', null, 'Tieng Viet', 0, 'Campus VKU', 0, false, 0, '$2a$08$TZekzxmq.KO2f.juYNUa4eU/ePYPx3r2MWONVjPDKOBJB4qUlhkxW', null, 900000237, false, true, true, '2024-12-04 00:00:00', 'USER', 0, 'sv237_linh', 'https://github.com/sv237_linh');
INSERT IGNORE INTO users (id, about, activation_code, active, background_color, birthday, color_scheme, country, country_code, email, full_name, gender, language, like_count, location, media_tweet_count, muted_direct_messages, notifications_count, password, password_reset_code, phone, private_profile, profile_customized, profile_started, registration_date, role, tweet_count, username, website) VALUES (238, 'Giảng viên môn IT — chuyên AI/ML.', null, true, 'DEFAULT', null, 'BLUE', 'VN', 'VN', 'sv238_an@student.it.edu.vn', 'Nguyen An', null, 'Tieng Viet', 0, 'TP.HCM', 0, false, 0, '$2a$08$TZekzxmq.KO2f.juYNUa4eU/ePYPx3r2MWONVjPDKOBJB4qUlhkxW', null, 900000238, false, true, true, '2024-01-05 00:00:00', 'TEACHER', 0, 'sv238_an', 'https://github.com/sv238_an');
INSERT IGNORE INTO users (id, about, activation_code, active, background_color, birthday, color_scheme, country, country_code, email, full_name, gender, language, like_count, location, media_tweet_count, muted_direct_messages, notifications_count, password, password_reset_code, phone, private_profile, profile_customized, profile_started, registration_date, role, tweet_count, username, website) VALUES (239, 'Sinh viên D22 — Khoa CNTT VKU. Đam mê backend.', null, true, 'DEFAULT', null, 'BLUE', 'VN', 'VN', 'sv239_binh@student.it.edu.vn', 'Nguyen Binh', null, 'Tieng Viet', 0, 'TP.HCM', 0, false, 0, '$2a$08$TZekzxmq.KO2f.juYNUa4eU/ePYPx3r2MWONVjPDKOBJB4qUlhkxW', null, 900000239, false, true, true, '2024-02-06 00:00:00', 'USER', 0, 'sv239_binh', 'https://github.com/sv239_binh');
INSERT IGNORE INTO users (id, about, activation_code, active, background_color, birthday, color_scheme, country, country_code, email, full_name, gender, language, like_count, location, media_tweet_count, muted_direct_messages, notifications_count, password, password_reset_code, phone, private_profile, profile_customized, profile_started, registration_date, role, tweet_count, username, website) VALUES (240, 'Sinh viên D23 — Khoa CNTT VKU. Đam mê frontend.', null, true, 'DEFAULT', null, 'BLUE', 'VN', 'VN', 'sv240_chi@student.it.edu.vn', 'Nguyen Chi', null, 'Tieng Viet', 0, 'Online', 0, false, 0, '$2a$08$TZekzxmq.KO2f.juYNUa4eU/ePYPx3r2MWONVjPDKOBJB4qUlhkxW', null, 900000240, false, true, true, '2024-03-07 00:00:00', 'USER', 0, 'sv240_chi', 'https://github.com/sv240_chi');
INSERT IGNORE INTO users (id, about, activation_code, active, background_color, birthday, color_scheme, country, country_code, email, full_name, gender, language, like_count, location, media_tweet_count, muted_direct_messages, notifications_count, password, password_reset_code, phone, private_profile, profile_customized, profile_started, registration_date, role, tweet_count, username, website) VALUES (241, 'Sinh viên D24 — Khoa CNTT VKU. Đam mê frontend.', null, true, 'DEFAULT', null, 'BLUE', 'VN', 'VN', 'sv241_dung@student.it.edu.vn', 'Tran Dung', null, 'Tieng Viet', 0, 'Online', 0, false, 0, '$2a$08$TZekzxmq.KO2f.juYNUa4eU/ePYPx3r2MWONVjPDKOBJB4qUlhkxW', null, 900000241, false, true, true, '2024-04-08 00:00:00', 'USER', 0, 'sv241_dung', 'https://github.com/sv241_dung');
INSERT IGNORE INTO users (id, about, activation_code, active, background_color, birthday, color_scheme, country, country_code, email, full_name, gender, language, like_count, location, media_tweet_count, muted_direct_messages, notifications_count, password, password_reset_code, phone, private_profile, profile_customized, profile_started, registration_date, role, tweet_count, username, website) VALUES (242, 'Sinh viên D25 — Khoa CNTT VKU. Đam mê DevOps.', null, true, 'DEFAULT', null, 'BLUE', 'VN', 'VN', 'sv242_ha@student.it.edu.vn', 'Tran Ha', null, 'Tieng Viet', 0, 'Campus VKU', 0, false, 0, '$2a$08$TZekzxmq.KO2f.juYNUa4eU/ePYPx3r2MWONVjPDKOBJB4qUlhkxW', null, 900000242, false, true, true, '2024-05-09 00:00:00', 'USER', 0, 'sv242_ha', 'https://github.com/sv242_ha');
INSERT IGNORE INTO users (id, about, activation_code, active, background_color, birthday, color_scheme, country, country_code, email, full_name, gender, language, like_count, location, media_tweet_count, muted_direct_messages, notifications_count, password, password_reset_code, phone, private_profile, profile_customized, profile_started, registration_date, role, tweet_count, username, website) VALUES (243, 'Sinh viên D21 — Khoa CNTT VKU. Đam mê backend.', null, true, 'DEFAULT', null, 'BLUE', 'VN', 'VN', 'sv243_huy@student.it.edu.vn', 'Tran Huy', null, 'Tieng Viet', 0, 'Can Tho', 0, false, 0, '$2a$08$TZekzxmq.KO2f.juYNUa4eU/ePYPx3r2MWONVjPDKOBJB4qUlhkxW', null, 900000243, false, true, true, '2024-06-10 00:00:00', 'USER', 0, 'sv243_huy', 'https://github.com/sv243_huy');
INSERT IGNORE INTO users (id, about, activation_code, active, background_color, birthday, color_scheme, country, country_code, email, full_name, gender, language, like_count, location, media_tweet_count, muted_direct_messages, notifications_count, password, password_reset_code, phone, private_profile, profile_customized, profile_started, registration_date, role, tweet_count, username, website) VALUES (244, 'Sinh viên D22 — Khoa CNTT VKU. Đam mê DevOps.', null, true, 'DEFAULT', null, 'BLUE', 'VN', 'VN', 'sv244_khanh@student.it.edu.vn', 'Le Khanh', null, 'Tieng Viet', 0, 'Campus VKU', 0, false, 0, '$2a$08$TZekzxmq.KO2f.juYNUa4eU/ePYPx3r2MWONVjPDKOBJB4qUlhkxW', null, 900000244, false, true, true, '2024-07-11 00:00:00', 'USER', 0, 'sv244_khanh', 'https://github.com/sv244_khanh');
INSERT IGNORE INTO users (id, about, activation_code, active, background_color, birthday, color_scheme, country, country_code, email, full_name, gender, language, like_count, location, media_tweet_count, muted_direct_messages, notifications_count, password, password_reset_code, phone, private_profile, profile_customized, profile_started, registration_date, role, tweet_count, username, website) VALUES (245, 'Sinh viên D23 — Khoa CNTT VKU. Đam mê DevOps.', null, true, 'DEFAULT', null, 'BLUE', 'VN', 'VN', 'sv245_lan@student.it.edu.vn', 'Le Lan', null, 'Tieng Viet', 0, 'Campus VKU', 0, false, 0, '$2a$08$TZekzxmq.KO2f.juYNUa4eU/ePYPx3r2MWONVjPDKOBJB4qUlhkxW', null, 900000245, false, true, true, '2024-08-12 00:00:00', 'USER', 0, 'sv245_lan', 'https://github.com/sv245_lan');
INSERT IGNORE INTO users (id, about, activation_code, active, background_color, birthday, color_scheme, country, country_code, email, full_name, gender, language, like_count, location, media_tweet_count, muted_direct_messages, notifications_count, password, password_reset_code, phone, private_profile, profile_customized, profile_started, registration_date, role, tweet_count, username, website) VALUES (246, 'Sinh viên D24 — Khoa CNTT VKU. Đam mê fullstack.', null, true, 'DEFAULT', null, 'BLUE', 'VN', 'VN', 'sv246_minh@student.it.edu.vn', 'Le Minh', null, 'Tieng Viet', 0, 'Campus VKU', 0, false, 0, '$2a$08$TZekzxmq.KO2f.juYNUa4eU/ePYPx3r2MWONVjPDKOBJB4qUlhkxW', null, 900000246, false, true, true, '2024-09-13 00:00:00', 'USER', 0, 'sv246_minh', 'https://github.com/sv246_minh');
INSERT IGNORE INTO users (id, about, activation_code, active, background_color, birthday, color_scheme, country, country_code, email, full_name, gender, language, like_count, location, media_tweet_count, muted_direct_messages, notifications_count, password, password_reset_code, phone, private_profile, profile_customized, profile_started, registration_date, role, tweet_count, username, website) VALUES (247, 'Sinh viên D25 — Khoa CNTT VKU. Đam mê backend.', null, true, 'DEFAULT', null, 'BLUE', 'VN', 'VN', 'sv247_nam@student.it.edu.vn', 'Pham Nam', null, 'Tieng Viet', 0, 'Online', 0, false, 0, '$2a$08$TZekzxmq.KO2f.juYNUa4eU/ePYPx3r2MWONVjPDKOBJB4qUlhkxW', null, 900000247, false, true, true, '2024-10-14 00:00:00', 'USER', 0, 'sv247_nam', 'https://github.com/sv247_nam');
INSERT IGNORE INTO users (id, about, activation_code, active, background_color, birthday, color_scheme, country, country_code, email, full_name, gender, language, like_count, location, media_tweet_count, muted_direct_messages, notifications_count, password, password_reset_code, phone, private_profile, profile_customized, profile_started, registration_date, role, tweet_count, username, website) VALUES (248, 'Sinh viên D21 — Khoa CNTT VKU. Đam mê backend.', null, true, 'DEFAULT', null, 'BLUE', 'VN', 'VN', 'sv248_phuc@student.it.edu.vn', 'Pham Phuc', null, 'Tieng Viet', 0, 'Online', 0, false, 0, '$2a$08$TZekzxmq.KO2f.juYNUa4eU/ePYPx3r2MWONVjPDKOBJB4qUlhkxW', null, 900000248, false, true, true, '2024-11-15 00:00:00', 'USER', 0, 'sv248_phuc', 'https://github.com/sv248_phuc');
INSERT IGNORE INTO users (id, about, activation_code, active, background_color, birthday, color_scheme, country, country_code, email, full_name, gender, language, like_count, location, media_tweet_count, muted_direct_messages, notifications_count, password, password_reset_code, phone, private_profile, profile_customized, profile_started, registration_date, role, tweet_count, username, website) VALUES (249, 'Sinh viên D22 — Khoa CNTT VKU. Đam mê AI.', null, true, 'DEFAULT', null, 'BLUE', 'VN', 'VN', 'sv249_quan@student.it.edu.vn', 'Pham Quan', null, 'Tieng Viet', 0, 'Da Nang', 0, false, 0, '$2a$08$TZekzxmq.KO2f.juYNUa4eU/ePYPx3r2MWONVjPDKOBJB4qUlhkxW', null, 900000249, false, true, true, '2024-12-16 00:00:00', 'USER', 0, 'sv249_quan', 'https://github.com/sv249_quan');
INSERT IGNORE INTO users (id, about, activation_code, active, background_color, birthday, color_scheme, country, country_code, email, full_name, gender, language, like_count, location, media_tweet_count, muted_direct_messages, notifications_count, password, password_reset_code, phone, private_profile, profile_customized, profile_started, registration_date, role, tweet_count, username, website) VALUES (250, 'Giảng viên môn IT — chuyên DevOps/Cloud.', null, true, 'DEFAULT', null, 'BLUE', 'VN', 'VN', 'sv250_son@student.it.edu.vn', 'Hoang Son', null, 'Tieng Viet', 0, 'TP.HCM', 0, false, 0, '$2a$08$TZekzxmq.KO2f.juYNUa4eU/ePYPx3r2MWONVjPDKOBJB4qUlhkxW', null, 900000250, false, true, true, '2024-01-17 00:00:00', 'TEACHER', 0, 'sv250_son', 'https://github.com/sv250_son');
INSERT IGNORE INTO users (id, about, activation_code, active, background_color, birthday, color_scheme, country, country_code, email, full_name, gender, language, like_count, location, media_tweet_count, muted_direct_messages, notifications_count, password, password_reset_code, phone, private_profile, profile_customized, profile_started, registration_date, role, tweet_count, username, website) VALUES (251, 'Sinh viên D24 — Khoa CNTT VKU. Đam mê fullstack.', null, true, 'DEFAULT', null, 'BLUE', 'VN', 'VN', 'sv251_thao@student.it.edu.vn', 'Hoang Thao', null, 'Tieng Viet', 0, 'Can Tho', 0, false, 0, '$2a$08$TZekzxmq.KO2f.juYNUa4eU/ePYPx3r2MWONVjPDKOBJB4qUlhkxW', null, 900000251, false, true, true, '2024-02-18 00:00:00', 'USER', 0, 'sv251_thao', 'https://github.com/sv251_thao');
INSERT IGNORE INTO users (id, about, activation_code, active, background_color, birthday, color_scheme, country, country_code, email, full_name, gender, language, like_count, location, media_tweet_count, muted_direct_messages, notifications_count, password, password_reset_code, phone, private_profile, profile_customized, profile_started, registration_date, role, tweet_count, username, website) VALUES (252, 'Sinh viên D25 — Khoa CNTT VKU. Đam mê frontend.', null, true, 'DEFAULT', null, 'BLUE', 'VN', 'VN', 'sv252_trang@student.it.edu.vn', 'Hoang Trang', null, 'Tieng Viet', 0, 'Can Tho', 0, false, 0, '$2a$08$TZekzxmq.KO2f.juYNUa4eU/ePYPx3r2MWONVjPDKOBJB4qUlhkxW', null, 900000252, false, true, true, '2024-03-19 00:00:00', 'USER', 0, 'sv252_trang', 'https://github.com/sv252_trang');
INSERT IGNORE INTO users (id, about, activation_code, active, background_color, birthday, color_scheme, country, country_code, email, full_name, gender, language, like_count, location, media_tweet_count, muted_direct_messages, notifications_count, password, password_reset_code, phone, private_profile, profile_customized, profile_started, registration_date, role, tweet_count, username, website) VALUES (253, 'Sinh viên D21 — Khoa CNTT VKU. Đam mê backend.', null, true, 'DEFAULT', null, 'BLUE', 'VN', 'VN', 'sv253_tuan@student.it.edu.vn', 'Vo Tuan', null, 'Tieng Viet', 0, 'Online', 0, false, 0, '$2a$08$TZekzxmq.KO2f.juYNUa4eU/ePYPx3r2MWONVjPDKOBJB4qUlhkxW', null, 900000253, false, true, true, '2024-04-20 00:00:00', 'USER', 0, 'sv253_tuan', 'https://github.com/sv253_tuan');
INSERT IGNORE INTO users (id, about, activation_code, active, background_color, birthday, color_scheme, country, country_code, email, full_name, gender, language, like_count, location, media_tweet_count, muted_direct_messages, notifications_count, password, password_reset_code, phone, private_profile, profile_customized, profile_started, registration_date, role, tweet_count, username, website) VALUES (254, 'Sinh viên D22 — Khoa CNTT VKU. Đam mê fullstack.', null, true, 'DEFAULT', null, 'BLUE', 'VN', 'VN', 'sv254_vy@student.it.edu.vn', 'Vo Vy', null, 'Tieng Viet', 0, 'Campus VKU', 0, false, 0, '$2a$08$TZekzxmq.KO2f.juYNUa4eU/ePYPx3r2MWONVjPDKOBJB4qUlhkxW', null, 900000254, false, true, true, '2024-05-21 00:00:00', 'USER', 0, 'sv254_vy', 'https://github.com/sv254_vy');
INSERT IGNORE INTO users (id, about, activation_code, active, background_color, birthday, color_scheme, country, country_code, email, full_name, gender, language, like_count, location, media_tweet_count, muted_direct_messages, notifications_count, password, password_reset_code, phone, private_profile, profile_customized, profile_started, registration_date, role, tweet_count, username, website) VALUES (255, 'Sinh viên D23 — Khoa CNTT VKU. Đam mê frontend.', null, true, 'DEFAULT', null, 'BLUE', 'VN', 'VN', 'sv255_yen@student.it.edu.vn', 'Vo Yen', null, 'Tieng Viet', 0, 'Campus VKU', 0, false, 0, '$2a$08$TZekzxmq.KO2f.juYNUa4eU/ePYPx3r2MWONVjPDKOBJB4qUlhkxW', null, 900000255, false, true, true, '2024-06-22 00:00:00', 'USER', 0, 'sv255_yen', 'https://github.com/sv255_yen');
INSERT IGNORE INTO users (id, about, activation_code, active, background_color, birthday, color_scheme, country, country_code, email, full_name, gender, language, like_count, location, media_tweet_count, muted_direct_messages, notifications_count, password, password_reset_code, phone, private_profile, profile_customized, profile_started, registration_date, role, tweet_count, username, website) VALUES (256, 'Sinh viên D24 — Khoa CNTT VKU. Đam mê backend.', null, true, 'DEFAULT', null, 'BLUE', 'VN', 'VN', 'sv256_khoa@student.it.edu.vn', 'Dang Khoa', null, 'Tieng Viet', 0, 'Online', 0, false, 0, '$2a$08$TZekzxmq.KO2f.juYNUa4eU/ePYPx3r2MWONVjPDKOBJB4qUlhkxW', null, 900000256, false, true, true, '2024-07-23 00:00:00', 'USER', 0, 'sv256_khoa', 'https://github.com/sv256_khoa');
INSERT IGNORE INTO users (id, about, activation_code, active, background_color, birthday, color_scheme, country, country_code, email, full_name, gender, language, like_count, location, media_tweet_count, muted_direct_messages, notifications_count, password, password_reset_code, phone, private_profile, profile_customized, profile_started, registration_date, role, tweet_count, username, website) VALUES (257, 'Sinh viên D25 — Khoa CNTT VKU. Đam mê fullstack.', null, true, 'DEFAULT', null, 'BLUE', 'VN', 'VN', 'sv257_linh@student.it.edu.vn', 'Dang Linh', null, 'Tieng Viet', 0, 'Online', 0, false, 0, '$2a$08$TZekzxmq.KO2f.juYNUa4eU/ePYPx3r2MWONVjPDKOBJB4qUlhkxW', null, 900000257, false, true, true, '2024-08-24 00:00:00', 'USER', 0, 'sv257_linh', 'https://github.com/sv257_linh');
INSERT IGNORE INTO users (id, about, activation_code, active, background_color, birthday, color_scheme, country, country_code, email, full_name, gender, language, like_count, location, media_tweet_count, muted_direct_messages, notifications_count, password, password_reset_code, phone, private_profile, profile_customized, profile_started, registration_date, role, tweet_count, username, website) VALUES (258, 'Sinh viên D21 — Khoa CNTT VKU. Đam mê AI.', null, true, 'DEFAULT', null, 'BLUE', 'VN', 'VN', 'sv258_an@student.it.edu.vn', 'Dang An', null, 'Tieng Viet', 0, 'Campus VKU', 0, false, 0, '$2a$08$TZekzxmq.KO2f.juYNUa4eU/ePYPx3r2MWONVjPDKOBJB4qUlhkxW', null, 900000258, false, true, true, '2024-09-25 00:00:00', 'USER', 0, 'sv258_an', 'https://github.com/sv258_an');
INSERT IGNORE INTO users (id, about, activation_code, active, background_color, birthday, color_scheme, country, country_code, email, full_name, gender, language, like_count, location, media_tweet_count, muted_direct_messages, notifications_count, password, password_reset_code, phone, private_profile, profile_customized, profile_started, registration_date, role, tweet_count, username, website) VALUES (259, 'Sinh viên D22 — Khoa CNTT VKU. Đam mê frontend.', null, true, 'DEFAULT', null, 'BLUE', 'VN', 'VN', 'sv259_binh@student.it.edu.vn', 'Bui Binh', null, 'Tieng Viet', 0, 'Ha Noi', 0, false, 0, '$2a$08$TZekzxmq.KO2f.juYNUa4eU/ePYPx3r2MWONVjPDKOBJB4qUlhkxW', null, 900000259, false, true, true, '2024-10-26 00:00:00', 'USER', 0, 'sv259_binh', 'https://github.com/sv259_binh');
INSERT IGNORE INTO users (id, about, activation_code, active, background_color, birthday, color_scheme, country, country_code, email, full_name, gender, language, like_count, location, media_tweet_count, muted_direct_messages, notifications_count, password, password_reset_code, phone, private_profile, profile_customized, profile_started, registration_date, role, tweet_count, username, website) VALUES (260, 'Sinh viên D23 — Khoa CNTT VKU. Đam mê fullstack.', null, true, 'DEFAULT', null, 'BLUE', 'VN', 'VN', 'sv260_chi@student.it.edu.vn', 'Bui Chi', null, 'Tieng Viet', 0, 'Ha Noi', 0, false, 0, '$2a$08$TZekzxmq.KO2f.juYNUa4eU/ePYPx3r2MWONVjPDKOBJB4qUlhkxW', null, 900000260, false, true, true, '2024-11-27 00:00:00', 'USER', 0, 'sv260_chi', 'https://github.com/sv260_chi');
INSERT IGNORE INTO users (id, about, activation_code, active, background_color, birthday, color_scheme, country, country_code, email, full_name, gender, language, like_count, location, media_tweet_count, muted_direct_messages, notifications_count, password, password_reset_code, phone, private_profile, profile_customized, profile_started, registration_date, role, tweet_count, username, website) VALUES (261, 'Sinh viên D24 — Khoa CNTT VKU. Đam mê AI.', null, true, 'DEFAULT', null, 'BLUE', 'VN', 'VN', 'sv261_dung@student.it.edu.vn', 'Bui Dung', null, 'Tieng Viet', 0, 'Campus VKU', 0, false, 0, '$2a$08$TZekzxmq.KO2f.juYNUa4eU/ePYPx3r2MWONVjPDKOBJB4qUlhkxW', null, 900000261, false, true, true, '2024-12-28 00:00:00', 'USER', 0, 'sv261_dung', 'https://github.com/sv261_dung');
INSERT IGNORE INTO users (id, about, activation_code, active, background_color, birthday, color_scheme, country, country_code, email, full_name, gender, language, like_count, location, media_tweet_count, muted_direct_messages, notifications_count, password, password_reset_code, phone, private_profile, profile_customized, profile_started, registration_date, role, tweet_count, username, website) VALUES (262, 'Giảng viên môn IT — chuyên Java/Spring.', null, true, 'DEFAULT', null, 'BLUE', 'VN', 'VN', 'sv262_ha@student.it.edu.vn', 'Do Ha', null, 'Tieng Viet', 0, 'Campus VKU', 0, false, 0, '$2a$08$TZekzxmq.KO2f.juYNUa4eU/ePYPx3r2MWONVjPDKOBJB4qUlhkxW', null, 900000262, false, true, true, '2024-01-01 00:00:00', 'TEACHER', 0, 'sv262_ha', 'https://github.com/sv262_ha');
INSERT IGNORE INTO users (id, about, activation_code, active, background_color, birthday, color_scheme, country, country_code, email, full_name, gender, language, like_count, location, media_tweet_count, muted_direct_messages, notifications_count, password, password_reset_code, phone, private_profile, profile_customized, profile_started, registration_date, role, tweet_count, username, website) VALUES (263, 'Sinh viên D21 — Khoa CNTT VKU. Đam mê fullstack.', null, true, 'DEFAULT', null, 'BLUE', 'VN', 'VN', 'sv263_huy@student.it.edu.vn', 'Do Huy', null, 'Tieng Viet', 0, 'Can Tho', 0, false, 0, '$2a$08$TZekzxmq.KO2f.juYNUa4eU/ePYPx3r2MWONVjPDKOBJB4qUlhkxW', null, 900000263, false, true, true, '2024-02-02 00:00:00', 'USER', 0, 'sv263_huy', 'https://github.com/sv263_huy');
INSERT IGNORE INTO users (id, about, activation_code, active, background_color, birthday, color_scheme, country, country_code, email, full_name, gender, language, like_count, location, media_tweet_count, muted_direct_messages, notifications_count, password, password_reset_code, phone, private_profile, profile_customized, profile_started, registration_date, role, tweet_count, username, website) VALUES (264, 'Sinh viên D22 — Khoa CNTT VKU. Đam mê backend.', null, true, 'DEFAULT', null, 'BLUE', 'VN', 'VN', 'sv264_khanh@student.it.edu.vn', 'Do Khanh', null, 'Tieng Viet', 0, 'TP.HCM', 0, false, 0, '$2a$08$TZekzxmq.KO2f.juYNUa4eU/ePYPx3r2MWONVjPDKOBJB4qUlhkxW', null, 900000264, false, true, true, '2024-03-03 00:00:00', 'USER', 0, 'sv264_khanh', 'https://github.com/sv264_khanh');
INSERT IGNORE INTO users (id, about, activation_code, active, background_color, birthday, color_scheme, country, country_code, email, full_name, gender, language, like_count, location, media_tweet_count, muted_direct_messages, notifications_count, password, password_reset_code, phone, private_profile, profile_customized, profile_started, registration_date, role, tweet_count, username, website) VALUES (265, 'Sinh viên D23 — Khoa CNTT VKU. Đam mê fullstack.', null, true, 'DEFAULT', null, 'BLUE', 'VN', 'VN', 'sv265_lan@student.it.edu.vn', 'Vu Lan', null, 'Tieng Viet', 0, 'Da Nang', 0, false, 0, '$2a$08$TZekzxmq.KO2f.juYNUa4eU/ePYPx3r2MWONVjPDKOBJB4qUlhkxW', null, 900000265, false, true, true, '2024-04-04 00:00:00', 'USER', 0, 'sv265_lan', 'https://github.com/sv265_lan');
INSERT IGNORE INTO users (id, about, activation_code, active, background_color, birthday, color_scheme, country, country_code, email, full_name, gender, language, like_count, location, media_tweet_count, muted_direct_messages, notifications_count, password, password_reset_code, phone, private_profile, profile_customized, profile_started, registration_date, role, tweet_count, username, website) VALUES (266, 'Sinh viên D24 — Khoa CNTT VKU. Đam mê frontend.', null, true, 'DEFAULT', null, 'BLUE', 'VN', 'VN', 'sv266_minh@student.it.edu.vn', 'Vu Minh', null, 'Tieng Viet', 0, 'TP.HCM', 0, false, 0, '$2a$08$TZekzxmq.KO2f.juYNUa4eU/ePYPx3r2MWONVjPDKOBJB4qUlhkxW', null, 900000266, false, true, true, '2024-05-05 00:00:00', 'USER', 0, 'sv266_minh', 'https://github.com/sv266_minh');
INSERT IGNORE INTO users (id, about, activation_code, active, background_color, birthday, color_scheme, country, country_code, email, full_name, gender, language, like_count, location, media_tweet_count, muted_direct_messages, notifications_count, password, password_reset_code, phone, private_profile, profile_customized, profile_started, registration_date, role, tweet_count, username, website) VALUES (267, 'Sinh viên D25 — Khoa CNTT VKU. Đam mê frontend.', null, true, 'DEFAULT', null, 'BLUE', 'VN', 'VN', 'sv267_nam@student.it.edu.vn', 'Vu Nam', null, 'Tieng Viet', 0, 'Campus VKU', 0, false, 0, '$2a$08$TZekzxmq.KO2f.juYNUa4eU/ePYPx3r2MWONVjPDKOBJB4qUlhkxW', null, 900000267, false, true, true, '2024-06-06 00:00:00', 'USER', 0, 'sv267_nam', 'https://github.com/sv267_nam');
INSERT IGNORE INTO users (id, about, activation_code, active, background_color, birthday, color_scheme, country, country_code, email, full_name, gender, language, like_count, location, media_tweet_count, muted_direct_messages, notifications_count, password, password_reset_code, phone, private_profile, profile_customized, profile_started, registration_date, role, tweet_count, username, website) VALUES (268, 'Sinh viên D21 — Khoa CNTT VKU. Đam mê backend.', null, true, 'DEFAULT', null, 'BLUE', 'VN', 'VN', 'sv268_phuc@student.it.edu.vn', 'Nguyen Phuc', null, 'Tieng Viet', 0, 'TP.HCM', 0, false, 0, '$2a$08$TZekzxmq.KO2f.juYNUa4eU/ePYPx3r2MWONVjPDKOBJB4qUlhkxW', null, 900000268, false, true, true, '2024-07-07 00:00:00', 'USER', 0, 'sv268_phuc', 'https://github.com/sv268_phuc');
INSERT IGNORE INTO users (id, about, activation_code, active, background_color, birthday, color_scheme, country, country_code, email, full_name, gender, language, like_count, location, media_tweet_count, muted_direct_messages, notifications_count, password, password_reset_code, phone, private_profile, profile_customized, profile_started, registration_date, role, tweet_count, username, website) VALUES (269, 'Sinh viên D22 — Khoa CNTT VKU. Đam mê DevOps.', null, true, 'DEFAULT', null, 'BLUE', 'VN', 'VN', 'sv269_quan@student.it.edu.vn', 'Nguyen Quan', null, 'Tieng Viet', 0, 'TP.HCM', 0, false, 0, '$2a$08$TZekzxmq.KO2f.juYNUa4eU/ePYPx3r2MWONVjPDKOBJB4qUlhkxW', null, 900000269, false, true, true, '2024-08-08 00:00:00', 'USER', 0, 'sv269_quan', 'https://github.com/sv269_quan');
INSERT IGNORE INTO users (id, about, activation_code, active, background_color, birthday, color_scheme, country, country_code, email, full_name, gender, language, like_count, location, media_tweet_count, muted_direct_messages, notifications_count, password, password_reset_code, phone, private_profile, profile_customized, profile_started, registration_date, role, tweet_count, username, website) VALUES (270, 'Sinh viên D23 — Khoa CNTT VKU. Đam mê AI.', null, true, 'DEFAULT', null, 'BLUE', 'VN', 'VN', 'sv270_son@student.it.edu.vn', 'Nguyen Son', null, 'Tieng Viet', 0, 'Ha Noi', 0, false, 0, '$2a$08$TZekzxmq.KO2f.juYNUa4eU/ePYPx3r2MWONVjPDKOBJB4qUlhkxW', null, 900000270, false, true, true, '2024-09-09 00:00:00', 'USER', 0, 'sv270_son', 'https://github.com/sv270_son');
INSERT IGNORE INTO users (id, about, activation_code, active, background_color, birthday, color_scheme, country, country_code, email, full_name, gender, language, like_count, location, media_tweet_count, muted_direct_messages, notifications_count, password, password_reset_code, phone, private_profile, profile_customized, profile_started, registration_date, role, tweet_count, username, website) VALUES (271, 'Sinh viên D24 — Khoa CNTT VKU. Đam mê frontend.', null, true, 'DEFAULT', null, 'BLUE', 'VN', 'VN', 'sv271_thao@student.it.edu.vn', 'Tran Thao', null, 'Tieng Viet', 0, 'Online', 0, false, 0, '$2a$08$TZekzxmq.KO2f.juYNUa4eU/ePYPx3r2MWONVjPDKOBJB4qUlhkxW', null, 900000271, false, true, true, '2024-10-10 00:00:00', 'USER', 0, 'sv271_thao', 'https://github.com/sv271_thao');
INSERT IGNORE INTO users (id, about, activation_code, active, background_color, birthday, color_scheme, country, country_code, email, full_name, gender, language, like_count, location, media_tweet_count, muted_direct_messages, notifications_count, password, password_reset_code, phone, private_profile, profile_customized, profile_started, registration_date, role, tweet_count, username, website) VALUES (272, 'Sinh viên D25 — Khoa CNTT VKU. Đam mê DevOps.', null, true, 'DEFAULT', null, 'BLUE', 'VN', 'VN', 'sv272_trang@student.it.edu.vn', 'Tran Trang', null, 'Tieng Viet', 0, 'Campus VKU', 0, false, 0, '$2a$08$TZekzxmq.KO2f.juYNUa4eU/ePYPx3r2MWONVjPDKOBJB4qUlhkxW', null, 900000272, false, true, true, '2024-11-11 00:00:00', 'USER', 0, 'sv272_trang', 'https://github.com/sv272_trang');
INSERT IGNORE INTO users (id, about, activation_code, active, background_color, birthday, color_scheme, country, country_code, email, full_name, gender, language, like_count, location, media_tweet_count, muted_direct_messages, notifications_count, password, password_reset_code, phone, private_profile, profile_customized, profile_started, registration_date, role, tweet_count, username, website) VALUES (273, 'Sinh viên D21 — Khoa CNTT VKU. Đam mê frontend.', null, true, 'DEFAULT', null, 'BLUE', 'VN', 'VN', 'sv273_tuan@student.it.edu.vn', 'Tran Tuan', null, 'Tieng Viet', 0, 'Da Nang', 0, false, 0, '$2a$08$TZekzxmq.KO2f.juYNUa4eU/ePYPx3r2MWONVjPDKOBJB4qUlhkxW', null, 900000273, false, true, true, '2024-12-12 00:00:00', 'USER', 0, 'sv273_tuan', 'https://github.com/sv273_tuan');
INSERT IGNORE INTO users (id, about, activation_code, active, background_color, birthday, color_scheme, country, country_code, email, full_name, gender, language, like_count, location, media_tweet_count, muted_direct_messages, notifications_count, password, password_reset_code, phone, private_profile, profile_customized, profile_started, registration_date, role, tweet_count, username, website) VALUES (274, 'Giảng viên môn IT — chuyên AI/ML.', null, true, 'DEFAULT', null, 'BLUE', 'VN', 'VN', 'sv274_vy@student.it.edu.vn', 'Le Vy', null, 'Tieng Viet', 0, 'Ha Noi', 0, false, 0, '$2a$08$TZekzxmq.KO2f.juYNUa4eU/ePYPx3r2MWONVjPDKOBJB4qUlhkxW', null, 900000274, false, true, true, '2024-01-13 00:00:00', 'TEACHER', 0, 'sv274_vy', 'https://github.com/sv274_vy');
INSERT IGNORE INTO users (id, about, activation_code, active, background_color, birthday, color_scheme, country, country_code, email, full_name, gender, language, like_count, location, media_tweet_count, muted_direct_messages, notifications_count, password, password_reset_code, phone, private_profile, profile_customized, profile_started, registration_date, role, tweet_count, username, website) VALUES (275, 'Sinh viên D23 — Khoa CNTT VKU. Đam mê AI.', null, true, 'DEFAULT', null, 'BLUE', 'VN', 'VN', 'sv275_yen@student.it.edu.vn', 'Le Yen', null, 'Tieng Viet', 0, 'Online', 0, false, 0, '$2a$08$TZekzxmq.KO2f.juYNUa4eU/ePYPx3r2MWONVjPDKOBJB4qUlhkxW', null, 900000275, false, true, true, '2024-02-14 00:00:00', 'USER', 0, 'sv275_yen', 'https://github.com/sv275_yen');
INSERT IGNORE INTO users (id, about, activation_code, active, background_color, birthday, color_scheme, country, country_code, email, full_name, gender, language, like_count, location, media_tweet_count, muted_direct_messages, notifications_count, password, password_reset_code, phone, private_profile, profile_customized, profile_started, registration_date, role, tweet_count, username, website) VALUES (276, 'Sinh viên D24 — Khoa CNTT VKU. Đam mê frontend.', null, true, 'DEFAULT', null, 'BLUE', 'VN', 'VN', 'sv276_khoa@student.it.edu.vn', 'Le Khoa', null, 'Tieng Viet', 0, 'Online', 0, false, 0, '$2a$08$TZekzxmq.KO2f.juYNUa4eU/ePYPx3r2MWONVjPDKOBJB4qUlhkxW', null, 900000276, false, true, true, '2024-03-15 00:00:00', 'USER', 0, 'sv276_khoa', 'https://github.com/sv276_khoa');
INSERT IGNORE INTO users (id, about, activation_code, active, background_color, birthday, color_scheme, country, country_code, email, full_name, gender, language, like_count, location, media_tweet_count, muted_direct_messages, notifications_count, password, password_reset_code, phone, private_profile, profile_customized, profile_started, registration_date, role, tweet_count, username, website) VALUES (277, 'Sinh viên D25 — Khoa CNTT VKU. Đam mê fullstack.', null, true, 'DEFAULT', null, 'BLUE', 'VN', 'VN', 'sv277_linh@student.it.edu.vn', 'Pham Linh', null, 'Tieng Viet', 0, 'Can Tho', 0, false, 0, '$2a$08$TZekzxmq.KO2f.juYNUa4eU/ePYPx3r2MWONVjPDKOBJB4qUlhkxW', null, 900000277, false, true, true, '2024-04-16 00:00:00', 'USER', 0, 'sv277_linh', 'https://github.com/sv277_linh');
INSERT IGNORE INTO users (id, about, activation_code, active, background_color, birthday, color_scheme, country, country_code, email, full_name, gender, language, like_count, location, media_tweet_count, muted_direct_messages, notifications_count, password, password_reset_code, phone, private_profile, profile_customized, profile_started, registration_date, role, tweet_count, username, website) VALUES (278, 'Sinh viên D21 — Khoa CNTT VKU. Đam mê fullstack.', null, true, 'DEFAULT', null, 'BLUE', 'VN', 'VN', 'sv278_an@student.it.edu.vn', 'Pham An', null, 'Tieng Viet', 0, 'Can Tho', 0, false, 0, '$2a$08$TZekzxmq.KO2f.juYNUa4eU/ePYPx3r2MWONVjPDKOBJB4qUlhkxW', null, 900000278, false, true, true, '2024-05-17 00:00:00', 'USER', 0, 'sv278_an', 'https://github.com/sv278_an');
INSERT IGNORE INTO users (id, about, activation_code, active, background_color, birthday, color_scheme, country, country_code, email, full_name, gender, language, like_count, location, media_tweet_count, muted_direct_messages, notifications_count, password, password_reset_code, phone, private_profile, profile_customized, profile_started, registration_date, role, tweet_count, username, website) VALUES (279, 'Sinh viên D22 — Khoa CNTT VKU. Đam mê AI.', null, true, 'DEFAULT', null, 'BLUE', 'VN', 'VN', 'sv279_binh@student.it.edu.vn', 'Pham Binh', null, 'Tieng Viet', 0, 'Can Tho', 0, false, 0, '$2a$08$TZekzxmq.KO2f.juYNUa4eU/ePYPx3r2MWONVjPDKOBJB4qUlhkxW', null, 900000279, false, true, true, '2024-06-18 00:00:00', 'USER', 0, 'sv279_binh', 'https://github.com/sv279_binh');
INSERT IGNORE INTO users (id, about, activation_code, active, background_color, birthday, color_scheme, country, country_code, email, full_name, gender, language, like_count, location, media_tweet_count, muted_direct_messages, notifications_count, password, password_reset_code, phone, private_profile, profile_customized, profile_started, registration_date, role, tweet_count, username, website) VALUES (280, 'Sinh viên D23 — Khoa CNTT VKU. Đam mê backend.', null, true, 'DEFAULT', null, 'BLUE', 'VN', 'VN', 'sv280_chi@student.it.edu.vn', 'Hoang Chi', null, 'Tieng Viet', 0, 'Ha Noi', 0, false, 0, '$2a$08$TZekzxmq.KO2f.juYNUa4eU/ePYPx3r2MWONVjPDKOBJB4qUlhkxW', null, 900000280, false, true, true, '2024-07-19 00:00:00', 'USER', 0, 'sv280_chi', 'https://github.com/sv280_chi');
INSERT IGNORE INTO users (id, about, activation_code, active, background_color, birthday, color_scheme, country, country_code, email, full_name, gender, language, like_count, location, media_tweet_count, muted_direct_messages, notifications_count, password, password_reset_code, phone, private_profile, profile_customized, profile_started, registration_date, role, tweet_count, username, website) VALUES (281, 'Sinh viên D24 — Khoa CNTT VKU. Đam mê frontend.', null, true, 'DEFAULT', null, 'BLUE', 'VN', 'VN', 'sv281_dung@student.it.edu.vn', 'Hoang Dung', null, 'Tieng Viet', 0, 'TP.HCM', 0, false, 0, '$2a$08$TZekzxmq.KO2f.juYNUa4eU/ePYPx3r2MWONVjPDKOBJB4qUlhkxW', null, 900000281, false, true, true, '2024-08-20 00:00:00', 'USER', 0, 'sv281_dung', 'https://github.com/sv281_dung');
INSERT IGNORE INTO users (id, about, activation_code, active, background_color, birthday, color_scheme, country, country_code, email, full_name, gender, language, like_count, location, media_tweet_count, muted_direct_messages, notifications_count, password, password_reset_code, phone, private_profile, profile_customized, profile_started, registration_date, role, tweet_count, username, website) VALUES (282, 'Sinh viên D25 — Khoa CNTT VKU. Đam mê fullstack.', null, true, 'DEFAULT', null, 'BLUE', 'VN', 'VN', 'sv282_ha@student.it.edu.vn', 'Hoang Ha', null, 'Tieng Viet', 0, 'TP.HCM', 0, false, 0, '$2a$08$TZekzxmq.KO2f.juYNUa4eU/ePYPx3r2MWONVjPDKOBJB4qUlhkxW', null, 900000282, false, true, true, '2024-09-21 00:00:00', 'USER', 0, 'sv282_ha', 'https://github.com/sv282_ha');
INSERT IGNORE INTO users (id, about, activation_code, active, background_color, birthday, color_scheme, country, country_code, email, full_name, gender, language, like_count, location, media_tweet_count, muted_direct_messages, notifications_count, password, password_reset_code, phone, private_profile, profile_customized, profile_started, registration_date, role, tweet_count, username, website) VALUES (283, 'Sinh viên D21 — Khoa CNTT VKU. Đam mê AI.', null, true, 'DEFAULT', null, 'BLUE', 'VN', 'VN', 'sv283_huy@student.it.edu.vn', 'Vo Huy', null, 'Tieng Viet', 0, 'Campus VKU', 0, false, 0, '$2a$08$TZekzxmq.KO2f.juYNUa4eU/ePYPx3r2MWONVjPDKOBJB4qUlhkxW', null, 900000283, false, true, true, '2024-10-22 00:00:00', 'USER', 0, 'sv283_huy', 'https://github.com/sv283_huy');
INSERT IGNORE INTO users (id, about, activation_code, active, background_color, birthday, color_scheme, country, country_code, email, full_name, gender, language, like_count, location, media_tweet_count, muted_direct_messages, notifications_count, password, password_reset_code, phone, private_profile, profile_customized, profile_started, registration_date, role, tweet_count, username, website) VALUES (284, 'Sinh viên D22 — Khoa CNTT VKU. Đam mê frontend.', null, true, 'DEFAULT', null, 'BLUE', 'VN', 'VN', 'sv284_khanh@student.it.edu.vn', 'Vo Khanh', null, 'Tieng Viet', 0, 'Campus VKU', 0, false, 0, '$2a$08$TZekzxmq.KO2f.juYNUa4eU/ePYPx3r2MWONVjPDKOBJB4qUlhkxW', null, 900000284, false, true, true, '2024-11-23 00:00:00', 'USER', 0, 'sv284_khanh', 'https://github.com/sv284_khanh');
INSERT IGNORE INTO users (id, about, activation_code, active, background_color, birthday, color_scheme, country, country_code, email, full_name, gender, language, like_count, location, media_tweet_count, muted_direct_messages, notifications_count, password, password_reset_code, phone, private_profile, profile_customized, profile_started, registration_date, role, tweet_count, username, website) VALUES (285, 'Sinh viên D23 — Khoa CNTT VKU. Đam mê frontend.', null, true, 'DEFAULT', null, 'BLUE', 'VN', 'VN', 'sv285_lan@student.it.edu.vn', 'Vo Lan', null, 'Tieng Viet', 0, 'TP.HCM', 0, false, 0, '$2a$08$TZekzxmq.KO2f.juYNUa4eU/ePYPx3r2MWONVjPDKOBJB4qUlhkxW', null, 900000285, false, true, true, '2024-12-24 00:00:00', 'USER', 0, 'sv285_lan', 'https://github.com/sv285_lan');
INSERT IGNORE INTO users (id, about, activation_code, active, background_color, birthday, color_scheme, country, country_code, email, full_name, gender, language, like_count, location, media_tweet_count, muted_direct_messages, notifications_count, password, password_reset_code, phone, private_profile, profile_customized, profile_started, registration_date, role, tweet_count, username, website) VALUES (286, 'Giảng viên môn IT — chuyên Java/Spring.', null, true, 'DEFAULT', null, 'BLUE', 'VN', 'VN', 'sv286_minh@student.it.edu.vn', 'Dang Minh', null, 'Tieng Viet', 0, 'Online', 0, false, 0, '$2a$08$TZekzxmq.KO2f.juYNUa4eU/ePYPx3r2MWONVjPDKOBJB4qUlhkxW', null, 900000286, false, true, true, '2024-01-25 00:00:00', 'TEACHER', 0, 'sv286_minh', 'https://github.com/sv286_minh');
INSERT IGNORE INTO users (id, about, activation_code, active, background_color, birthday, color_scheme, country, country_code, email, full_name, gender, language, like_count, location, media_tweet_count, muted_direct_messages, notifications_count, password, password_reset_code, phone, private_profile, profile_customized, profile_started, registration_date, role, tweet_count, username, website) VALUES (287, 'Sinh viên D25 — Khoa CNTT VKU. Đam mê backend.', null, true, 'DEFAULT', null, 'BLUE', 'VN', 'VN', 'sv287_nam@student.it.edu.vn', 'Dang Nam', null, 'Tieng Viet', 0, 'Ha Noi', 0, false, 0, '$2a$08$TZekzxmq.KO2f.juYNUa4eU/ePYPx3r2MWONVjPDKOBJB4qUlhkxW', null, 900000287, false, true, true, '2024-02-26 00:00:00', 'USER', 0, 'sv287_nam', 'https://github.com/sv287_nam');
INSERT IGNORE INTO users (id, about, activation_code, active, background_color, birthday, color_scheme, country, country_code, email, full_name, gender, language, like_count, location, media_tweet_count, muted_direct_messages, notifications_count, password, password_reset_code, phone, private_profile, profile_customized, profile_started, registration_date, role, tweet_count, username, website) VALUES (288, 'Sinh viên D21 — Khoa CNTT VKU. Đam mê backend.', null, true, 'DEFAULT', null, 'BLUE', 'VN', 'VN', 'sv288_phuc@student.it.edu.vn', 'Dang Phuc', null, 'Tieng Viet', 0, 'TP.HCM', 0, false, 0, '$2a$08$TZekzxmq.KO2f.juYNUa4eU/ePYPx3r2MWONVjPDKOBJB4qUlhkxW', null, 900000288, false, true, true, '2024-03-27 00:00:00', 'USER', 0, 'sv288_phuc', 'https://github.com/sv288_phuc');
INSERT IGNORE INTO users (id, about, activation_code, active, background_color, birthday, color_scheme, country, country_code, email, full_name, gender, language, like_count, location, media_tweet_count, muted_direct_messages, notifications_count, password, password_reset_code, phone, private_profile, profile_customized, profile_started, registration_date, role, tweet_count, username, website) VALUES (289, 'Sinh viên D22 — Khoa CNTT VKU. Đam mê fullstack.', null, true, 'DEFAULT', null, 'BLUE', 'VN', 'VN', 'sv289_quan@student.it.edu.vn', 'Bui Quan', null, 'Tieng Viet', 0, 'TP.HCM', 0, false, 0, '$2a$08$TZekzxmq.KO2f.juYNUa4eU/ePYPx3r2MWONVjPDKOBJB4qUlhkxW', null, 900000289, false, true, true, '2024-04-28 00:00:00', 'USER', 0, 'sv289_quan', 'https://github.com/sv289_quan');
INSERT IGNORE INTO users (id, about, activation_code, active, background_color, birthday, color_scheme, country, country_code, email, full_name, gender, language, like_count, location, media_tweet_count, muted_direct_messages, notifications_count, password, password_reset_code, phone, private_profile, profile_customized, profile_started, registration_date, role, tweet_count, username, website) VALUES (290, 'Sinh viên D23 — Khoa CNTT VKU. Đam mê AI.', null, true, 'DEFAULT', null, 'BLUE', 'VN', 'VN', 'sv290_son@student.it.edu.vn', 'Bui Son', null, 'Tieng Viet', 0, 'Ha Noi', 0, false, 0, '$2a$08$TZekzxmq.KO2f.juYNUa4eU/ePYPx3r2MWONVjPDKOBJB4qUlhkxW', null, 900000290, false, true, true, '2024-05-01 00:00:00', 'USER', 0, 'sv290_son', 'https://github.com/sv290_son');
INSERT IGNORE INTO users (id, about, activation_code, active, background_color, birthday, color_scheme, country, country_code, email, full_name, gender, language, like_count, location, media_tweet_count, muted_direct_messages, notifications_count, password, password_reset_code, phone, private_profile, profile_customized, profile_started, registration_date, role, tweet_count, username, website) VALUES (291, 'Sinh viên D24 — Khoa CNTT VKU. Đam mê fullstack.', null, true, 'DEFAULT', null, 'BLUE', 'VN', 'VN', 'sv291_thao@student.it.edu.vn', 'Bui Thao', null, 'Tieng Viet', 0, 'Online', 0, false, 0, '$2a$08$TZekzxmq.KO2f.juYNUa4eU/ePYPx3r2MWONVjPDKOBJB4qUlhkxW', null, 900000291, false, true, true, '2024-06-02 00:00:00', 'USER', 0, 'sv291_thao', 'https://github.com/sv291_thao');
INSERT IGNORE INTO users (id, about, activation_code, active, background_color, birthday, color_scheme, country, country_code, email, full_name, gender, language, like_count, location, media_tweet_count, muted_direct_messages, notifications_count, password, password_reset_code, phone, private_profile, profile_customized, profile_started, registration_date, role, tweet_count, username, website) VALUES (292, 'Sinh viên D25 — Khoa CNTT VKU. Đam mê DevOps.', null, true, 'DEFAULT', null, 'BLUE', 'VN', 'VN', 'sv292_trang@student.it.edu.vn', 'Do Trang', null, 'Tieng Viet', 0, 'Ha Noi', 0, false, 0, '$2a$08$TZekzxmq.KO2f.juYNUa4eU/ePYPx3r2MWONVjPDKOBJB4qUlhkxW', null, 900000292, false, true, true, '2024-07-03 00:00:00', 'USER', 0, 'sv292_trang', 'https://github.com/sv292_trang');
INSERT IGNORE INTO users (id, about, activation_code, active, background_color, birthday, color_scheme, country, country_code, email, full_name, gender, language, like_count, location, media_tweet_count, muted_direct_messages, notifications_count, password, password_reset_code, phone, private_profile, profile_customized, profile_started, registration_date, role, tweet_count, username, website) VALUES (293, 'Sinh viên D21 — Khoa CNTT VKU. Đam mê AI.', null, true, 'DEFAULT', null, 'BLUE', 'VN', 'VN', 'sv293_tuan@student.it.edu.vn', 'Do Tuan', null, 'Tieng Viet', 0, 'Ha Noi', 0, false, 0, '$2a$08$TZekzxmq.KO2f.juYNUa4eU/ePYPx3r2MWONVjPDKOBJB4qUlhkxW', null, 900000293, false, true, true, '2024-08-04 00:00:00', 'USER', 0, 'sv293_tuan', 'https://github.com/sv293_tuan');
INSERT IGNORE INTO users (id, about, activation_code, active, background_color, birthday, color_scheme, country, country_code, email, full_name, gender, language, like_count, location, media_tweet_count, muted_direct_messages, notifications_count, password, password_reset_code, phone, private_profile, profile_customized, profile_started, registration_date, role, tweet_count, username, website) VALUES (294, 'Sinh viên D22 — Khoa CNTT VKU. Đam mê AI.', null, true, 'DEFAULT', null, 'BLUE', 'VN', 'VN', 'sv294_vy@student.it.edu.vn', 'Do Vy', null, 'Tieng Viet', 0, 'Campus VKU', 0, false, 0, '$2a$08$TZekzxmq.KO2f.juYNUa4eU/ePYPx3r2MWONVjPDKOBJB4qUlhkxW', null, 900000294, false, true, true, '2024-09-05 00:00:00', 'USER', 0, 'sv294_vy', 'https://github.com/sv294_vy');
INSERT IGNORE INTO users (id, about, activation_code, active, background_color, birthday, color_scheme, country, country_code, email, full_name, gender, language, like_count, location, media_tweet_count, muted_direct_messages, notifications_count, password, password_reset_code, phone, private_profile, profile_customized, profile_started, registration_date, role, tweet_count, username, website) VALUES (295, 'Sinh viên D23 — Khoa CNTT VKU. Đam mê DevOps.', null, true, 'DEFAULT', null, 'BLUE', 'VN', 'VN', 'sv295_yen@student.it.edu.vn', 'Vu Yen', null, 'Tieng Viet', 0, 'Ha Noi', 0, false, 0, '$2a$08$TZekzxmq.KO2f.juYNUa4eU/ePYPx3r2MWONVjPDKOBJB4qUlhkxW', null, 900000295, false, true, true, '2024-10-06 00:00:00', 'USER', 0, 'sv295_yen', 'https://github.com/sv295_yen');
INSERT IGNORE INTO users (id, about, activation_code, active, background_color, birthday, color_scheme, country, country_code, email, full_name, gender, language, like_count, location, media_tweet_count, muted_direct_messages, notifications_count, password, password_reset_code, phone, private_profile, profile_customized, profile_started, registration_date, role, tweet_count, username, website) VALUES (296, 'Sinh viên D24 — Khoa CNTT VKU. Đam mê DevOps.', null, true, 'DEFAULT', null, 'BLUE', 'VN', 'VN', 'sv296_khoa@student.it.edu.vn', 'Vu Khoa', null, 'Tieng Viet', 0, 'Can Tho', 0, false, 0, '$2a$08$TZekzxmq.KO2f.juYNUa4eU/ePYPx3r2MWONVjPDKOBJB4qUlhkxW', null, 900000296, false, true, true, '2024-11-07 00:00:00', 'USER', 0, 'sv296_khoa', 'https://github.com/sv296_khoa');
INSERT IGNORE INTO users (id, about, activation_code, active, background_color, birthday, color_scheme, country, country_code, email, full_name, gender, language, like_count, location, media_tweet_count, muted_direct_messages, notifications_count, password, password_reset_code, phone, private_profile, profile_customized, profile_started, registration_date, role, tweet_count, username, website) VALUES (297, 'Sinh viên D25 — Khoa CNTT VKU. Đam mê frontend.', null, true, 'DEFAULT', null, 'BLUE', 'VN', 'VN', 'sv297_linh@student.it.edu.vn', 'Vu Linh', null, 'Tieng Viet', 0, 'TP.HCM', 0, false, 0, '$2a$08$TZekzxmq.KO2f.juYNUa4eU/ePYPx3r2MWONVjPDKOBJB4qUlhkxW', null, 900000297, false, true, true, '2024-12-08 00:00:00', 'USER', 0, 'sv297_linh', 'https://github.com/sv297_linh');
INSERT IGNORE INTO users (id, about, activation_code, active, background_color, birthday, color_scheme, country, country_code, email, full_name, gender, language, like_count, location, media_tweet_count, muted_direct_messages, notifications_count, password, password_reset_code, phone, private_profile, profile_customized, profile_started, registration_date, role, tweet_count, username, website) VALUES (298, 'Giảng viên môn IT — chuyên Java/Spring.', null, true, 'DEFAULT', null, 'BLUE', 'VN', 'VN', 'sv298_an@student.it.edu.vn', 'Nguyen An', null, 'Tieng Viet', 0, 'Online', 0, false, 0, '$2a$08$TZekzxmq.KO2f.juYNUa4eU/ePYPx3r2MWONVjPDKOBJB4qUlhkxW', null, 900000298, false, true, true, '2024-01-09 00:00:00', 'TEACHER', 0, 'sv298_an', 'https://github.com/sv298_an');
INSERT IGNORE INTO users (id, about, activation_code, active, background_color, birthday, color_scheme, country, country_code, email, full_name, gender, language, like_count, location, media_tweet_count, muted_direct_messages, notifications_count, password, password_reset_code, phone, private_profile, profile_customized, profile_started, registration_date, role, tweet_count, username, website) VALUES (299, 'Sinh viên D22 — Khoa CNTT VKU. Đam mê DevOps.', null, true, 'DEFAULT', null, 'BLUE', 'VN', 'VN', 'sv299_binh@student.it.edu.vn', 'Nguyen Binh', null, 'Tieng Viet', 0, 'Da Nang', 0, false, 0, '$2a$08$TZekzxmq.KO2f.juYNUa4eU/ePYPx3r2MWONVjPDKOBJB4qUlhkxW', null, 900000299, false, true, true, '2024-02-10 00:00:00', 'USER', 0, 'sv299_binh', 'https://github.com/sv299_binh');
INSERT IGNORE INTO users (id, about, activation_code, active, background_color, birthday, color_scheme, country, country_code, email, full_name, gender, language, like_count, location, media_tweet_count, muted_direct_messages, notifications_count, password, password_reset_code, phone, private_profile, profile_customized, profile_started, registration_date, role, tweet_count, username, website) VALUES (300, 'Sinh viên D23 — Khoa CNTT VKU. Đam mê DevOps.', null, true, 'DEFAULT', null, 'BLUE', 'VN', 'VN', 'sv300_chi@student.it.edu.vn', 'Nguyen Chi', null, 'Tieng Viet', 0, 'Can Tho', 0, false, 0, '$2a$08$TZekzxmq.KO2f.juYNUa4eU/ePYPx3r2MWONVjPDKOBJB4qUlhkxW', null, 900000300, false, true, true, '2024-03-11 00:00:00', 'USER', 0, 'sv300_chi', 'https://github.com/sv300_chi');
INSERT IGNORE INTO users (id, about, activation_code, active, background_color, birthday, color_scheme, country, country_code, email, full_name, gender, language, like_count, location, media_tweet_count, muted_direct_messages, notifications_count, password, password_reset_code, phone, private_profile, profile_customized, profile_started, registration_date, role, tweet_count, username, website) VALUES (301, 'Sinh viên D24 — Khoa CNTT VKU. Đam mê DevOps.', null, true, 'DEFAULT', null, 'BLUE', 'VN', 'VN', 'sv301_dung@student.it.edu.vn', 'Tran Dung', null, 'Tieng Viet', 0, 'Online', 0, false, 0, '$2a$08$TZekzxmq.KO2f.juYNUa4eU/ePYPx3r2MWONVjPDKOBJB4qUlhkxW', null, 900000301, false, true, true, '2024-04-12 00:00:00', 'USER', 0, 'sv301_dung', 'https://github.com/sv301_dung');
INSERT IGNORE INTO users (id, about, activation_code, active, background_color, birthday, color_scheme, country, country_code, email, full_name, gender, language, like_count, location, media_tweet_count, muted_direct_messages, notifications_count, password, password_reset_code, phone, private_profile, profile_customized, profile_started, registration_date, role, tweet_count, username, website) VALUES (302, 'Sinh viên D25 — Khoa CNTT VKU. Đam mê backend.', null, true, 'DEFAULT', null, 'BLUE', 'VN', 'VN', 'sv302_ha@student.it.edu.vn', 'Tran Ha', null, 'Tieng Viet', 0, 'Online', 0, false, 0, '$2a$08$TZekzxmq.KO2f.juYNUa4eU/ePYPx3r2MWONVjPDKOBJB4qUlhkxW', null, 900000302, false, true, true, '2024-05-13 00:00:00', 'USER', 0, 'sv302_ha', 'https://github.com/sv302_ha');
INSERT IGNORE INTO users (id, about, activation_code, active, background_color, birthday, color_scheme, country, country_code, email, full_name, gender, language, like_count, location, media_tweet_count, muted_direct_messages, notifications_count, password, password_reset_code, phone, private_profile, profile_customized, profile_started, registration_date, role, tweet_count, username, website) VALUES (303, 'Sinh viên D21 — Khoa CNTT VKU. Đam mê backend.', null, true, 'DEFAULT', null, 'BLUE', 'VN', 'VN', 'sv303_huy@student.it.edu.vn', 'Tran Huy', null, 'Tieng Viet', 0, 'TP.HCM', 0, false, 0, '$2a$08$TZekzxmq.KO2f.juYNUa4eU/ePYPx3r2MWONVjPDKOBJB4qUlhkxW', null, 900000303, false, true, true, '2024-06-14 00:00:00', 'USER', 0, 'sv303_huy', 'https://github.com/sv303_huy');
INSERT IGNORE INTO users (id, about, activation_code, active, background_color, birthday, color_scheme, country, country_code, email, full_name, gender, language, like_count, location, media_tweet_count, muted_direct_messages, notifications_count, password, password_reset_code, phone, private_profile, profile_customized, profile_started, registration_date, role, tweet_count, username, website) VALUES (304, 'Sinh viên D22 — Khoa CNTT VKU. Đam mê DevOps.', null, true, 'DEFAULT', null, 'BLUE', 'VN', 'VN', 'sv304_khanh@student.it.edu.vn', 'Le Khanh', null, 'Tieng Viet', 0, 'Online', 0, false, 0, '$2a$08$TZekzxmq.KO2f.juYNUa4eU/ePYPx3r2MWONVjPDKOBJB4qUlhkxW', null, 900000304, false, true, true, '2024-07-15 00:00:00', 'USER', 0, 'sv304_khanh', 'https://github.com/sv304_khanh');
INSERT IGNORE INTO users (id, about, activation_code, active, background_color, birthday, color_scheme, country, country_code, email, full_name, gender, language, like_count, location, media_tweet_count, muted_direct_messages, notifications_count, password, password_reset_code, phone, private_profile, profile_customized, profile_started, registration_date, role, tweet_count, username, website) VALUES (305, 'Sinh viên D23 — Khoa CNTT VKU. Đam mê fullstack.', null, true, 'DEFAULT', null, 'BLUE', 'VN', 'VN', 'sv305_lan@student.it.edu.vn', 'Le Lan', null, 'Tieng Viet', 0, 'TP.HCM', 0, false, 0, '$2a$08$TZekzxmq.KO2f.juYNUa4eU/ePYPx3r2MWONVjPDKOBJB4qUlhkxW', null, 900000305, false, true, true, '2024-08-16 00:00:00', 'USER', 0, 'sv305_lan', 'https://github.com/sv305_lan');
INSERT IGNORE INTO users (id, about, activation_code, active, background_color, birthday, color_scheme, country, country_code, email, full_name, gender, language, like_count, location, media_tweet_count, muted_direct_messages, notifications_count, password, password_reset_code, phone, private_profile, profile_customized, profile_started, registration_date, role, tweet_count, username, website) VALUES (306, 'Sinh viên D24 — Khoa CNTT VKU. Đam mê frontend.', null, true, 'DEFAULT', null, 'BLUE', 'VN', 'VN', 'sv306_minh@student.it.edu.vn', 'Le Minh', null, 'Tieng Viet', 0, 'Ha Noi', 0, false, 0, '$2a$08$TZekzxmq.KO2f.juYNUa4eU/ePYPx3r2MWONVjPDKOBJB4qUlhkxW', null, 900000306, false, true, true, '2024-09-17 00:00:00', 'USER', 0, 'sv306_minh', 'https://github.com/sv306_minh');
INSERT IGNORE INTO users (id, about, activation_code, active, background_color, birthday, color_scheme, country, country_code, email, full_name, gender, language, like_count, location, media_tweet_count, muted_direct_messages, notifications_count, password, password_reset_code, phone, private_profile, profile_customized, profile_started, registration_date, role, tweet_count, username, website) VALUES (307, 'Sinh viên D25 — Khoa CNTT VKU. Đam mê frontend.', null, true, 'DEFAULT', null, 'BLUE', 'VN', 'VN', 'sv307_nam@student.it.edu.vn', 'Pham Nam', null, 'Tieng Viet', 0, 'Campus VKU', 0, false, 0, '$2a$08$TZekzxmq.KO2f.juYNUa4eU/ePYPx3r2MWONVjPDKOBJB4qUlhkxW', null, 900000307, false, true, true, '2024-10-18 00:00:00', 'USER', 0, 'sv307_nam', 'https://github.com/sv307_nam');
INSERT IGNORE INTO users (id, about, activation_code, active, background_color, birthday, color_scheme, country, country_code, email, full_name, gender, language, like_count, location, media_tweet_count, muted_direct_messages, notifications_count, password, password_reset_code, phone, private_profile, profile_customized, profile_started, registration_date, role, tweet_count, username, website) VALUES (308, 'Sinh viên D21 — Khoa CNTT VKU. Đam mê DevOps.', null, true, 'DEFAULT', null, 'BLUE', 'VN', 'VN', 'sv308_phuc@student.it.edu.vn', 'Pham Phuc', null, 'Tieng Viet', 0, 'Ha Noi', 0, false, 0, '$2a$08$TZekzxmq.KO2f.juYNUa4eU/ePYPx3r2MWONVjPDKOBJB4qUlhkxW', null, 900000308, false, true, true, '2024-11-19 00:00:00', 'USER', 0, 'sv308_phuc', 'https://github.com/sv308_phuc');
INSERT IGNORE INTO users (id, about, activation_code, active, background_color, birthday, color_scheme, country, country_code, email, full_name, gender, language, like_count, location, media_tweet_count, muted_direct_messages, notifications_count, password, password_reset_code, phone, private_profile, profile_customized, profile_started, registration_date, role, tweet_count, username, website) VALUES (309, 'Sinh viên D22 — Khoa CNTT VKU. Đam mê DevOps.', null, true, 'DEFAULT', null, 'BLUE', 'VN', 'VN', 'sv309_quan@student.it.edu.vn', 'Pham Quan', null, 'Tieng Viet', 0, 'Ha Noi', 0, false, 0, '$2a$08$TZekzxmq.KO2f.juYNUa4eU/ePYPx3r2MWONVjPDKOBJB4qUlhkxW', null, 900000309, false, true, true, '2024-12-20 00:00:00', 'USER', 0, 'sv309_quan', 'https://github.com/sv309_quan');
INSERT IGNORE INTO users (id, about, activation_code, active, background_color, birthday, color_scheme, country, country_code, email, full_name, gender, language, like_count, location, media_tweet_count, muted_direct_messages, notifications_count, password, password_reset_code, phone, private_profile, profile_customized, profile_started, registration_date, role, tweet_count, username, website) VALUES (310, 'Giảng viên môn IT — chuyên DevOps/Cloud.', null, true, 'DEFAULT', null, 'BLUE', 'VN', 'VN', 'sv310_son@student.it.edu.vn', 'Hoang Son', null, 'Tieng Viet', 0, 'Can Tho', 0, false, 0, '$2a$08$TZekzxmq.KO2f.juYNUa4eU/ePYPx3r2MWONVjPDKOBJB4qUlhkxW', null, 900000310, false, true, true, '2024-01-21 00:00:00', 'TEACHER', 0, 'sv310_son', 'https://github.com/sv310_son');
INSERT IGNORE INTO users (id, about, activation_code, active, background_color, birthday, color_scheme, country, country_code, email, full_name, gender, language, like_count, location, media_tweet_count, muted_direct_messages, notifications_count, password, password_reset_code, phone, private_profile, profile_customized, profile_started, registration_date, role, tweet_count, username, website) VALUES (311, 'Sinh viên D24 — Khoa CNTT VKU. Đam mê frontend.', null, true, 'DEFAULT', null, 'BLUE', 'VN', 'VN', 'sv311_thao@student.it.edu.vn', 'Hoang Thao', null, 'Tieng Viet', 0, 'TP.HCM', 0, false, 0, '$2a$08$TZekzxmq.KO2f.juYNUa4eU/ePYPx3r2MWONVjPDKOBJB4qUlhkxW', null, 900000311, false, true, true, '2024-02-22 00:00:00', 'USER', 0, 'sv311_thao', 'https://github.com/sv311_thao');
INSERT IGNORE INTO users (id, about, activation_code, active, background_color, birthday, color_scheme, country, country_code, email, full_name, gender, language, like_count, location, media_tweet_count, muted_direct_messages, notifications_count, password, password_reset_code, phone, private_profile, profile_customized, profile_started, registration_date, role, tweet_count, username, website) VALUES (312, 'Sinh viên D25 — Khoa CNTT VKU. Đam mê DevOps.', null, true, 'DEFAULT', null, 'BLUE', 'VN', 'VN', 'sv312_trang@student.it.edu.vn', 'Hoang Trang', null, 'Tieng Viet', 0, 'Campus VKU', 0, false, 0, '$2a$08$TZekzxmq.KO2f.juYNUa4eU/ePYPx3r2MWONVjPDKOBJB4qUlhkxW', null, 900000312, false, true, true, '2024-03-23 00:00:00', 'USER', 0, 'sv312_trang', 'https://github.com/sv312_trang');
INSERT IGNORE INTO users (id, about, activation_code, active, background_color, birthday, color_scheme, country, country_code, email, full_name, gender, language, like_count, location, media_tweet_count, muted_direct_messages, notifications_count, password, password_reset_code, phone, private_profile, profile_customized, profile_started, registration_date, role, tweet_count, username, website) VALUES (313, 'Sinh viên D21 — Khoa CNTT VKU. Đam mê backend.', null, true, 'DEFAULT', null, 'BLUE', 'VN', 'VN', 'sv313_tuan@student.it.edu.vn', 'Vo Tuan', null, 'Tieng Viet', 0, 'TP.HCM', 0, false, 0, '$2a$08$TZekzxmq.KO2f.juYNUa4eU/ePYPx3r2MWONVjPDKOBJB4qUlhkxW', null, 900000313, false, true, true, '2024-04-24 00:00:00', 'USER', 0, 'sv313_tuan', 'https://github.com/sv313_tuan');
INSERT IGNORE INTO users (id, about, activation_code, active, background_color, birthday, color_scheme, country, country_code, email, full_name, gender, language, like_count, location, media_tweet_count, muted_direct_messages, notifications_count, password, password_reset_code, phone, private_profile, profile_customized, profile_started, registration_date, role, tweet_count, username, website) VALUES (314, 'Sinh viên D22 — Khoa CNTT VKU. Đam mê AI.', null, true, 'DEFAULT', null, 'BLUE', 'VN', 'VN', 'sv314_vy@student.it.edu.vn', 'Vo Vy', null, 'Tieng Viet', 0, 'TP.HCM', 0, false, 0, '$2a$08$TZekzxmq.KO2f.juYNUa4eU/ePYPx3r2MWONVjPDKOBJB4qUlhkxW', null, 900000314, false, true, true, '2024-05-25 00:00:00', 'USER', 0, 'sv314_vy', 'https://github.com/sv314_vy');
INSERT IGNORE INTO users (id, about, activation_code, active, background_color, birthday, color_scheme, country, country_code, email, full_name, gender, language, like_count, location, media_tweet_count, muted_direct_messages, notifications_count, password, password_reset_code, phone, private_profile, profile_customized, profile_started, registration_date, role, tweet_count, username, website) VALUES (315, 'Sinh viên D23 — Khoa CNTT VKU. Đam mê backend.', null, true, 'DEFAULT', null, 'BLUE', 'VN', 'VN', 'sv315_yen@student.it.edu.vn', 'Vo Yen', null, 'Tieng Viet', 0, 'Ha Noi', 0, false, 0, '$2a$08$TZekzxmq.KO2f.juYNUa4eU/ePYPx3r2MWONVjPDKOBJB4qUlhkxW', null, 900000315, false, true, true, '2024-06-26 00:00:00', 'USER', 0, 'sv315_yen', 'https://github.com/sv315_yen');
INSERT IGNORE INTO users (id, about, activation_code, active, background_color, birthday, color_scheme, country, country_code, email, full_name, gender, language, like_count, location, media_tweet_count, muted_direct_messages, notifications_count, password, password_reset_code, phone, private_profile, profile_customized, profile_started, registration_date, role, tweet_count, username, website) VALUES (316, 'Sinh viên D24 — Khoa CNTT VKU. Đam mê frontend.', null, true, 'DEFAULT', null, 'BLUE', 'VN', 'VN', 'sv316_khoa@student.it.edu.vn', 'Dang Khoa', null, 'Tieng Viet', 0, 'Can Tho', 0, false, 0, '$2a$08$TZekzxmq.KO2f.juYNUa4eU/ePYPx3r2MWONVjPDKOBJB4qUlhkxW', null, 900000316, false, true, true, '2024-07-27 00:00:00', 'USER', 0, 'sv316_khoa', 'https://github.com/sv316_khoa');
INSERT IGNORE INTO users (id, about, activation_code, active, background_color, birthday, color_scheme, country, country_code, email, full_name, gender, language, like_count, location, media_tweet_count, muted_direct_messages, notifications_count, password, password_reset_code, phone, private_profile, profile_customized, profile_started, registration_date, role, tweet_count, username, website) VALUES (317, 'Sinh viên D25 — Khoa CNTT VKU. Đam mê DevOps.', null, true, 'DEFAULT', null, 'BLUE', 'VN', 'VN', 'sv317_linh@student.it.edu.vn', 'Dang Linh', null, 'Tieng Viet', 0, 'Can Tho', 0, false, 0, '$2a$08$TZekzxmq.KO2f.juYNUa4eU/ePYPx3r2MWONVjPDKOBJB4qUlhkxW', null, 900000317, false, true, true, '2024-08-28 00:00:00', 'USER', 0, 'sv317_linh', 'https://github.com/sv317_linh');
INSERT IGNORE INTO users (id, about, activation_code, active, background_color, birthday, color_scheme, country, country_code, email, full_name, gender, language, like_count, location, media_tweet_count, muted_direct_messages, notifications_count, password, password_reset_code, phone, private_profile, profile_customized, profile_started, registration_date, role, tweet_count, username, website) VALUES (318, 'Sinh viên D21 — Khoa CNTT VKU. Đam mê frontend.', null, true, 'DEFAULT', null, 'BLUE', 'VN', 'VN', 'sv318_an@student.it.edu.vn', 'Dang An', null, 'Tieng Viet', 0, 'Can Tho', 0, false, 0, '$2a$08$TZekzxmq.KO2f.juYNUa4eU/ePYPx3r2MWONVjPDKOBJB4qUlhkxW', null, 900000318, false, true, true, '2024-09-01 00:00:00', 'USER', 0, 'sv318_an', 'https://github.com/sv318_an');
INSERT IGNORE INTO users (id, about, activation_code, active, background_color, birthday, color_scheme, country, country_code, email, full_name, gender, language, like_count, location, media_tweet_count, muted_direct_messages, notifications_count, password, password_reset_code, phone, private_profile, profile_customized, profile_started, registration_date, role, tweet_count, username, website) VALUES (319, 'Sinh viên D22 — Khoa CNTT VKU. Đam mê backend.', null, true, 'DEFAULT', null, 'BLUE', 'VN', 'VN', 'sv319_binh@student.it.edu.vn', 'Bui Binh', null, 'Tieng Viet', 0, 'Ha Noi', 0, false, 0, '$2a$08$TZekzxmq.KO2f.juYNUa4eU/ePYPx3r2MWONVjPDKOBJB4qUlhkxW', null, 900000319, false, true, true, '2024-10-02 00:00:00', 'USER', 0, 'sv319_binh', 'https://github.com/sv319_binh');
INSERT IGNORE INTO users (id, about, activation_code, active, background_color, birthday, color_scheme, country, country_code, email, full_name, gender, language, like_count, location, media_tweet_count, muted_direct_messages, notifications_count, password, password_reset_code, phone, private_profile, profile_customized, profile_started, registration_date, role, tweet_count, username, website) VALUES (320, 'Sinh viên D23 — Khoa CNTT VKU. Đam mê DevOps.', null, true, 'DEFAULT', null, 'BLUE', 'VN', 'VN', 'sv320_chi@student.it.edu.vn', 'Bui Chi', null, 'Tieng Viet', 0, 'TP.HCM', 0, false, 0, '$2a$08$TZekzxmq.KO2f.juYNUa4eU/ePYPx3r2MWONVjPDKOBJB4qUlhkxW', null, 900000320, false, true, true, '2024-11-03 00:00:00', 'USER', 0, 'sv320_chi', 'https://github.com/sv320_chi');
INSERT IGNORE INTO users (id, about, activation_code, active, background_color, birthday, color_scheme, country, country_code, email, full_name, gender, language, like_count, location, media_tweet_count, muted_direct_messages, notifications_count, password, password_reset_code, phone, private_profile, profile_customized, profile_started, registration_date, role, tweet_count, username, website) VALUES (321, 'Sinh viên D24 — Khoa CNTT VKU. Đam mê DevOps.', null, true, 'DEFAULT', null, 'BLUE', 'VN', 'VN', 'sv321_dung@student.it.edu.vn', 'Bui Dung', null, 'Tieng Viet', 0, 'Da Nang', 0, false, 0, '$2a$08$TZekzxmq.KO2f.juYNUa4eU/ePYPx3r2MWONVjPDKOBJB4qUlhkxW', null, 900000321, false, true, true, '2024-12-04 00:00:00', 'USER', 0, 'sv321_dung', 'https://github.com/sv321_dung');
INSERT IGNORE INTO users (id, about, activation_code, active, background_color, birthday, color_scheme, country, country_code, email, full_name, gender, language, like_count, location, media_tweet_count, muted_direct_messages, notifications_count, password, password_reset_code, phone, private_profile, profile_customized, profile_started, registration_date, role, tweet_count, username, website) VALUES (322, 'Giảng viên môn IT — chuyên AI/ML.', null, true, 'DEFAULT', null, 'BLUE', 'VN', 'VN', 'sv322_ha@student.it.edu.vn', 'Do Ha', null, 'Tieng Viet', 0, 'Da Nang', 0, false, 0, '$2a$08$TZekzxmq.KO2f.juYNUa4eU/ePYPx3r2MWONVjPDKOBJB4qUlhkxW', null, 900000322, false, true, true, '2024-01-05 00:00:00', 'TEACHER', 0, 'sv322_ha', 'https://github.com/sv322_ha');
INSERT IGNORE INTO users (id, about, activation_code, active, background_color, birthday, color_scheme, country, country_code, email, full_name, gender, language, like_count, location, media_tweet_count, muted_direct_messages, notifications_count, password, password_reset_code, phone, private_profile, profile_customized, profile_started, registration_date, role, tweet_count, username, website) VALUES (323, 'Sinh viên D21 — Khoa CNTT VKU. Đam mê DevOps.', null, true, 'DEFAULT', null, 'BLUE', 'VN', 'VN', 'sv323_huy@student.it.edu.vn', 'Do Huy', null, 'Tieng Viet', 0, 'Online', 0, false, 0, '$2a$08$TZekzxmq.KO2f.juYNUa4eU/ePYPx3r2MWONVjPDKOBJB4qUlhkxW', null, 900000323, false, true, true, '2024-02-06 00:00:00', 'USER', 0, 'sv323_huy', 'https://github.com/sv323_huy');
INSERT IGNORE INTO users (id, about, activation_code, active, background_color, birthday, color_scheme, country, country_code, email, full_name, gender, language, like_count, location, media_tweet_count, muted_direct_messages, notifications_count, password, password_reset_code, phone, private_profile, profile_customized, profile_started, registration_date, role, tweet_count, username, website) VALUES (324, 'Sinh viên D22 — Khoa CNTT VKU. Đam mê AI.', null, true, 'DEFAULT', null, 'BLUE', 'VN', 'VN', 'sv324_khanh@student.it.edu.vn', 'Do Khanh', null, 'Tieng Viet', 0, 'Online', 0, false, 0, '$2a$08$TZekzxmq.KO2f.juYNUa4eU/ePYPx3r2MWONVjPDKOBJB4qUlhkxW', null, 900000324, false, true, true, '2024-03-07 00:00:00', 'USER', 0, 'sv324_khanh', 'https://github.com/sv324_khanh');
INSERT IGNORE INTO users (id, about, activation_code, active, background_color, birthday, color_scheme, country, country_code, email, full_name, gender, language, like_count, location, media_tweet_count, muted_direct_messages, notifications_count, password, password_reset_code, phone, private_profile, profile_customized, profile_started, registration_date, role, tweet_count, username, website) VALUES (325, 'Sinh viên D23 — Khoa CNTT VKU. Đam mê DevOps.', null, true, 'DEFAULT', null, 'BLUE', 'VN', 'VN', 'sv325_lan@student.it.edu.vn', 'Vu Lan', null, 'Tieng Viet', 0, 'Ha Noi', 0, false, 0, '$2a$08$TZekzxmq.KO2f.juYNUa4eU/ePYPx3r2MWONVjPDKOBJB4qUlhkxW', null, 900000325, false, true, true, '2024-04-08 00:00:00', 'USER', 0, 'sv325_lan', 'https://github.com/sv325_lan');
INSERT IGNORE INTO users (id, about, activation_code, active, background_color, birthday, color_scheme, country, country_code, email, full_name, gender, language, like_count, location, media_tweet_count, muted_direct_messages, notifications_count, password, password_reset_code, phone, private_profile, profile_customized, profile_started, registration_date, role, tweet_count, username, website) VALUES (326, 'Sinh viên D24 — Khoa CNTT VKU. Đam mê frontend.', null, true, 'DEFAULT', null, 'BLUE', 'VN', 'VN', 'sv326_minh@student.it.edu.vn', 'Vu Minh', null, 'Tieng Viet', 0, 'Da Nang', 0, false, 0, '$2a$08$TZekzxmq.KO2f.juYNUa4eU/ePYPx3r2MWONVjPDKOBJB4qUlhkxW', null, 900000326, false, true, true, '2024-05-09 00:00:00', 'USER', 0, 'sv326_minh', 'https://github.com/sv326_minh');
INSERT IGNORE INTO users (id, about, activation_code, active, background_color, birthday, color_scheme, country, country_code, email, full_name, gender, language, like_count, location, media_tweet_count, muted_direct_messages, notifications_count, password, password_reset_code, phone, private_profile, profile_customized, profile_started, registration_date, role, tweet_count, username, website) VALUES (327, 'Sinh viên D25 — Khoa CNTT VKU. Đam mê frontend.', null, true, 'DEFAULT', null, 'BLUE', 'VN', 'VN', 'sv327_nam@student.it.edu.vn', 'Vu Nam', null, 'Tieng Viet', 0, 'TP.HCM', 0, false, 0, '$2a$08$TZekzxmq.KO2f.juYNUa4eU/ePYPx3r2MWONVjPDKOBJB4qUlhkxW', null, 900000327, false, true, true, '2024-06-10 00:00:00', 'USER', 0, 'sv327_nam', 'https://github.com/sv327_nam');
INSERT IGNORE INTO users (id, about, activation_code, active, background_color, birthday, color_scheme, country, country_code, email, full_name, gender, language, like_count, location, media_tweet_count, muted_direct_messages, notifications_count, password, password_reset_code, phone, private_profile, profile_customized, profile_started, registration_date, role, tweet_count, username, website) VALUES (328, 'Sinh viên D21 — Khoa CNTT VKU. Đam mê AI.', null, true, 'DEFAULT', null, 'BLUE', 'VN', 'VN', 'sv328_phuc@student.it.edu.vn', 'Nguyen Phuc', null, 'Tieng Viet', 0, 'Online', 0, false, 0, '$2a$08$TZekzxmq.KO2f.juYNUa4eU/ePYPx3r2MWONVjPDKOBJB4qUlhkxW', null, 900000328, false, true, true, '2024-07-11 00:00:00', 'USER', 0, 'sv328_phuc', 'https://github.com/sv328_phuc');
INSERT IGNORE INTO users (id, about, activation_code, active, background_color, birthday, color_scheme, country, country_code, email, full_name, gender, language, like_count, location, media_tweet_count, muted_direct_messages, notifications_count, password, password_reset_code, phone, private_profile, profile_customized, profile_started, registration_date, role, tweet_count, username, website) VALUES (329, 'Sinh viên D22 — Khoa CNTT VKU. Đam mê AI.', null, true, 'DEFAULT', null, 'BLUE', 'VN', 'VN', 'sv329_quan@student.it.edu.vn', 'Nguyen Quan', null, 'Tieng Viet', 0, 'TP.HCM', 0, false, 0, '$2a$08$TZekzxmq.KO2f.juYNUa4eU/ePYPx3r2MWONVjPDKOBJB4qUlhkxW', null, 900000329, false, true, true, '2024-08-12 00:00:00', 'USER', 0, 'sv329_quan', 'https://github.com/sv329_quan');
INSERT IGNORE INTO users (id, about, activation_code, active, background_color, birthday, color_scheme, country, country_code, email, full_name, gender, language, like_count, location, media_tweet_count, muted_direct_messages, notifications_count, password, password_reset_code, phone, private_profile, profile_customized, profile_started, registration_date, role, tweet_count, username, website) VALUES (330, 'Sinh viên D23 — Khoa CNTT VKU. Đam mê fullstack.', null, true, 'DEFAULT', null, 'BLUE', 'VN', 'VN', 'sv330_son@student.it.edu.vn', 'Nguyen Son', null, 'Tieng Viet', 0, 'TP.HCM', 0, false, 0, '$2a$08$TZekzxmq.KO2f.juYNUa4eU/ePYPx3r2MWONVjPDKOBJB4qUlhkxW', null, 900000330, false, true, true, '2024-09-13 00:00:00', 'USER', 0, 'sv330_son', 'https://github.com/sv330_son');
INSERT IGNORE INTO users (id, about, activation_code, active, background_color, birthday, color_scheme, country, country_code, email, full_name, gender, language, like_count, location, media_tweet_count, muted_direct_messages, notifications_count, password, password_reset_code, phone, private_profile, profile_customized, profile_started, registration_date, role, tweet_count, username, website) VALUES (331, 'Sinh viên D24 — Khoa CNTT VKU. Đam mê backend.', null, true, 'DEFAULT', null, 'BLUE', 'VN', 'VN', 'sv331_thao@student.it.edu.vn', 'Tran Thao', null, 'Tieng Viet', 0, 'Campus VKU', 0, false, 0, '$2a$08$TZekzxmq.KO2f.juYNUa4eU/ePYPx3r2MWONVjPDKOBJB4qUlhkxW', null, 900000331, false, true, true, '2024-10-14 00:00:00', 'USER', 0, 'sv331_thao', 'https://github.com/sv331_thao');
INSERT IGNORE INTO users (id, about, activation_code, active, background_color, birthday, color_scheme, country, country_code, email, full_name, gender, language, like_count, location, media_tweet_count, muted_direct_messages, notifications_count, password, password_reset_code, phone, private_profile, profile_customized, profile_started, registration_date, role, tweet_count, username, website) VALUES (332, 'Sinh viên D25 — Khoa CNTT VKU. Đam mê DevOps.', null, true, 'DEFAULT', null, 'BLUE', 'VN', 'VN', 'sv332_trang@student.it.edu.vn', 'Tran Trang', null, 'Tieng Viet', 0, 'Campus VKU', 0, false, 0, '$2a$08$TZekzxmq.KO2f.juYNUa4eU/ePYPx3r2MWONVjPDKOBJB4qUlhkxW', null, 900000332, false, true, true, '2024-11-15 00:00:00', 'USER', 0, 'sv332_trang', 'https://github.com/sv332_trang');
INSERT IGNORE INTO users (id, about, activation_code, active, background_color, birthday, color_scheme, country, country_code, email, full_name, gender, language, like_count, location, media_tweet_count, muted_direct_messages, notifications_count, password, password_reset_code, phone, private_profile, profile_customized, profile_started, registration_date, role, tweet_count, username, website) VALUES (333, 'Sinh viên D21 — Khoa CNTT VKU. Đam mê AI.', null, true, 'DEFAULT', null, 'BLUE', 'VN', 'VN', 'sv333_tuan@student.it.edu.vn', 'Tran Tuan', null, 'Tieng Viet', 0, 'Ha Noi', 0, false, 0, '$2a$08$TZekzxmq.KO2f.juYNUa4eU/ePYPx3r2MWONVjPDKOBJB4qUlhkxW', null, 900000333, false, true, true, '2024-12-16 00:00:00', 'USER', 0, 'sv333_tuan', 'https://github.com/sv333_tuan');
INSERT IGNORE INTO users (id, about, activation_code, active, background_color, birthday, color_scheme, country, country_code, email, full_name, gender, language, like_count, location, media_tweet_count, muted_direct_messages, notifications_count, password, password_reset_code, phone, private_profile, profile_customized, profile_started, registration_date, role, tweet_count, username, website) VALUES (334, 'Giảng viên môn IT — chuyên Java/Spring.', null, true, 'DEFAULT', null, 'BLUE', 'VN', 'VN', 'sv334_vy@student.it.edu.vn', 'Le Vy', null, 'Tieng Viet', 0, 'Campus VKU', 0, false, 0, '$2a$08$TZekzxmq.KO2f.juYNUa4eU/ePYPx3r2MWONVjPDKOBJB4qUlhkxW', null, 900000334, false, true, true, '2024-01-17 00:00:00', 'TEACHER', 0, 'sv334_vy', 'https://github.com/sv334_vy');
INSERT IGNORE INTO users (id, about, activation_code, active, background_color, birthday, color_scheme, country, country_code, email, full_name, gender, language, like_count, location, media_tweet_count, muted_direct_messages, notifications_count, password, password_reset_code, phone, private_profile, profile_customized, profile_started, registration_date, role, tweet_count, username, website) VALUES (335, 'Sinh viên D23 — Khoa CNTT VKU. Đam mê backend.', null, true, 'DEFAULT', null, 'BLUE', 'VN', 'VN', 'sv335_yen@student.it.edu.vn', 'Le Yen', null, 'Tieng Viet', 0, 'Ha Noi', 0, false, 0, '$2a$08$TZekzxmq.KO2f.juYNUa4eU/ePYPx3r2MWONVjPDKOBJB4qUlhkxW', null, 900000335, false, true, true, '2024-02-18 00:00:00', 'USER', 0, 'sv335_yen', 'https://github.com/sv335_yen');
INSERT IGNORE INTO users (id, about, activation_code, active, background_color, birthday, color_scheme, country, country_code, email, full_name, gender, language, like_count, location, media_tweet_count, muted_direct_messages, notifications_count, password, password_reset_code, phone, private_profile, profile_customized, profile_started, registration_date, role, tweet_count, username, website) VALUES (336, 'Sinh viên D24 — Khoa CNTT VKU. Đam mê backend.', null, true, 'DEFAULT', null, 'BLUE', 'VN', 'VN', 'sv336_khoa@student.it.edu.vn', 'Le Khoa', null, 'Tieng Viet', 0, 'Campus VKU', 0, false, 0, '$2a$08$TZekzxmq.KO2f.juYNUa4eU/ePYPx3r2MWONVjPDKOBJB4qUlhkxW', null, 900000336, false, true, true, '2024-03-19 00:00:00', 'USER', 0, 'sv336_khoa', 'https://github.com/sv336_khoa');
INSERT IGNORE INTO users (id, about, activation_code, active, background_color, birthday, color_scheme, country, country_code, email, full_name, gender, language, like_count, location, media_tweet_count, muted_direct_messages, notifications_count, password, password_reset_code, phone, private_profile, profile_customized, profile_started, registration_date, role, tweet_count, username, website) VALUES (337, 'Sinh viên D25 — Khoa CNTT VKU. Đam mê backend.', null, true, 'DEFAULT', null, 'BLUE', 'VN', 'VN', 'sv337_linh@student.it.edu.vn', 'Pham Linh', null, 'Tieng Viet', 0, 'Online', 0, false, 0, '$2a$08$TZekzxmq.KO2f.juYNUa4eU/ePYPx3r2MWONVjPDKOBJB4qUlhkxW', null, 900000337, false, true, true, '2024-04-20 00:00:00', 'USER', 0, 'sv337_linh', 'https://github.com/sv337_linh');
INSERT IGNORE INTO users (id, about, activation_code, active, background_color, birthday, color_scheme, country, country_code, email, full_name, gender, language, like_count, location, media_tweet_count, muted_direct_messages, notifications_count, password, password_reset_code, phone, private_profile, profile_customized, profile_started, registration_date, role, tweet_count, username, website) VALUES (338, 'Sinh viên D21 — Khoa CNTT VKU. Đam mê frontend.', null, true, 'DEFAULT', null, 'BLUE', 'VN', 'VN', 'sv338_an@student.it.edu.vn', 'Pham An', null, 'Tieng Viet', 0, 'Can Tho', 0, false, 0, '$2a$08$TZekzxmq.KO2f.juYNUa4eU/ePYPx3r2MWONVjPDKOBJB4qUlhkxW', null, 900000338, false, true, true, '2024-05-21 00:00:00', 'USER', 0, 'sv338_an', 'https://github.com/sv338_an');
INSERT IGNORE INTO users (id, about, activation_code, active, background_color, birthday, color_scheme, country, country_code, email, full_name, gender, language, like_count, location, media_tweet_count, muted_direct_messages, notifications_count, password, password_reset_code, phone, private_profile, profile_customized, profile_started, registration_date, role, tweet_count, username, website) VALUES (339, 'Sinh viên D22 — Khoa CNTT VKU. Đam mê backend.', null, true, 'DEFAULT', null, 'BLUE', 'VN', 'VN', 'sv339_binh@student.it.edu.vn', 'Pham Binh', null, 'Tieng Viet', 0, 'Campus VKU', 0, false, 0, '$2a$08$TZekzxmq.KO2f.juYNUa4eU/ePYPx3r2MWONVjPDKOBJB4qUlhkxW', null, 900000339, false, true, true, '2024-06-22 00:00:00', 'USER', 0, 'sv339_binh', 'https://github.com/sv339_binh');
INSERT IGNORE INTO users (id, about, activation_code, active, background_color, birthday, color_scheme, country, country_code, email, full_name, gender, language, like_count, location, media_tweet_count, muted_direct_messages, notifications_count, password, password_reset_code, phone, private_profile, profile_customized, profile_started, registration_date, role, tweet_count, username, website) VALUES (340, 'Sinh viên D23 — Khoa CNTT VKU. Đam mê frontend.', null, true, 'DEFAULT', null, 'BLUE', 'VN', 'VN', 'sv340_chi@student.it.edu.vn', 'Hoang Chi', null, 'Tieng Viet', 0, 'Campus VKU', 0, false, 0, '$2a$08$TZekzxmq.KO2f.juYNUa4eU/ePYPx3r2MWONVjPDKOBJB4qUlhkxW', null, 900000340, false, true, true, '2024-07-23 00:00:00', 'USER', 0, 'sv340_chi', 'https://github.com/sv340_chi');
INSERT IGNORE INTO users (id, about, activation_code, active, background_color, birthday, color_scheme, country, country_code, email, full_name, gender, language, like_count, location, media_tweet_count, muted_direct_messages, notifications_count, password, password_reset_code, phone, private_profile, profile_customized, profile_started, registration_date, role, tweet_count, username, website) VALUES (341, 'Sinh viên D24 — Khoa CNTT VKU. Đam mê AI.', null, true, 'DEFAULT', null, 'BLUE', 'VN', 'VN', 'sv341_dung@student.it.edu.vn', 'Hoang Dung', null, 'Tieng Viet', 0, 'TP.HCM', 0, false, 0, '$2a$08$TZekzxmq.KO2f.juYNUa4eU/ePYPx3r2MWONVjPDKOBJB4qUlhkxW', null, 900000341, false, true, true, '2024-08-24 00:00:00', 'USER', 0, 'sv341_dung', 'https://github.com/sv341_dung');
INSERT IGNORE INTO users (id, about, activation_code, active, background_color, birthday, color_scheme, country, country_code, email, full_name, gender, language, like_count, location, media_tweet_count, muted_direct_messages, notifications_count, password, password_reset_code, phone, private_profile, profile_customized, profile_started, registration_date, role, tweet_count, username, website) VALUES (342, 'Sinh viên D25 — Khoa CNTT VKU. Đam mê AI.', null, true, 'DEFAULT', null, 'BLUE', 'VN', 'VN', 'sv342_ha@student.it.edu.vn', 'Hoang Ha', null, 'Tieng Viet', 0, 'TP.HCM', 0, false, 0, '$2a$08$TZekzxmq.KO2f.juYNUa4eU/ePYPx3r2MWONVjPDKOBJB4qUlhkxW', null, 900000342, false, true, true, '2024-09-25 00:00:00', 'USER', 0, 'sv342_ha', 'https://github.com/sv342_ha');
INSERT IGNORE INTO users (id, about, activation_code, active, background_color, birthday, color_scheme, country, country_code, email, full_name, gender, language, like_count, location, media_tweet_count, muted_direct_messages, notifications_count, password, password_reset_code, phone, private_profile, profile_customized, profile_started, registration_date, role, tweet_count, username, website) VALUES (343, 'Sinh viên D21 — Khoa CNTT VKU. Đam mê DevOps.', null, true, 'DEFAULT', null, 'BLUE', 'VN', 'VN', 'sv343_huy@student.it.edu.vn', 'Vo Huy', null, 'Tieng Viet', 0, 'Online', 0, false, 0, '$2a$08$TZekzxmq.KO2f.juYNUa4eU/ePYPx3r2MWONVjPDKOBJB4qUlhkxW', null, 900000343, false, true, true, '2024-10-26 00:00:00', 'USER', 0, 'sv343_huy', 'https://github.com/sv343_huy');
INSERT IGNORE INTO users (id, about, activation_code, active, background_color, birthday, color_scheme, country, country_code, email, full_name, gender, language, like_count, location, media_tweet_count, muted_direct_messages, notifications_count, password, password_reset_code, phone, private_profile, profile_customized, profile_started, registration_date, role, tweet_count, username, website) VALUES (344, 'Sinh viên D22 — Khoa CNTT VKU. Đam mê AI.', null, true, 'DEFAULT', null, 'BLUE', 'VN', 'VN', 'sv344_khanh@student.it.edu.vn', 'Vo Khanh', null, 'Tieng Viet', 0, 'Campus VKU', 0, false, 0, '$2a$08$TZekzxmq.KO2f.juYNUa4eU/ePYPx3r2MWONVjPDKOBJB4qUlhkxW', null, 900000344, false, true, true, '2024-11-27 00:00:00', 'USER', 0, 'sv344_khanh', 'https://github.com/sv344_khanh');
INSERT IGNORE INTO users (id, about, activation_code, active, background_color, birthday, color_scheme, country, country_code, email, full_name, gender, language, like_count, location, media_tweet_count, muted_direct_messages, notifications_count, password, password_reset_code, phone, private_profile, profile_customized, profile_started, registration_date, role, tweet_count, username, website) VALUES (345, 'Sinh viên D23 — Khoa CNTT VKU. Đam mê AI.', null, true, 'DEFAULT', null, 'BLUE', 'VN', 'VN', 'sv345_lan@student.it.edu.vn', 'Vo Lan', null, 'Tieng Viet', 0, 'Da Nang', 0, false, 0, '$2a$08$TZekzxmq.KO2f.juYNUa4eU/ePYPx3r2MWONVjPDKOBJB4qUlhkxW', null, 900000345, false, true, true, '2024-12-28 00:00:00', 'USER', 0, 'sv345_lan', 'https://github.com/sv345_lan');
INSERT IGNORE INTO users (id, about, activation_code, active, background_color, birthday, color_scheme, country, country_code, email, full_name, gender, language, like_count, location, media_tweet_count, muted_direct_messages, notifications_count, password, password_reset_code, phone, private_profile, profile_customized, profile_started, registration_date, role, tweet_count, username, website) VALUES (346, 'Giảng viên môn IT — chuyên DevOps/Cloud.', null, true, 'DEFAULT', null, 'BLUE', 'VN', 'VN', 'sv346_minh@student.it.edu.vn', 'Dang Minh', null, 'Tieng Viet', 0, 'Ha Noi', 0, false, 0, '$2a$08$TZekzxmq.KO2f.juYNUa4eU/ePYPx3r2MWONVjPDKOBJB4qUlhkxW', null, 900000346, false, true, true, '2024-01-01 00:00:00', 'TEACHER', 0, 'sv346_minh', 'https://github.com/sv346_minh');
INSERT IGNORE INTO users (id, about, activation_code, active, background_color, birthday, color_scheme, country, country_code, email, full_name, gender, language, like_count, location, media_tweet_count, muted_direct_messages, notifications_count, password, password_reset_code, phone, private_profile, profile_customized, profile_started, registration_date, role, tweet_count, username, website) VALUES (347, 'Sinh viên D25 — Khoa CNTT VKU. Đam mê fullstack.', null, true, 'DEFAULT', null, 'BLUE', 'VN', 'VN', 'sv347_nam@student.it.edu.vn', 'Dang Nam', null, 'Tieng Viet', 0, 'Ha Noi', 0, false, 0, '$2a$08$TZekzxmq.KO2f.juYNUa4eU/ePYPx3r2MWONVjPDKOBJB4qUlhkxW', null, 900000347, false, true, true, '2024-02-02 00:00:00', 'USER', 0, 'sv347_nam', 'https://github.com/sv347_nam');
INSERT IGNORE INTO users (id, about, activation_code, active, background_color, birthday, color_scheme, country, country_code, email, full_name, gender, language, like_count, location, media_tweet_count, muted_direct_messages, notifications_count, password, password_reset_code, phone, private_profile, profile_customized, profile_started, registration_date, role, tweet_count, username, website) VALUES (348, 'Sinh viên D21 — Khoa CNTT VKU. Đam mê fullstack.', null, true, 'DEFAULT', null, 'BLUE', 'VN', 'VN', 'sv348_phuc@student.it.edu.vn', 'Dang Phuc', null, 'Tieng Viet', 0, 'Can Tho', 0, false, 0, '$2a$08$TZekzxmq.KO2f.juYNUa4eU/ePYPx3r2MWONVjPDKOBJB4qUlhkxW', null, 900000348, false, true, true, '2024-03-03 00:00:00', 'USER', 0, 'sv348_phuc', 'https://github.com/sv348_phuc');
INSERT IGNORE INTO users (id, about, activation_code, active, background_color, birthday, color_scheme, country, country_code, email, full_name, gender, language, like_count, location, media_tweet_count, muted_direct_messages, notifications_count, password, password_reset_code, phone, private_profile, profile_customized, profile_started, registration_date, role, tweet_count, username, website) VALUES (349, 'Sinh viên D22 — Khoa CNTT VKU. Đam mê frontend.', null, true, 'DEFAULT', null, 'BLUE', 'VN', 'VN', 'sv349_quan@student.it.edu.vn', 'Bui Quan', null, 'Tieng Viet', 0, 'Online', 0, false, 0, '$2a$08$TZekzxmq.KO2f.juYNUa4eU/ePYPx3r2MWONVjPDKOBJB4qUlhkxW', null, 900000349, false, true, true, '2024-04-04 00:00:00', 'USER', 0, 'sv349_quan', 'https://github.com/sv349_quan');
INSERT IGNORE INTO users (id, about, activation_code, active, background_color, birthday, color_scheme, country, country_code, email, full_name, gender, language, like_count, location, media_tweet_count, muted_direct_messages, notifications_count, password, password_reset_code, phone, private_profile, profile_customized, profile_started, registration_date, role, tweet_count, username, website) VALUES (350, 'Sinh viên D23 — Khoa CNTT VKU. Đam mê fullstack.', null, true, 'DEFAULT', null, 'BLUE', 'VN', 'VN', 'sv350_son@student.it.edu.vn', 'Bui Son', null, 'Tieng Viet', 0, 'Can Tho', 0, false, 0, '$2a$08$TZekzxmq.KO2f.juYNUa4eU/ePYPx3r2MWONVjPDKOBJB4qUlhkxW', null, 900000350, false, true, true, '2024-05-05 00:00:00', 'USER', 0, 'sv350_son', 'https://github.com/sv350_son');
INSERT IGNORE INTO users (id, about, activation_code, active, background_color, birthday, color_scheme, country, country_code, email, full_name, gender, language, like_count, location, media_tweet_count, muted_direct_messages, notifications_count, password, password_reset_code, phone, private_profile, profile_customized, profile_started, registration_date, role, tweet_count, username, website) VALUES (351, 'Sinh viên D24 — Khoa CNTT VKU. Đam mê fullstack.', null, true, 'DEFAULT', null, 'BLUE', 'VN', 'VN', 'sv351_thao@student.it.edu.vn', 'Bui Thao', null, 'Tieng Viet', 0, 'TP.HCM', 0, false, 0, '$2a$08$TZekzxmq.KO2f.juYNUa4eU/ePYPx3r2MWONVjPDKOBJB4qUlhkxW', null, 900000351, false, true, true, '2024-06-06 00:00:00', 'USER', 0, 'sv351_thao', 'https://github.com/sv351_thao');
INSERT IGNORE INTO users (id, about, activation_code, active, background_color, birthday, color_scheme, country, country_code, email, full_name, gender, language, like_count, location, media_tweet_count, muted_direct_messages, notifications_count, password, password_reset_code, phone, private_profile, profile_customized, profile_started, registration_date, role, tweet_count, username, website) VALUES (352, 'Sinh viên D25 — Khoa CNTT VKU. Đam mê backend.', null, true, 'DEFAULT', null, 'BLUE', 'VN', 'VN', 'sv352_trang@student.it.edu.vn', 'Do Trang', null, 'Tieng Viet', 0, 'Can Tho', 0, false, 0, '$2a$08$TZekzxmq.KO2f.juYNUa4eU/ePYPx3r2MWONVjPDKOBJB4qUlhkxW', null, 900000352, false, true, true, '2024-07-07 00:00:00', 'USER', 0, 'sv352_trang', 'https://github.com/sv352_trang');
INSERT IGNORE INTO users (id, about, activation_code, active, background_color, birthday, color_scheme, country, country_code, email, full_name, gender, language, like_count, location, media_tweet_count, muted_direct_messages, notifications_count, password, password_reset_code, phone, private_profile, profile_customized, profile_started, registration_date, role, tweet_count, username, website) VALUES (353, 'Sinh viên D21 — Khoa CNTT VKU. Đam mê AI.', null, true, 'DEFAULT', null, 'BLUE', 'VN', 'VN', 'sv353_tuan@student.it.edu.vn', 'Do Tuan', null, 'Tieng Viet', 0, 'Campus VKU', 0, false, 0, '$2a$08$TZekzxmq.KO2f.juYNUa4eU/ePYPx3r2MWONVjPDKOBJB4qUlhkxW', null, 900000353, false, true, true, '2024-08-08 00:00:00', 'USER', 0, 'sv353_tuan', 'https://github.com/sv353_tuan');
INSERT IGNORE INTO users (id, about, activation_code, active, background_color, birthday, color_scheme, country, country_code, email, full_name, gender, language, like_count, location, media_tweet_count, muted_direct_messages, notifications_count, password, password_reset_code, phone, private_profile, profile_customized, profile_started, registration_date, role, tweet_count, username, website) VALUES (354, 'Sinh viên D22 — Khoa CNTT VKU. Đam mê backend.', null, true, 'DEFAULT', null, 'BLUE', 'VN', 'VN', 'sv354_vy@student.it.edu.vn', 'Do Vy', null, 'Tieng Viet', 0, 'TP.HCM', 0, false, 0, '$2a$08$TZekzxmq.KO2f.juYNUa4eU/ePYPx3r2MWONVjPDKOBJB4qUlhkxW', null, 900000354, false, true, true, '2024-09-09 00:00:00', 'USER', 0, 'sv354_vy', 'https://github.com/sv354_vy');
INSERT IGNORE INTO users (id, about, activation_code, active, background_color, birthday, color_scheme, country, country_code, email, full_name, gender, language, like_count, location, media_tweet_count, muted_direct_messages, notifications_count, password, password_reset_code, phone, private_profile, profile_customized, profile_started, registration_date, role, tweet_count, username, website) VALUES (355, 'Sinh viên D23 — Khoa CNTT VKU. Đam mê AI.', null, true, 'DEFAULT', null, 'BLUE', 'VN', 'VN', 'sv355_yen@student.it.edu.vn', 'Vu Yen', null, 'Tieng Viet', 0, 'Ha Noi', 0, false, 0, '$2a$08$TZekzxmq.KO2f.juYNUa4eU/ePYPx3r2MWONVjPDKOBJB4qUlhkxW', null, 900000355, false, true, true, '2024-10-10 00:00:00', 'USER', 0, 'sv355_yen', 'https://github.com/sv355_yen');
INSERT IGNORE INTO users (id, about, activation_code, active, background_color, birthday, color_scheme, country, country_code, email, full_name, gender, language, like_count, location, media_tweet_count, muted_direct_messages, notifications_count, password, password_reset_code, phone, private_profile, profile_customized, profile_started, registration_date, role, tweet_count, username, website) VALUES (356, 'Sinh viên D24 — Khoa CNTT VKU. Đam mê AI.', null, true, 'DEFAULT', null, 'BLUE', 'VN', 'VN', 'sv356_khoa@student.it.edu.vn', 'Vu Khoa', null, 'Tieng Viet', 0, 'Da Nang', 0, false, 0, '$2a$08$TZekzxmq.KO2f.juYNUa4eU/ePYPx3r2MWONVjPDKOBJB4qUlhkxW', null, 900000356, false, true, true, '2024-11-11 00:00:00', 'USER', 0, 'sv356_khoa', 'https://github.com/sv356_khoa');
INSERT IGNORE INTO users (id, about, activation_code, active, background_color, birthday, color_scheme, country, country_code, email, full_name, gender, language, like_count, location, media_tweet_count, muted_direct_messages, notifications_count, password, password_reset_code, phone, private_profile, profile_customized, profile_started, registration_date, role, tweet_count, username, website) VALUES (357, 'Sinh viên D25 — Khoa CNTT VKU. Đam mê frontend.', null, true, 'DEFAULT', null, 'BLUE', 'VN', 'VN', 'sv357_linh@student.it.edu.vn', 'Vu Linh', null, 'Tieng Viet', 0, 'Da Nang', 0, false, 0, '$2a$08$TZekzxmq.KO2f.juYNUa4eU/ePYPx3r2MWONVjPDKOBJB4qUlhkxW', null, 900000357, false, true, true, '2024-12-12 00:00:00', 'USER', 0, 'sv357_linh', 'https://github.com/sv357_linh');
INSERT IGNORE INTO users (id, about, activation_code, active, background_color, birthday, color_scheme, country, country_code, email, full_name, gender, language, like_count, location, media_tweet_count, muted_direct_messages, notifications_count, password, password_reset_code, phone, private_profile, profile_customized, profile_started, registration_date, role, tweet_count, username, website) VALUES (358, 'Giảng viên môn IT — chuyên Java/Spring.', null, true, 'DEFAULT', null, 'BLUE', 'VN', 'VN', 'sv358_an@student.it.edu.vn', 'Nguyen An', null, 'Tieng Viet', 0, 'Ha Noi', 0, false, 0, '$2a$08$TZekzxmq.KO2f.juYNUa4eU/ePYPx3r2MWONVjPDKOBJB4qUlhkxW', null, 900000358, false, true, true, '2024-01-13 00:00:00', 'TEACHER', 0, 'sv358_an', 'https://github.com/sv358_an');
INSERT IGNORE INTO users (id, about, activation_code, active, background_color, birthday, color_scheme, country, country_code, email, full_name, gender, language, like_count, location, media_tweet_count, muted_direct_messages, notifications_count, password, password_reset_code, phone, private_profile, profile_customized, profile_started, registration_date, role, tweet_count, username, website) VALUES (359, 'Sinh viên D22 — Khoa CNTT VKU. Đam mê fullstack.', null, true, 'DEFAULT', null, 'BLUE', 'VN', 'VN', 'sv359_binh@student.it.edu.vn', 'Nguyen Binh', null, 'Tieng Viet', 0, 'Da Nang', 0, false, 0, '$2a$08$TZekzxmq.KO2f.juYNUa4eU/ePYPx3r2MWONVjPDKOBJB4qUlhkxW', null, 900000359, false, true, true, '2024-02-14 00:00:00', 'USER', 0, 'sv359_binh', 'https://github.com/sv359_binh');
INSERT IGNORE INTO users (id, about, activation_code, active, background_color, birthday, color_scheme, country, country_code, email, full_name, gender, language, like_count, location, media_tweet_count, muted_direct_messages, notifications_count, password, password_reset_code, phone, private_profile, profile_customized, profile_started, registration_date, role, tweet_count, username, website) VALUES (360, 'Sinh viên D23 — Khoa CNTT VKU. Đam mê frontend.', null, true, 'DEFAULT', null, 'BLUE', 'VN', 'VN', 'sv360_chi@student.it.edu.vn', 'Nguyen Chi', null, 'Tieng Viet', 0, 'Can Tho', 0, false, 0, '$2a$08$TZekzxmq.KO2f.juYNUa4eU/ePYPx3r2MWONVjPDKOBJB4qUlhkxW', null, 900000360, false, true, true, '2024-03-15 00:00:00', 'USER', 0, 'sv360_chi', 'https://github.com/sv360_chi');
INSERT IGNORE INTO users (id, about, activation_code, active, background_color, birthday, color_scheme, country, country_code, email, full_name, gender, language, like_count, location, media_tweet_count, muted_direct_messages, notifications_count, password, password_reset_code, phone, private_profile, profile_customized, profile_started, registration_date, role, tweet_count, username, website) VALUES (361, 'Sinh viên D24 — Khoa CNTT VKU. Đam mê AI.', null, true, 'DEFAULT', null, 'BLUE', 'VN', 'VN', 'sv361_dung@student.it.edu.vn', 'Tran Dung', null, 'Tieng Viet', 0, 'Online', 0, false, 0, '$2a$08$TZekzxmq.KO2f.juYNUa4eU/ePYPx3r2MWONVjPDKOBJB4qUlhkxW', null, 900000361, false, true, true, '2024-04-16 00:00:00', 'USER', 0, 'sv361_dung', 'https://github.com/sv361_dung');
INSERT IGNORE INTO users (id, about, activation_code, active, background_color, birthday, color_scheme, country, country_code, email, full_name, gender, language, like_count, location, media_tweet_count, muted_direct_messages, notifications_count, password, password_reset_code, phone, private_profile, profile_customized, profile_started, registration_date, role, tweet_count, username, website) VALUES (362, 'Sinh viên D25 — Khoa CNTT VKU. Đam mê fullstack.', null, true, 'DEFAULT', null, 'BLUE', 'VN', 'VN', 'sv362_ha@student.it.edu.vn', 'Tran Ha', null, 'Tieng Viet', 0, 'Campus VKU', 0, false, 0, '$2a$08$TZekzxmq.KO2f.juYNUa4eU/ePYPx3r2MWONVjPDKOBJB4qUlhkxW', null, 900000362, false, true, true, '2024-05-17 00:00:00', 'USER', 0, 'sv362_ha', 'https://github.com/sv362_ha');
INSERT IGNORE INTO users (id, about, activation_code, active, background_color, birthday, color_scheme, country, country_code, email, full_name, gender, language, like_count, location, media_tweet_count, muted_direct_messages, notifications_count, password, password_reset_code, phone, private_profile, profile_customized, profile_started, registration_date, role, tweet_count, username, website) VALUES (363, 'Sinh viên D21 — Khoa CNTT VKU. Đam mê AI.', null, true, 'DEFAULT', null, 'BLUE', 'VN', 'VN', 'sv363_huy@student.it.edu.vn', 'Tran Huy', null, 'Tieng Viet', 0, 'TP.HCM', 0, false, 0, '$2a$08$TZekzxmq.KO2f.juYNUa4eU/ePYPx3r2MWONVjPDKOBJB4qUlhkxW', null, 900000363, false, true, true, '2024-06-18 00:00:00', 'USER', 0, 'sv363_huy', 'https://github.com/sv363_huy');
INSERT IGNORE INTO users (id, about, activation_code, active, background_color, birthday, color_scheme, country, country_code, email, full_name, gender, language, like_count, location, media_tweet_count, muted_direct_messages, notifications_count, password, password_reset_code, phone, private_profile, profile_customized, profile_started, registration_date, role, tweet_count, username, website) VALUES (364, 'Sinh viên D22 — Khoa CNTT VKU. Đam mê AI.', null, true, 'DEFAULT', null, 'BLUE', 'VN', 'VN', 'sv364_khanh@student.it.edu.vn', 'Le Khanh', null, 'Tieng Viet', 0, 'Da Nang', 0, false, 0, '$2a$08$TZekzxmq.KO2f.juYNUa4eU/ePYPx3r2MWONVjPDKOBJB4qUlhkxW', null, 900000364, false, true, true, '2024-07-19 00:00:00', 'USER', 0, 'sv364_khanh', 'https://github.com/sv364_khanh');
INSERT IGNORE INTO users (id, about, activation_code, active, background_color, birthday, color_scheme, country, country_code, email, full_name, gender, language, like_count, location, media_tweet_count, muted_direct_messages, notifications_count, password, password_reset_code, phone, private_profile, profile_customized, profile_started, registration_date, role, tweet_count, username, website) VALUES (365, 'Sinh viên D23 — Khoa CNTT VKU. Đam mê backend.', null, true, 'DEFAULT', null, 'BLUE', 'VN', 'VN', 'sv365_lan@student.it.edu.vn', 'Le Lan', null, 'Tieng Viet', 0, 'Ha Noi', 0, false, 0, '$2a$08$TZekzxmq.KO2f.juYNUa4eU/ePYPx3r2MWONVjPDKOBJB4qUlhkxW', null, 900000365, false, true, true, '2024-08-20 00:00:00', 'USER', 0, 'sv365_lan', 'https://github.com/sv365_lan');
INSERT IGNORE INTO users (id, about, activation_code, active, background_color, birthday, color_scheme, country, country_code, email, full_name, gender, language, like_count, location, media_tweet_count, muted_direct_messages, notifications_count, password, password_reset_code, phone, private_profile, profile_customized, profile_started, registration_date, role, tweet_count, username, website) VALUES (366, 'Sinh viên D24 — Khoa CNTT VKU. Đam mê fullstack.', null, true, 'DEFAULT', null, 'BLUE', 'VN', 'VN', 'sv366_minh@student.it.edu.vn', 'Le Minh', null, 'Tieng Viet', 0, 'TP.HCM', 0, false, 0, '$2a$08$TZekzxmq.KO2f.juYNUa4eU/ePYPx3r2MWONVjPDKOBJB4qUlhkxW', null, 900000366, false, true, true, '2024-09-21 00:00:00', 'USER', 0, 'sv366_minh', 'https://github.com/sv366_minh');
INSERT IGNORE INTO users (id, about, activation_code, active, background_color, birthday, color_scheme, country, country_code, email, full_name, gender, language, like_count, location, media_tweet_count, muted_direct_messages, notifications_count, password, password_reset_code, phone, private_profile, profile_customized, profile_started, registration_date, role, tweet_count, username, website) VALUES (367, 'Sinh viên D25 — Khoa CNTT VKU. Đam mê backend.', null, true, 'DEFAULT', null, 'BLUE', 'VN', 'VN', 'sv367_nam@student.it.edu.vn', 'Pham Nam', null, 'Tieng Viet', 0, 'Online', 0, false, 0, '$2a$08$TZekzxmq.KO2f.juYNUa4eU/ePYPx3r2MWONVjPDKOBJB4qUlhkxW', null, 900000367, false, true, true, '2024-10-22 00:00:00', 'USER', 0, 'sv367_nam', 'https://github.com/sv367_nam');
INSERT IGNORE INTO users (id, about, activation_code, active, background_color, birthday, color_scheme, country, country_code, email, full_name, gender, language, like_count, location, media_tweet_count, muted_direct_messages, notifications_count, password, password_reset_code, phone, private_profile, profile_customized, profile_started, registration_date, role, tweet_count, username, website) VALUES (368, 'Sinh viên D21 — Khoa CNTT VKU. Đam mê AI.', null, true, 'DEFAULT', null, 'BLUE', 'VN', 'VN', 'sv368_phuc@student.it.edu.vn', 'Pham Phuc', null, 'Tieng Viet', 0, 'Ha Noi', 0, false, 0, '$2a$08$TZekzxmq.KO2f.juYNUa4eU/ePYPx3r2MWONVjPDKOBJB4qUlhkxW', null, 900000368, false, true, true, '2024-11-23 00:00:00', 'USER', 0, 'sv368_phuc', 'https://github.com/sv368_phuc');
INSERT IGNORE INTO users (id, about, activation_code, active, background_color, birthday, color_scheme, country, country_code, email, full_name, gender, language, like_count, location, media_tweet_count, muted_direct_messages, notifications_count, password, password_reset_code, phone, private_profile, profile_customized, profile_started, registration_date, role, tweet_count, username, website) VALUES (369, 'Sinh viên D22 — Khoa CNTT VKU. Đam mê fullstack.', null, true, 'DEFAULT', null, 'BLUE', 'VN', 'VN', 'sv369_quan@student.it.edu.vn', 'Pham Quan', null, 'Tieng Viet', 0, 'Da Nang', 0, false, 0, '$2a$08$TZekzxmq.KO2f.juYNUa4eU/ePYPx3r2MWONVjPDKOBJB4qUlhkxW', null, 900000369, false, true, true, '2024-12-24 00:00:00', 'USER', 0, 'sv369_quan', 'https://github.com/sv369_quan');
INSERT IGNORE INTO users (id, about, activation_code, active, background_color, birthday, color_scheme, country, country_code, email, full_name, gender, language, like_count, location, media_tweet_count, muted_direct_messages, notifications_count, password, password_reset_code, phone, private_profile, profile_customized, profile_started, registration_date, role, tweet_count, username, website) VALUES (370, 'Giảng viên môn IT — chuyên React/Frontend.', null, true, 'DEFAULT', null, 'BLUE', 'VN', 'VN', 'sv370_son@student.it.edu.vn', 'Hoang Son', null, 'Tieng Viet', 0, 'Online', 0, false, 0, '$2a$08$TZekzxmq.KO2f.juYNUa4eU/ePYPx3r2MWONVjPDKOBJB4qUlhkxW', null, 900000370, false, true, true, '2024-01-25 00:00:00', 'TEACHER', 0, 'sv370_son', 'https://github.com/sv370_son');
INSERT IGNORE INTO users (id, about, activation_code, active, background_color, birthday, color_scheme, country, country_code, email, full_name, gender, language, like_count, location, media_tweet_count, muted_direct_messages, notifications_count, password, password_reset_code, phone, private_profile, profile_customized, profile_started, registration_date, role, tweet_count, username, website) VALUES (371, 'Sinh viên D24 — Khoa CNTT VKU. Đam mê fullstack.', null, true, 'DEFAULT', null, 'BLUE', 'VN', 'VN', 'sv371_thao@student.it.edu.vn', 'Hoang Thao', null, 'Tieng Viet', 0, 'Ha Noi', 0, false, 0, '$2a$08$TZekzxmq.KO2f.juYNUa4eU/ePYPx3r2MWONVjPDKOBJB4qUlhkxW', null, 900000371, false, true, true, '2024-02-26 00:00:00', 'USER', 0, 'sv371_thao', 'https://github.com/sv371_thao');
INSERT IGNORE INTO users (id, about, activation_code, active, background_color, birthday, color_scheme, country, country_code, email, full_name, gender, language, like_count, location, media_tweet_count, muted_direct_messages, notifications_count, password, password_reset_code, phone, private_profile, profile_customized, profile_started, registration_date, role, tweet_count, username, website) VALUES (372, 'Sinh viên D25 — Khoa CNTT VKU. Đam mê fullstack.', null, true, 'DEFAULT', null, 'BLUE', 'VN', 'VN', 'sv372_trang@student.it.edu.vn', 'Hoang Trang', null, 'Tieng Viet', 0, 'Campus VKU', 0, false, 0, '$2a$08$TZekzxmq.KO2f.juYNUa4eU/ePYPx3r2MWONVjPDKOBJB4qUlhkxW', null, 900000372, false, true, true, '2024-03-27 00:00:00', 'USER', 0, 'sv372_trang', 'https://github.com/sv372_trang');
INSERT IGNORE INTO users (id, about, activation_code, active, background_color, birthday, color_scheme, country, country_code, email, full_name, gender, language, like_count, location, media_tweet_count, muted_direct_messages, notifications_count, password, password_reset_code, phone, private_profile, profile_customized, profile_started, registration_date, role, tweet_count, username, website) VALUES (373, 'Sinh viên D21 — Khoa CNTT VKU. Đam mê DevOps.', null, true, 'DEFAULT', null, 'BLUE', 'VN', 'VN', 'sv373_tuan@student.it.edu.vn', 'Vo Tuan', null, 'Tieng Viet', 0, 'Da Nang', 0, false, 0, '$2a$08$TZekzxmq.KO2f.juYNUa4eU/ePYPx3r2MWONVjPDKOBJB4qUlhkxW', null, 900000373, false, true, true, '2024-04-28 00:00:00', 'USER', 0, 'sv373_tuan', 'https://github.com/sv373_tuan');
INSERT IGNORE INTO users (id, about, activation_code, active, background_color, birthday, color_scheme, country, country_code, email, full_name, gender, language, like_count, location, media_tweet_count, muted_direct_messages, notifications_count, password, password_reset_code, phone, private_profile, profile_customized, profile_started, registration_date, role, tweet_count, username, website) VALUES (374, 'Sinh viên D22 — Khoa CNTT VKU. Đam mê backend.', null, true, 'DEFAULT', null, 'BLUE', 'VN', 'VN', 'sv374_vy@student.it.edu.vn', 'Vo Vy', null, 'Tieng Viet', 0, 'TP.HCM', 0, false, 0, '$2a$08$TZekzxmq.KO2f.juYNUa4eU/ePYPx3r2MWONVjPDKOBJB4qUlhkxW', null, 900000374, false, true, true, '2024-05-01 00:00:00', 'USER', 0, 'sv374_vy', 'https://github.com/sv374_vy');
INSERT IGNORE INTO users (id, about, activation_code, active, background_color, birthday, color_scheme, country, country_code, email, full_name, gender, language, like_count, location, media_tweet_count, muted_direct_messages, notifications_count, password, password_reset_code, phone, private_profile, profile_customized, profile_started, registration_date, role, tweet_count, username, website) VALUES (375, 'Sinh viên D23 — Khoa CNTT VKU. Đam mê DevOps.', null, true, 'DEFAULT', null, 'BLUE', 'VN', 'VN', 'sv375_yen@student.it.edu.vn', 'Vo Yen', null, 'Tieng Viet', 0, 'Da Nang', 0, false, 0, '$2a$08$TZekzxmq.KO2f.juYNUa4eU/ePYPx3r2MWONVjPDKOBJB4qUlhkxW', null, 900000375, false, true, true, '2024-06-02 00:00:00', 'USER', 0, 'sv375_yen', 'https://github.com/sv375_yen');
INSERT IGNORE INTO users (id, about, activation_code, active, background_color, birthday, color_scheme, country, country_code, email, full_name, gender, language, like_count, location, media_tweet_count, muted_direct_messages, notifications_count, password, password_reset_code, phone, private_profile, profile_customized, profile_started, registration_date, role, tweet_count, username, website) VALUES (376, 'Sinh viên D24 — Khoa CNTT VKU. Đam mê backend.', null, true, 'DEFAULT', null, 'BLUE', 'VN', 'VN', 'sv376_khoa@student.it.edu.vn', 'Dang Khoa', null, 'Tieng Viet', 0, 'TP.HCM', 0, false, 0, '$2a$08$TZekzxmq.KO2f.juYNUa4eU/ePYPx3r2MWONVjPDKOBJB4qUlhkxW', null, 900000376, false, true, true, '2024-07-03 00:00:00', 'USER', 0, 'sv376_khoa', 'https://github.com/sv376_khoa');
INSERT IGNORE INTO users (id, about, activation_code, active, background_color, birthday, color_scheme, country, country_code, email, full_name, gender, language, like_count, location, media_tweet_count, muted_direct_messages, notifications_count, password, password_reset_code, phone, private_profile, profile_customized, profile_started, registration_date, role, tweet_count, username, website) VALUES (377, 'Sinh viên D25 — Khoa CNTT VKU. Đam mê fullstack.', null, true, 'DEFAULT', null, 'BLUE', 'VN', 'VN', 'sv377_linh@student.it.edu.vn', 'Dang Linh', null, 'Tieng Viet', 0, 'Ha Noi', 0, false, 0, '$2a$08$TZekzxmq.KO2f.juYNUa4eU/ePYPx3r2MWONVjPDKOBJB4qUlhkxW', null, 900000377, false, true, true, '2024-08-04 00:00:00', 'USER', 0, 'sv377_linh', 'https://github.com/sv377_linh');

-- avatar & wallpaper
INSERT IGNORE INTO user_avatar (avatar_id, user_id) VALUES (300, 178);
INSERT IGNORE INTO user_wallpaper (wallpaper_id, user_id) VALUES (270, 178);
INSERT IGNORE INTO user_avatar (avatar_id, user_id) VALUES (301, 179);
INSERT IGNORE INTO user_wallpaper (wallpaper_id, user_id) VALUES (270, 179);
INSERT IGNORE INTO user_avatar (avatar_id, user_id) VALUES (302, 180);
INSERT IGNORE INTO user_wallpaper (wallpaper_id, user_id) VALUES (270, 180);
INSERT IGNORE INTO user_avatar (avatar_id, user_id) VALUES (303, 181);
INSERT IGNORE INTO user_wallpaper (wallpaper_id, user_id) VALUES (270, 181);
INSERT IGNORE INTO user_avatar (avatar_id, user_id) VALUES (304, 182);
INSERT IGNORE INTO user_wallpaper (wallpaper_id, user_id) VALUES (270, 182);
INSERT IGNORE INTO user_avatar (avatar_id, user_id) VALUES (305, 183);
INSERT IGNORE INTO user_wallpaper (wallpaper_id, user_id) VALUES (270, 183);
INSERT IGNORE INTO user_avatar (avatar_id, user_id) VALUES (306, 184);
INSERT IGNORE INTO user_wallpaper (wallpaper_id, user_id) VALUES (270, 184);
INSERT IGNORE INTO user_avatar (avatar_id, user_id) VALUES (307, 185);
INSERT IGNORE INTO user_wallpaper (wallpaper_id, user_id) VALUES (270, 185);
INSERT IGNORE INTO user_avatar (avatar_id, user_id) VALUES (308, 186);
INSERT IGNORE INTO user_wallpaper (wallpaper_id, user_id) VALUES (270, 186);
INSERT IGNORE INTO user_avatar (avatar_id, user_id) VALUES (309, 187);
INSERT IGNORE INTO user_wallpaper (wallpaper_id, user_id) VALUES (270, 187);
INSERT IGNORE INTO user_avatar (avatar_id, user_id) VALUES (310, 188);
INSERT IGNORE INTO user_wallpaper (wallpaper_id, user_id) VALUES (270, 188);
INSERT IGNORE INTO user_avatar (avatar_id, user_id) VALUES (311, 189);
INSERT IGNORE INTO user_wallpaper (wallpaper_id, user_id) VALUES (270, 189);
INSERT IGNORE INTO user_avatar (avatar_id, user_id) VALUES (312, 190);
INSERT IGNORE INTO user_wallpaper (wallpaper_id, user_id) VALUES (270, 190);
INSERT IGNORE INTO user_avatar (avatar_id, user_id) VALUES (313, 191);
INSERT IGNORE INTO user_wallpaper (wallpaper_id, user_id) VALUES (270, 191);
INSERT IGNORE INTO user_avatar (avatar_id, user_id) VALUES (314, 192);
INSERT IGNORE INTO user_wallpaper (wallpaper_id, user_id) VALUES (270, 192);
INSERT IGNORE INTO user_avatar (avatar_id, user_id) VALUES (315, 193);
INSERT IGNORE INTO user_wallpaper (wallpaper_id, user_id) VALUES (270, 193);
INSERT IGNORE INTO user_avatar (avatar_id, user_id) VALUES (316, 194);
INSERT IGNORE INTO user_wallpaper (wallpaper_id, user_id) VALUES (270, 194);
INSERT IGNORE INTO user_avatar (avatar_id, user_id) VALUES (317, 195);
INSERT IGNORE INTO user_wallpaper (wallpaper_id, user_id) VALUES (270, 195);
INSERT IGNORE INTO user_avatar (avatar_id, user_id) VALUES (318, 196);
INSERT IGNORE INTO user_wallpaper (wallpaper_id, user_id) VALUES (270, 196);
INSERT IGNORE INTO user_avatar (avatar_id, user_id) VALUES (319, 197);
INSERT IGNORE INTO user_wallpaper (wallpaper_id, user_id) VALUES (270, 197);
INSERT IGNORE INTO user_avatar (avatar_id, user_id) VALUES (320, 198);
INSERT IGNORE INTO user_wallpaper (wallpaper_id, user_id) VALUES (270, 198);
INSERT IGNORE INTO user_avatar (avatar_id, user_id) VALUES (321, 199);
INSERT IGNORE INTO user_wallpaper (wallpaper_id, user_id) VALUES (270, 199);
INSERT IGNORE INTO user_avatar (avatar_id, user_id) VALUES (322, 200);
INSERT IGNORE INTO user_wallpaper (wallpaper_id, user_id) VALUES (270, 200);
INSERT IGNORE INTO user_avatar (avatar_id, user_id) VALUES (323, 201);
INSERT IGNORE INTO user_wallpaper (wallpaper_id, user_id) VALUES (270, 201);
INSERT IGNORE INTO user_avatar (avatar_id, user_id) VALUES (324, 202);
INSERT IGNORE INTO user_wallpaper (wallpaper_id, user_id) VALUES (270, 202);
INSERT IGNORE INTO user_avatar (avatar_id, user_id) VALUES (325, 203);
INSERT IGNORE INTO user_wallpaper (wallpaper_id, user_id) VALUES (270, 203);
INSERT IGNORE INTO user_avatar (avatar_id, user_id) VALUES (326, 204);
INSERT IGNORE INTO user_wallpaper (wallpaper_id, user_id) VALUES (270, 204);
INSERT IGNORE INTO user_avatar (avatar_id, user_id) VALUES (327, 205);
INSERT IGNORE INTO user_wallpaper (wallpaper_id, user_id) VALUES (270, 205);
INSERT IGNORE INTO user_avatar (avatar_id, user_id) VALUES (328, 206);
INSERT IGNORE INTO user_wallpaper (wallpaper_id, user_id) VALUES (270, 206);
INSERT IGNORE INTO user_avatar (avatar_id, user_id) VALUES (329, 207);
INSERT IGNORE INTO user_wallpaper (wallpaper_id, user_id) VALUES (270, 207);
INSERT IGNORE INTO user_avatar (avatar_id, user_id) VALUES (330, 208);
INSERT IGNORE INTO user_wallpaper (wallpaper_id, user_id) VALUES (270, 208);
INSERT IGNORE INTO user_avatar (avatar_id, user_id) VALUES (331, 209);
INSERT IGNORE INTO user_wallpaper (wallpaper_id, user_id) VALUES (270, 209);
INSERT IGNORE INTO user_avatar (avatar_id, user_id) VALUES (332, 210);
INSERT IGNORE INTO user_wallpaper (wallpaper_id, user_id) VALUES (270, 210);
INSERT IGNORE INTO user_avatar (avatar_id, user_id) VALUES (333, 211);
INSERT IGNORE INTO user_wallpaper (wallpaper_id, user_id) VALUES (270, 211);
INSERT IGNORE INTO user_avatar (avatar_id, user_id) VALUES (334, 212);
INSERT IGNORE INTO user_wallpaper (wallpaper_id, user_id) VALUES (270, 212);
INSERT IGNORE INTO user_avatar (avatar_id, user_id) VALUES (335, 213);
INSERT IGNORE INTO user_wallpaper (wallpaper_id, user_id) VALUES (270, 213);
INSERT IGNORE INTO user_avatar (avatar_id, user_id) VALUES (336, 214);
INSERT IGNORE INTO user_wallpaper (wallpaper_id, user_id) VALUES (270, 214);
INSERT IGNORE INTO user_avatar (avatar_id, user_id) VALUES (337, 215);
INSERT IGNORE INTO user_wallpaper (wallpaper_id, user_id) VALUES (270, 215);
INSERT IGNORE INTO user_avatar (avatar_id, user_id) VALUES (338, 216);
INSERT IGNORE INTO user_wallpaper (wallpaper_id, user_id) VALUES (270, 216);
INSERT IGNORE INTO user_avatar (avatar_id, user_id) VALUES (339, 217);
INSERT IGNORE INTO user_wallpaper (wallpaper_id, user_id) VALUES (270, 217);
INSERT IGNORE INTO user_avatar (avatar_id, user_id) VALUES (340, 218);
INSERT IGNORE INTO user_wallpaper (wallpaper_id, user_id) VALUES (270, 218);
INSERT IGNORE INTO user_avatar (avatar_id, user_id) VALUES (341, 219);
INSERT IGNORE INTO user_wallpaper (wallpaper_id, user_id) VALUES (270, 219);
INSERT IGNORE INTO user_avatar (avatar_id, user_id) VALUES (342, 220);
INSERT IGNORE INTO user_wallpaper (wallpaper_id, user_id) VALUES (270, 220);
INSERT IGNORE INTO user_avatar (avatar_id, user_id) VALUES (343, 221);
INSERT IGNORE INTO user_wallpaper (wallpaper_id, user_id) VALUES (270, 221);
INSERT IGNORE INTO user_avatar (avatar_id, user_id) VALUES (344, 222);
INSERT IGNORE INTO user_wallpaper (wallpaper_id, user_id) VALUES (270, 222);
INSERT IGNORE INTO user_avatar (avatar_id, user_id) VALUES (345, 223);
INSERT IGNORE INTO user_wallpaper (wallpaper_id, user_id) VALUES (270, 223);
INSERT IGNORE INTO user_avatar (avatar_id, user_id) VALUES (346, 224);
INSERT IGNORE INTO user_wallpaper (wallpaper_id, user_id) VALUES (270, 224);
INSERT IGNORE INTO user_avatar (avatar_id, user_id) VALUES (347, 225);
INSERT IGNORE INTO user_wallpaper (wallpaper_id, user_id) VALUES (270, 225);
INSERT IGNORE INTO user_avatar (avatar_id, user_id) VALUES (348, 226);
INSERT IGNORE INTO user_wallpaper (wallpaper_id, user_id) VALUES (270, 226);
INSERT IGNORE INTO user_avatar (avatar_id, user_id) VALUES (349, 227);
INSERT IGNORE INTO user_wallpaper (wallpaper_id, user_id) VALUES (270, 227);
INSERT IGNORE INTO user_avatar (avatar_id, user_id) VALUES (350, 228);
INSERT IGNORE INTO user_wallpaper (wallpaper_id, user_id) VALUES (270, 228);
INSERT IGNORE INTO user_avatar (avatar_id, user_id) VALUES (351, 229);
INSERT IGNORE INTO user_wallpaper (wallpaper_id, user_id) VALUES (270, 229);
INSERT IGNORE INTO user_avatar (avatar_id, user_id) VALUES (352, 230);
INSERT IGNORE INTO user_wallpaper (wallpaper_id, user_id) VALUES (270, 230);
INSERT IGNORE INTO user_avatar (avatar_id, user_id) VALUES (353, 231);
INSERT IGNORE INTO user_wallpaper (wallpaper_id, user_id) VALUES (270, 231);
INSERT IGNORE INTO user_avatar (avatar_id, user_id) VALUES (354, 232);
INSERT IGNORE INTO user_wallpaper (wallpaper_id, user_id) VALUES (270, 232);
INSERT IGNORE INTO user_avatar (avatar_id, user_id) VALUES (355, 233);
INSERT IGNORE INTO user_wallpaper (wallpaper_id, user_id) VALUES (270, 233);
INSERT IGNORE INTO user_avatar (avatar_id, user_id) VALUES (356, 234);
INSERT IGNORE INTO user_wallpaper (wallpaper_id, user_id) VALUES (270, 234);
INSERT IGNORE INTO user_avatar (avatar_id, user_id) VALUES (357, 235);
INSERT IGNORE INTO user_wallpaper (wallpaper_id, user_id) VALUES (270, 235);
INSERT IGNORE INTO user_avatar (avatar_id, user_id) VALUES (358, 236);
INSERT IGNORE INTO user_wallpaper (wallpaper_id, user_id) VALUES (270, 236);
INSERT IGNORE INTO user_avatar (avatar_id, user_id) VALUES (359, 237);
INSERT IGNORE INTO user_wallpaper (wallpaper_id, user_id) VALUES (270, 237);
INSERT IGNORE INTO user_avatar (avatar_id, user_id) VALUES (360, 238);
INSERT IGNORE INTO user_wallpaper (wallpaper_id, user_id) VALUES (270, 238);
INSERT IGNORE INTO user_avatar (avatar_id, user_id) VALUES (361, 239);
INSERT IGNORE INTO user_wallpaper (wallpaper_id, user_id) VALUES (270, 239);
INSERT IGNORE INTO user_avatar (avatar_id, user_id) VALUES (362, 240);
INSERT IGNORE INTO user_wallpaper (wallpaper_id, user_id) VALUES (270, 240);
INSERT IGNORE INTO user_avatar (avatar_id, user_id) VALUES (363, 241);
INSERT IGNORE INTO user_wallpaper (wallpaper_id, user_id) VALUES (270, 241);
INSERT IGNORE INTO user_avatar (avatar_id, user_id) VALUES (364, 242);
INSERT IGNORE INTO user_wallpaper (wallpaper_id, user_id) VALUES (270, 242);
INSERT IGNORE INTO user_avatar (avatar_id, user_id) VALUES (365, 243);
INSERT IGNORE INTO user_wallpaper (wallpaper_id, user_id) VALUES (270, 243);
INSERT IGNORE INTO user_avatar (avatar_id, user_id) VALUES (366, 244);
INSERT IGNORE INTO user_wallpaper (wallpaper_id, user_id) VALUES (270, 244);
INSERT IGNORE INTO user_avatar (avatar_id, user_id) VALUES (367, 245);
INSERT IGNORE INTO user_wallpaper (wallpaper_id, user_id) VALUES (270, 245);
INSERT IGNORE INTO user_avatar (avatar_id, user_id) VALUES (368, 246);
INSERT IGNORE INTO user_wallpaper (wallpaper_id, user_id) VALUES (270, 246);
INSERT IGNORE INTO user_avatar (avatar_id, user_id) VALUES (369, 247);
INSERT IGNORE INTO user_wallpaper (wallpaper_id, user_id) VALUES (270, 247);
INSERT IGNORE INTO user_avatar (avatar_id, user_id) VALUES (370, 248);
INSERT IGNORE INTO user_wallpaper (wallpaper_id, user_id) VALUES (270, 248);
INSERT IGNORE INTO user_avatar (avatar_id, user_id) VALUES (371, 249);
INSERT IGNORE INTO user_wallpaper (wallpaper_id, user_id) VALUES (270, 249);
INSERT IGNORE INTO user_avatar (avatar_id, user_id) VALUES (372, 250);
INSERT IGNORE INTO user_wallpaper (wallpaper_id, user_id) VALUES (270, 250);
INSERT IGNORE INTO user_avatar (avatar_id, user_id) VALUES (373, 251);
INSERT IGNORE INTO user_wallpaper (wallpaper_id, user_id) VALUES (270, 251);
INSERT IGNORE INTO user_avatar (avatar_id, user_id) VALUES (374, 252);
INSERT IGNORE INTO user_wallpaper (wallpaper_id, user_id) VALUES (270, 252);
INSERT IGNORE INTO user_avatar (avatar_id, user_id) VALUES (375, 253);
INSERT IGNORE INTO user_wallpaper (wallpaper_id, user_id) VALUES (270, 253);
INSERT IGNORE INTO user_avatar (avatar_id, user_id) VALUES (376, 254);
INSERT IGNORE INTO user_wallpaper (wallpaper_id, user_id) VALUES (270, 254);
INSERT IGNORE INTO user_avatar (avatar_id, user_id) VALUES (377, 255);
INSERT IGNORE INTO user_wallpaper (wallpaper_id, user_id) VALUES (270, 255);
INSERT IGNORE INTO user_avatar (avatar_id, user_id) VALUES (378, 256);
INSERT IGNORE INTO user_wallpaper (wallpaper_id, user_id) VALUES (270, 256);
INSERT IGNORE INTO user_avatar (avatar_id, user_id) VALUES (379, 257);
INSERT IGNORE INTO user_wallpaper (wallpaper_id, user_id) VALUES (270, 257);
INSERT IGNORE INTO user_avatar (avatar_id, user_id) VALUES (380, 258);
INSERT IGNORE INTO user_wallpaper (wallpaper_id, user_id) VALUES (270, 258);
INSERT IGNORE INTO user_avatar (avatar_id, user_id) VALUES (381, 259);
INSERT IGNORE INTO user_wallpaper (wallpaper_id, user_id) VALUES (270, 259);
INSERT IGNORE INTO user_avatar (avatar_id, user_id) VALUES (382, 260);
INSERT IGNORE INTO user_wallpaper (wallpaper_id, user_id) VALUES (270, 260);
INSERT IGNORE INTO user_avatar (avatar_id, user_id) VALUES (383, 261);
INSERT IGNORE INTO user_wallpaper (wallpaper_id, user_id) VALUES (270, 261);
INSERT IGNORE INTO user_avatar (avatar_id, user_id) VALUES (384, 262);
INSERT IGNORE INTO user_wallpaper (wallpaper_id, user_id) VALUES (270, 262);
INSERT IGNORE INTO user_avatar (avatar_id, user_id) VALUES (385, 263);
INSERT IGNORE INTO user_wallpaper (wallpaper_id, user_id) VALUES (270, 263);
INSERT IGNORE INTO user_avatar (avatar_id, user_id) VALUES (386, 264);
INSERT IGNORE INTO user_wallpaper (wallpaper_id, user_id) VALUES (270, 264);
INSERT IGNORE INTO user_avatar (avatar_id, user_id) VALUES (387, 265);
INSERT IGNORE INTO user_wallpaper (wallpaper_id, user_id) VALUES (270, 265);
INSERT IGNORE INTO user_avatar (avatar_id, user_id) VALUES (388, 266);
INSERT IGNORE INTO user_wallpaper (wallpaper_id, user_id) VALUES (270, 266);
INSERT IGNORE INTO user_avatar (avatar_id, user_id) VALUES (389, 267);
INSERT IGNORE INTO user_wallpaper (wallpaper_id, user_id) VALUES (270, 267);
INSERT IGNORE INTO user_avatar (avatar_id, user_id) VALUES (390, 268);
INSERT IGNORE INTO user_wallpaper (wallpaper_id, user_id) VALUES (270, 268);
INSERT IGNORE INTO user_avatar (avatar_id, user_id) VALUES (391, 269);
INSERT IGNORE INTO user_wallpaper (wallpaper_id, user_id) VALUES (270, 269);
INSERT IGNORE INTO user_avatar (avatar_id, user_id) VALUES (392, 270);
INSERT IGNORE INTO user_wallpaper (wallpaper_id, user_id) VALUES (270, 270);
INSERT IGNORE INTO user_avatar (avatar_id, user_id) VALUES (393, 271);
INSERT IGNORE INTO user_wallpaper (wallpaper_id, user_id) VALUES (270, 271);
INSERT IGNORE INTO user_avatar (avatar_id, user_id) VALUES (394, 272);
INSERT IGNORE INTO user_wallpaper (wallpaper_id, user_id) VALUES (270, 272);
INSERT IGNORE INTO user_avatar (avatar_id, user_id) VALUES (395, 273);
INSERT IGNORE INTO user_wallpaper (wallpaper_id, user_id) VALUES (270, 273);
INSERT IGNORE INTO user_avatar (avatar_id, user_id) VALUES (396, 274);
INSERT IGNORE INTO user_wallpaper (wallpaper_id, user_id) VALUES (270, 274);
INSERT IGNORE INTO user_avatar (avatar_id, user_id) VALUES (397, 275);
INSERT IGNORE INTO user_wallpaper (wallpaper_id, user_id) VALUES (270, 275);
INSERT IGNORE INTO user_avatar (avatar_id, user_id) VALUES (398, 276);
INSERT IGNORE INTO user_wallpaper (wallpaper_id, user_id) VALUES (270, 276);
INSERT IGNORE INTO user_avatar (avatar_id, user_id) VALUES (399, 277);
INSERT IGNORE INTO user_wallpaper (wallpaper_id, user_id) VALUES (270, 277);
INSERT IGNORE INTO user_avatar (avatar_id, user_id) VALUES (400, 278);
INSERT IGNORE INTO user_wallpaper (wallpaper_id, user_id) VALUES (270, 278);
INSERT IGNORE INTO user_avatar (avatar_id, user_id) VALUES (401, 279);
INSERT IGNORE INTO user_wallpaper (wallpaper_id, user_id) VALUES (270, 279);
INSERT IGNORE INTO user_avatar (avatar_id, user_id) VALUES (402, 280);
INSERT IGNORE INTO user_wallpaper (wallpaper_id, user_id) VALUES (270, 280);
INSERT IGNORE INTO user_avatar (avatar_id, user_id) VALUES (403, 281);
INSERT IGNORE INTO user_wallpaper (wallpaper_id, user_id) VALUES (270, 281);
INSERT IGNORE INTO user_avatar (avatar_id, user_id) VALUES (404, 282);
INSERT IGNORE INTO user_wallpaper (wallpaper_id, user_id) VALUES (270, 282);
INSERT IGNORE INTO user_avatar (avatar_id, user_id) VALUES (405, 283);
INSERT IGNORE INTO user_wallpaper (wallpaper_id, user_id) VALUES (270, 283);
INSERT IGNORE INTO user_avatar (avatar_id, user_id) VALUES (406, 284);
INSERT IGNORE INTO user_wallpaper (wallpaper_id, user_id) VALUES (270, 284);
INSERT IGNORE INTO user_avatar (avatar_id, user_id) VALUES (407, 285);
INSERT IGNORE INTO user_wallpaper (wallpaper_id, user_id) VALUES (270, 285);
INSERT IGNORE INTO user_avatar (avatar_id, user_id) VALUES (408, 286);
INSERT IGNORE INTO user_wallpaper (wallpaper_id, user_id) VALUES (270, 286);
INSERT IGNORE INTO user_avatar (avatar_id, user_id) VALUES (409, 287);
INSERT IGNORE INTO user_wallpaper (wallpaper_id, user_id) VALUES (270, 287);
INSERT IGNORE INTO user_avatar (avatar_id, user_id) VALUES (410, 288);
INSERT IGNORE INTO user_wallpaper (wallpaper_id, user_id) VALUES (270, 288);
INSERT IGNORE INTO user_avatar (avatar_id, user_id) VALUES (411, 289);
INSERT IGNORE INTO user_wallpaper (wallpaper_id, user_id) VALUES (270, 289);
INSERT IGNORE INTO user_avatar (avatar_id, user_id) VALUES (412, 290);
INSERT IGNORE INTO user_wallpaper (wallpaper_id, user_id) VALUES (270, 290);
INSERT IGNORE INTO user_avatar (avatar_id, user_id) VALUES (413, 291);
INSERT IGNORE INTO user_wallpaper (wallpaper_id, user_id) VALUES (270, 291);
INSERT IGNORE INTO user_avatar (avatar_id, user_id) VALUES (414, 292);
INSERT IGNORE INTO user_wallpaper (wallpaper_id, user_id) VALUES (270, 292);
INSERT IGNORE INTO user_avatar (avatar_id, user_id) VALUES (415, 293);
INSERT IGNORE INTO user_wallpaper (wallpaper_id, user_id) VALUES (270, 293);
INSERT IGNORE INTO user_avatar (avatar_id, user_id) VALUES (416, 294);
INSERT IGNORE INTO user_wallpaper (wallpaper_id, user_id) VALUES (270, 294);
INSERT IGNORE INTO user_avatar (avatar_id, user_id) VALUES (417, 295);
INSERT IGNORE INTO user_wallpaper (wallpaper_id, user_id) VALUES (270, 295);
INSERT IGNORE INTO user_avatar (avatar_id, user_id) VALUES (418, 296);
INSERT IGNORE INTO user_wallpaper (wallpaper_id, user_id) VALUES (270, 296);
INSERT IGNORE INTO user_avatar (avatar_id, user_id) VALUES (419, 297);
INSERT IGNORE INTO user_wallpaper (wallpaper_id, user_id) VALUES (270, 297);
INSERT IGNORE INTO user_avatar (avatar_id, user_id) VALUES (420, 298);
INSERT IGNORE INTO user_wallpaper (wallpaper_id, user_id) VALUES (270, 298);
INSERT IGNORE INTO user_avatar (avatar_id, user_id) VALUES (421, 299);
INSERT IGNORE INTO user_wallpaper (wallpaper_id, user_id) VALUES (270, 299);
INSERT IGNORE INTO user_avatar (avatar_id, user_id) VALUES (422, 300);
INSERT IGNORE INTO user_wallpaper (wallpaper_id, user_id) VALUES (270, 300);
INSERT IGNORE INTO user_avatar (avatar_id, user_id) VALUES (423, 301);
INSERT IGNORE INTO user_wallpaper (wallpaper_id, user_id) VALUES (270, 301);
INSERT IGNORE INTO user_avatar (avatar_id, user_id) VALUES (424, 302);
INSERT IGNORE INTO user_wallpaper (wallpaper_id, user_id) VALUES (270, 302);
INSERT IGNORE INTO user_avatar (avatar_id, user_id) VALUES (425, 303);
INSERT IGNORE INTO user_wallpaper (wallpaper_id, user_id) VALUES (270, 303);
INSERT IGNORE INTO user_avatar (avatar_id, user_id) VALUES (426, 304);
INSERT IGNORE INTO user_wallpaper (wallpaper_id, user_id) VALUES (270, 304);
INSERT IGNORE INTO user_avatar (avatar_id, user_id) VALUES (427, 305);
INSERT IGNORE INTO user_wallpaper (wallpaper_id, user_id) VALUES (270, 305);
INSERT IGNORE INTO user_avatar (avatar_id, user_id) VALUES (428, 306);
INSERT IGNORE INTO user_wallpaper (wallpaper_id, user_id) VALUES (270, 306);
INSERT IGNORE INTO user_avatar (avatar_id, user_id) VALUES (429, 307);
INSERT IGNORE INTO user_wallpaper (wallpaper_id, user_id) VALUES (270, 307);
INSERT IGNORE INTO user_avatar (avatar_id, user_id) VALUES (430, 308);
INSERT IGNORE INTO user_wallpaper (wallpaper_id, user_id) VALUES (270, 308);
INSERT IGNORE INTO user_avatar (avatar_id, user_id) VALUES (431, 309);
INSERT IGNORE INTO user_wallpaper (wallpaper_id, user_id) VALUES (270, 309);
INSERT IGNORE INTO user_avatar (avatar_id, user_id) VALUES (432, 310);
INSERT IGNORE INTO user_wallpaper (wallpaper_id, user_id) VALUES (270, 310);
INSERT IGNORE INTO user_avatar (avatar_id, user_id) VALUES (433, 311);
INSERT IGNORE INTO user_wallpaper (wallpaper_id, user_id) VALUES (270, 311);
INSERT IGNORE INTO user_avatar (avatar_id, user_id) VALUES (434, 312);
INSERT IGNORE INTO user_wallpaper (wallpaper_id, user_id) VALUES (270, 312);
INSERT IGNORE INTO user_avatar (avatar_id, user_id) VALUES (435, 313);
INSERT IGNORE INTO user_wallpaper (wallpaper_id, user_id) VALUES (270, 313);
INSERT IGNORE INTO user_avatar (avatar_id, user_id) VALUES (436, 314);
INSERT IGNORE INTO user_wallpaper (wallpaper_id, user_id) VALUES (270, 314);
INSERT IGNORE INTO user_avatar (avatar_id, user_id) VALUES (437, 315);
INSERT IGNORE INTO user_wallpaper (wallpaper_id, user_id) VALUES (270, 315);
INSERT IGNORE INTO user_avatar (avatar_id, user_id) VALUES (438, 316);
INSERT IGNORE INTO user_wallpaper (wallpaper_id, user_id) VALUES (270, 316);
INSERT IGNORE INTO user_avatar (avatar_id, user_id) VALUES (439, 317);
INSERT IGNORE INTO user_wallpaper (wallpaper_id, user_id) VALUES (270, 317);
INSERT IGNORE INTO user_avatar (avatar_id, user_id) VALUES (440, 318);
INSERT IGNORE INTO user_wallpaper (wallpaper_id, user_id) VALUES (270, 318);
INSERT IGNORE INTO user_avatar (avatar_id, user_id) VALUES (441, 319);
INSERT IGNORE INTO user_wallpaper (wallpaper_id, user_id) VALUES (270, 319);
INSERT IGNORE INTO user_avatar (avatar_id, user_id) VALUES (442, 320);
INSERT IGNORE INTO user_wallpaper (wallpaper_id, user_id) VALUES (270, 320);
INSERT IGNORE INTO user_avatar (avatar_id, user_id) VALUES (443, 321);
INSERT IGNORE INTO user_wallpaper (wallpaper_id, user_id) VALUES (270, 321);
INSERT IGNORE INTO user_avatar (avatar_id, user_id) VALUES (444, 322);
INSERT IGNORE INTO user_wallpaper (wallpaper_id, user_id) VALUES (270, 322);
INSERT IGNORE INTO user_avatar (avatar_id, user_id) VALUES (445, 323);
INSERT IGNORE INTO user_wallpaper (wallpaper_id, user_id) VALUES (270, 323);
INSERT IGNORE INTO user_avatar (avatar_id, user_id) VALUES (446, 324);
INSERT IGNORE INTO user_wallpaper (wallpaper_id, user_id) VALUES (270, 324);
INSERT IGNORE INTO user_avatar (avatar_id, user_id) VALUES (447, 325);
INSERT IGNORE INTO user_wallpaper (wallpaper_id, user_id) VALUES (270, 325);
INSERT IGNORE INTO user_avatar (avatar_id, user_id) VALUES (448, 326);
INSERT IGNORE INTO user_wallpaper (wallpaper_id, user_id) VALUES (270, 326);
INSERT IGNORE INTO user_avatar (avatar_id, user_id) VALUES (449, 327);
INSERT IGNORE INTO user_wallpaper (wallpaper_id, user_id) VALUES (270, 327);
INSERT IGNORE INTO user_avatar (avatar_id, user_id) VALUES (450, 328);
INSERT IGNORE INTO user_wallpaper (wallpaper_id, user_id) VALUES (270, 328);
INSERT IGNORE INTO user_avatar (avatar_id, user_id) VALUES (451, 329);
INSERT IGNORE INTO user_wallpaper (wallpaper_id, user_id) VALUES (270, 329);
INSERT IGNORE INTO user_avatar (avatar_id, user_id) VALUES (452, 330);
INSERT IGNORE INTO user_wallpaper (wallpaper_id, user_id) VALUES (270, 330);
INSERT IGNORE INTO user_avatar (avatar_id, user_id) VALUES (453, 331);
INSERT IGNORE INTO user_wallpaper (wallpaper_id, user_id) VALUES (270, 331);
INSERT IGNORE INTO user_avatar (avatar_id, user_id) VALUES (454, 332);
INSERT IGNORE INTO user_wallpaper (wallpaper_id, user_id) VALUES (270, 332);
INSERT IGNORE INTO user_avatar (avatar_id, user_id) VALUES (455, 333);
INSERT IGNORE INTO user_wallpaper (wallpaper_id, user_id) VALUES (270, 333);
INSERT IGNORE INTO user_avatar (avatar_id, user_id) VALUES (456, 334);
INSERT IGNORE INTO user_wallpaper (wallpaper_id, user_id) VALUES (270, 334);
INSERT IGNORE INTO user_avatar (avatar_id, user_id) VALUES (457, 335);
INSERT IGNORE INTO user_wallpaper (wallpaper_id, user_id) VALUES (270, 335);
INSERT IGNORE INTO user_avatar (avatar_id, user_id) VALUES (458, 336);
INSERT IGNORE INTO user_wallpaper (wallpaper_id, user_id) VALUES (270, 336);
INSERT IGNORE INTO user_avatar (avatar_id, user_id) VALUES (459, 337);
INSERT IGNORE INTO user_wallpaper (wallpaper_id, user_id) VALUES (270, 337);
INSERT IGNORE INTO user_avatar (avatar_id, user_id) VALUES (460, 338);
INSERT IGNORE INTO user_wallpaper (wallpaper_id, user_id) VALUES (270, 338);
INSERT IGNORE INTO user_avatar (avatar_id, user_id) VALUES (461, 339);
INSERT IGNORE INTO user_wallpaper (wallpaper_id, user_id) VALUES (270, 339);
INSERT IGNORE INTO user_avatar (avatar_id, user_id) VALUES (462, 340);
INSERT IGNORE INTO user_wallpaper (wallpaper_id, user_id) VALUES (270, 340);
INSERT IGNORE INTO user_avatar (avatar_id, user_id) VALUES (463, 341);
INSERT IGNORE INTO user_wallpaper (wallpaper_id, user_id) VALUES (270, 341);
INSERT IGNORE INTO user_avatar (avatar_id, user_id) VALUES (464, 342);
INSERT IGNORE INTO user_wallpaper (wallpaper_id, user_id) VALUES (270, 342);
INSERT IGNORE INTO user_avatar (avatar_id, user_id) VALUES (465, 343);
INSERT IGNORE INTO user_wallpaper (wallpaper_id, user_id) VALUES (270, 343);
INSERT IGNORE INTO user_avatar (avatar_id, user_id) VALUES (466, 344);
INSERT IGNORE INTO user_wallpaper (wallpaper_id, user_id) VALUES (270, 344);
INSERT IGNORE INTO user_avatar (avatar_id, user_id) VALUES (467, 345);
INSERT IGNORE INTO user_wallpaper (wallpaper_id, user_id) VALUES (270, 345);
INSERT IGNORE INTO user_avatar (avatar_id, user_id) VALUES (468, 346);
INSERT IGNORE INTO user_wallpaper (wallpaper_id, user_id) VALUES (270, 346);
INSERT IGNORE INTO user_avatar (avatar_id, user_id) VALUES (469, 347);
INSERT IGNORE INTO user_wallpaper (wallpaper_id, user_id) VALUES (270, 347);
INSERT IGNORE INTO user_avatar (avatar_id, user_id) VALUES (470, 348);
INSERT IGNORE INTO user_wallpaper (wallpaper_id, user_id) VALUES (270, 348);
INSERT IGNORE INTO user_avatar (avatar_id, user_id) VALUES (471, 349);
INSERT IGNORE INTO user_wallpaper (wallpaper_id, user_id) VALUES (270, 349);
INSERT IGNORE INTO user_avatar (avatar_id, user_id) VALUES (472, 350);
INSERT IGNORE INTO user_wallpaper (wallpaper_id, user_id) VALUES (270, 350);
INSERT IGNORE INTO user_avatar (avatar_id, user_id) VALUES (473, 351);
INSERT IGNORE INTO user_wallpaper (wallpaper_id, user_id) VALUES (270, 351);
INSERT IGNORE INTO user_avatar (avatar_id, user_id) VALUES (474, 352);
INSERT IGNORE INTO user_wallpaper (wallpaper_id, user_id) VALUES (270, 352);
INSERT IGNORE INTO user_avatar (avatar_id, user_id) VALUES (475, 353);
INSERT IGNORE INTO user_wallpaper (wallpaper_id, user_id) VALUES (270, 353);
INSERT IGNORE INTO user_avatar (avatar_id, user_id) VALUES (476, 354);
INSERT IGNORE INTO user_wallpaper (wallpaper_id, user_id) VALUES (270, 354);
INSERT IGNORE INTO user_avatar (avatar_id, user_id) VALUES (477, 355);
INSERT IGNORE INTO user_wallpaper (wallpaper_id, user_id) VALUES (270, 355);
INSERT IGNORE INTO user_avatar (avatar_id, user_id) VALUES (478, 356);
INSERT IGNORE INTO user_wallpaper (wallpaper_id, user_id) VALUES (270, 356);
INSERT IGNORE INTO user_avatar (avatar_id, user_id) VALUES (479, 357);
INSERT IGNORE INTO user_wallpaper (wallpaper_id, user_id) VALUES (270, 357);
INSERT IGNORE INTO user_avatar (avatar_id, user_id) VALUES (480, 358);
INSERT IGNORE INTO user_wallpaper (wallpaper_id, user_id) VALUES (270, 358);
INSERT IGNORE INTO user_avatar (avatar_id, user_id) VALUES (481, 359);
INSERT IGNORE INTO user_wallpaper (wallpaper_id, user_id) VALUES (270, 359);
INSERT IGNORE INTO user_avatar (avatar_id, user_id) VALUES (482, 360);
INSERT IGNORE INTO user_wallpaper (wallpaper_id, user_id) VALUES (270, 360);
INSERT IGNORE INTO user_avatar (avatar_id, user_id) VALUES (483, 361);
INSERT IGNORE INTO user_wallpaper (wallpaper_id, user_id) VALUES (270, 361);
INSERT IGNORE INTO user_avatar (avatar_id, user_id) VALUES (484, 362);
INSERT IGNORE INTO user_wallpaper (wallpaper_id, user_id) VALUES (270, 362);
INSERT IGNORE INTO user_avatar (avatar_id, user_id) VALUES (485, 363);
INSERT IGNORE INTO user_wallpaper (wallpaper_id, user_id) VALUES (270, 363);
INSERT IGNORE INTO user_avatar (avatar_id, user_id) VALUES (486, 364);
INSERT IGNORE INTO user_wallpaper (wallpaper_id, user_id) VALUES (270, 364);
INSERT IGNORE INTO user_avatar (avatar_id, user_id) VALUES (487, 365);
INSERT IGNORE INTO user_wallpaper (wallpaper_id, user_id) VALUES (270, 365);
INSERT IGNORE INTO user_avatar (avatar_id, user_id) VALUES (488, 366);
INSERT IGNORE INTO user_wallpaper (wallpaper_id, user_id) VALUES (270, 366);
INSERT IGNORE INTO user_avatar (avatar_id, user_id) VALUES (489, 367);
INSERT IGNORE INTO user_wallpaper (wallpaper_id, user_id) VALUES (270, 367);
INSERT IGNORE INTO user_avatar (avatar_id, user_id) VALUES (490, 368);
INSERT IGNORE INTO user_wallpaper (wallpaper_id, user_id) VALUES (270, 368);
INSERT IGNORE INTO user_avatar (avatar_id, user_id) VALUES (491, 369);
INSERT IGNORE INTO user_wallpaper (wallpaper_id, user_id) VALUES (270, 369);
INSERT IGNORE INTO user_avatar (avatar_id, user_id) VALUES (492, 370);
INSERT IGNORE INTO user_wallpaper (wallpaper_id, user_id) VALUES (270, 370);
INSERT IGNORE INTO user_avatar (avatar_id, user_id) VALUES (493, 371);
INSERT IGNORE INTO user_wallpaper (wallpaper_id, user_id) VALUES (270, 371);
INSERT IGNORE INTO user_avatar (avatar_id, user_id) VALUES (494, 372);
INSERT IGNORE INTO user_wallpaper (wallpaper_id, user_id) VALUES (270, 372);
INSERT IGNORE INTO user_avatar (avatar_id, user_id) VALUES (495, 373);
INSERT IGNORE INTO user_wallpaper (wallpaper_id, user_id) VALUES (270, 373);
INSERT IGNORE INTO user_avatar (avatar_id, user_id) VALUES (496, 374);
INSERT IGNORE INTO user_wallpaper (wallpaper_id, user_id) VALUES (270, 374);
INSERT IGNORE INTO user_avatar (avatar_id, user_id) VALUES (497, 375);
INSERT IGNORE INTO user_wallpaper (wallpaper_id, user_id) VALUES (270, 375);
INSERT IGNORE INTO user_avatar (avatar_id, user_id) VALUES (498, 376);
INSERT IGNORE INTO user_wallpaper (wallpaper_id, user_id) VALUES (270, 376);
INSERT IGNORE INTO user_avatar (avatar_id, user_id) VALUES (499, 377);
INSERT IGNORE INTO user_wallpaper (wallpaper_id, user_id) VALUES (270, 377);

-- tags IT (lowercase — khop PersonalizationService)
INSERT IGNORE INTO tags (id, tag_name, tweets_quantity) VALUES (121, '#java', 0);
INSERT IGNORE INTO tags (id, tag_name, tweets_quantity) VALUES (122, '#spring', 0);
INSERT IGNORE INTO tags (id, tag_name, tweets_quantity) VALUES (123, '#react', 0);
INSERT IGNORE INTO tags (id, tag_name, tweets_quantity) VALUES (124, '#dsa', 0);
INSERT IGNORE INTO tags (id, tag_name, tweets_quantity) VALUES (125, '#devops', 0);
INSERT IGNORE INTO tags (id, tag_name, tweets_quantity) VALUES (126, '#database', 0);
INSERT IGNORE INTO tags (id, tag_name, tweets_quantity) VALUES (127, '#career', 0);
INSERT IGNORE INTO tags (id, tag_name, tweets_quantity) VALUES (128, '#cpp', 0);
INSERT IGNORE INTO tags (id, tag_name, tweets_quantity) VALUES (129, '#python', 0);
INSERT IGNORE INTO tags (id, tag_name, tweets_quantity) VALUES (130, '#javascript', 0);
INSERT IGNORE INTO tags (id, tag_name, tweets_quantity) VALUES (131, '#typescript', 0);
INSERT IGNORE INTO tags (id, tag_name, tweets_quantity) VALUES (132, '#ai', 0);
INSERT IGNORE INTO tags (id, tag_name, tweets_quantity) VALUES (133, '#ml', 0);
INSERT IGNORE INTO tags (id, tag_name, tweets_quantity) VALUES (134, '#oop', 0);
INSERT IGNORE INTO tags (id, tag_name, tweets_quantity) VALUES (135, '#api', 0);
INSERT IGNORE INTO tags (id, tag_name, tweets_quantity) VALUES (136, '#docker', 0);
INSERT IGNORE INTO tags (id, tag_name, tweets_quantity) VALUES (137, '#kubernetes', 0);
INSERT IGNORE INTO tags (id, tag_name, tweets_quantity) VALUES (138, '#sql', 0);
INSERT IGNORE INTO tags (id, tag_name, tweets_quantity) VALUES (139, '#nosql', 0);
INSERT IGNORE INTO tags (id, tag_name, tweets_quantity) VALUES (140, '#git', 0);
INSERT IGNORE INTO tags (id, tag_name, tweets_quantity) VALUES (141, '#testing', 0);
INSERT IGNORE INTO tags (id, tag_name, tweets_quantity) VALUES (142, '#security', 0);
INSERT IGNORE INTO tags (id, tag_name, tweets_quantity) VALUES (143, '#cloud', 0);
INSERT IGNORE INTO tags (id, tag_name, tweets_quantity) VALUES (144, '#linux', 0);
INSERT IGNORE INTO tags (id, tag_name, tweets_quantity) VALUES (145, '#graphql', 0);
INSERT IGNORE INTO tags (id, tag_name, tweets_quantity) VALUES (146, '#agile', 0);
INSERT IGNORE INTO tags (id, tag_name, tweets_quantity) VALUES (147, '#internship', 0);
INSERT IGNORE INTO tags (id, tag_name, tweets_quantity) VALUES (148, '#hackathon', 0);
INSERT IGNORE INTO tags (id, tag_name, tweets_quantity) VALUES (149, '#cleancode', 0);
INSERT IGNORE INTO tags (id, tag_name, tweets_quantity) VALUES (150, '#microservices', 0);

-- tweets da dang
INSERT INTO tweets (id, addressed_id, addressed_tweet_id, addressed_username, date_time, link, link_cover, link_cover_size, link_description, link_title, reply_type, text, users_id, deleted) VALUES (50000, null, null, null, '2026-06-05 19:00:00', null, null, null, null, null, 'FOLLOW', 'Buổi code review: nên tách memoization khỏi controller trong REST API. #spring #oop #api', 152, false);
INSERT INTO users_tweets (user_id, tweets_id) VALUES (152, 50000);
INSERT INTO tweets (id, addressed_id, addressed_tweet_id, addressed_username, date_time, link, link_cover, link_cover_size, link_description, link_title, reply_type, text, users_id, deleted) VALUES (50001, null, null, null, '2026-06-06 16:00:00', null, null, null, null, null, 'EVERYONE', 'Thực tập tại TMA: ngày đầu làm quen FastAPI và quy trình Agile. #career #git #devops', 343, false);
INSERT INTO users_tweets (user_id, tweets_id) VALUES (343, 50001);
INSERT INTO tweets (id, addressed_id, addressed_tweet_id, addressed_username, date_time, link, link_cover, link_cover_size, link_description, link_title, reply_type, text, users_id, deleted) VALUES (50002, null, null, null, '2026-05-04 09:00:00', null, null, null, null, null, 'EVERYONE', 'Seminar khoa CNTT: chủ đề Data pipeline. Điểm danh có mặt sẽ được bonus điểm. #ai #ml #database', 268, false);
INSERT INTO users_tweets (user_id, tweets_id) VALUES (268, 50002);
INSERT INTO tweets (id, addressed_id, addressed_tweet_id, addressed_username, date_time, link, link_cover, link_cover_size, link_description, link_title, reply_type, text, users_id, deleted) VALUES (50003, null, null, null, '2026-05-11 15:00:00', null, null, null, null, null, 'EVERYONE', 'Security checklist đồ án: hash password, validate input, rate limit REST API. #spring #api #career', 206, false);
INSERT INTO users_tweets (user_id, tweets_id) VALUES (206, 50003);
INSERT INTO tweets (id, addressed_id, addressed_tweet_id, addressed_username, date_time, link, link_cover, link_cover_size, link_description, link_title, reply_type, text, users_id, deleted) VALUES (50004, null, null, null, '2026-06-07 06:00:00', null, null, null, null, null, 'EVERYONE', 'LeetCode daily #904: DFS hay topological sort? Complexity bao nhiêu là ổn? #dsa #cpp #python', 279, false);
INSERT INTO users_tweets (user_id, tweets_id) VALUES (279, 50004);
INSERT INTO tweets (id, addressed_id, addressed_tweet_id, addressed_username, date_time, link, link_cover, link_cover_size, link_description, link_title, reply_type, text, users_id, deleted) VALUES (50005, null, null, null, '2026-06-05 21:00:00', null, null, null, null, null, 'EVERYONE', 'Hôm nay học CORS trong Java — tương ứng design pattern nào nhỉ? #typescript #react #oop', 220, false);
INSERT INTO users_tweets (user_id, tweets_id) VALUES (220, 50005);
INSERT INTO tweets (id, addressed_id, addressed_tweet_id, addressed_username, date_time, link, link_cover, link_cover_size, link_description, link_title, reply_type, text, users_id, deleted) VALUES (50006, null, null, null, '2026-06-07 02:00:00', null, null, null, null, null, 'EVERYONE', 'Backend React: pagination cursor vs offset — case nào nên dùng? #spring #api #database', 230, false);
INSERT INTO users_tweets (user_id, tweets_id) VALUES (230, 50006);
INSERT INTO tweets (id, addressed_id, addressed_tweet_id, addressed_username, date_time, link, link_cover, link_cover_size, link_description, link_title, reply_type, text, users_id, deleted) VALUES (50007, null, null, null, '2026-04-30 00:00:00', null, null, null, null, null, 'EVERYONE', 'Git branch strategy cho team 5 người: repository pattern. Tránh conflict khi merge đồ án. #git #devops #api', 110, false);
INSERT INTO users_tweets (user_id, tweets_id) VALUES (110, 50007);
INSERT INTO tweets (id, addressed_id, addressed_tweet_id, addressed_username, date_time, link, link_cover, link_cover_size, link_description, link_title, reply_type, text, users_id, deleted) VALUES (50008, null, null, null, '2026-04-24 12:00:00', null, null, null, null, null, 'EVERYONE', 'Redis cache session JWT trong PostgreSQL — TTL bao nhiêu hợp lý? #nosql #spring #api', 309, false);
INSERT INTO users_tweets (user_id, tweets_id) VALUES (309, 50008);
INSERT INTO tweets (id, addressed_id, addressed_tweet_id, addressed_username, date_time, link, link_cover, link_cover_size, link_description, link_title, reply_type, text, users_id, deleted) VALUES (50009, null, null, null, '2026-05-21 06:00:00', null, null, null, null, null, 'FOLLOW', 'Contest competitive programming tối nay — đề từ graph, language Java. #cpp #dsa #python', 120, false);
INSERT INTO users_tweets (user_id, tweets_id) VALUES (120, 50009);
INSERT INTO tweets (id, addressed_id, addressed_tweet_id, addressed_username, date_time, link, link_cover, link_cover_size, link_description, link_title, reply_type, text, users_id, deleted) VALUES (50010, null, null, null, '2026-06-07 07:00:00', null, null, null, null, null, 'FOLLOW', 'Unit test service MySQL mock repository — coverage bao nhiêu là đủ cho đồ án? #java #spring #oop', 209, false);
INSERT INTO users_tweets (user_id, tweets_id) VALUES (209, 50010);
INSERT INTO tweets (id, addressed_id, addressed_tweet_id, addressed_username, date_time, link, link_cover, link_cover_size, link_description, link_title, reply_type, text, users_id, deleted) VALUES (50011, null, null, null, '2026-05-09 07:00:00', null, null, null, null, null, 'EVERYONE', 'Git branch strategy cho team 5 người: JWT. Tránh conflict khi merge đồ án. #git #devops #api', 343, false);
INSERT INTO users_tweets (user_id, tweets_id) VALUES (343, 50011);
INSERT INTO tweets (id, addressed_id, addressed_tweet_id, addressed_username, date_time, link, link_cover, link_cover_size, link_description, link_title, reply_type, text, users_id, deleted) VALUES (50012, null, null, null, '2026-06-05 16:00:00', null, null, null, null, null, 'EVERYONE', 'Thi cuối kỳ MockMvc — đề cũ cũ: viết MySQL CRUD + auth JWT + unit test. #java #spring #oop', 240, false);
INSERT INTO users_tweets (user_id, tweets_id) VALUES (240, 50012);
INSERT INTO tweets (id, addressed_id, addressed_tweet_id, addressed_username, date_time, link, link_cover, link_cover_size, link_description, link_title, reply_type, text, users_id, deleted) VALUES (50013, null, null, null, '2026-05-03 01:00:00', null, null, null, null, null, 'EVERYONE', 'Thi cuối kỳ MockMvc — đề cũ cũ: viết TypeScript CRUD + auth JWT + unit test. #java #spring #oop', 296, false);
INSERT INTO users_tweets (user_id, tweets_id) VALUES (296, 50013);
INSERT INTO tweets (id, addressed_id, addressed_tweet_id, addressed_username, date_time, link, link_cover, link_cover_size, link_description, link_title, reply_type, text, users_id, deleted) VALUES (50014, null, null, null, '2026-05-28 04:00:00', null, null, null, null, null, 'EVERYONE', 'Backend Docker: pagination cursor vs offset — case nào nên dùng? #spring #api #database', 107, false);
INSERT INTO users_tweets (user_id, tweets_id) VALUES (107, 50014);
INSERT INTO tweets (id, addressed_id, addressed_tweet_id, addressed_username, date_time, link, link_cover, link_cover_size, link_description, link_title, reply_type, text, users_id, deleted) VALUES (50015, null, null, null, '2026-06-05 18:00:00', null, null, null, null, null, 'FOLLOW', 'Lỗi JWT khi deploy Git lên FastAPI — log báo OutOfMemory. Ai từng gặp chưa? #docker #kubernetes #devops', 127, false);
INSERT INTO users_tweets (user_id, tweets_id) VALUES (127, 50015);
INSERT INTO tweets (id, addressed_id, addressed_tweet_id, addressed_username, date_time, link, link_cover, link_cover_size, link_description, link_title, reply_type, text, users_id, deleted) VALUES (50016, null, null, null, '2026-06-05 19:00:00', null, null, null, null, null, 'EVERYONE', 'Vừa xong bài tập JPA — dùng GraphQL + Python. Cảm giác debug cả đêm vẫn đáng! #java #database #sql', 188, false);
INSERT INTO users_tweets (user_id, tweets_id) VALUES (188, 50016);
INSERT INTO tweets (id, addressed_id, addressed_tweet_id, addressed_username, date_time, link, link_cover, link_cover_size, link_description, link_title, reply_type, text, users_id, deleted) VALUES (50017, null, null, null, '2026-04-30 03:00:00', null, null, null, null, null, 'EVERYONE', 'Câu hỏi viva môn Spring Boot: giải thích memoization trong MySQL? Có ví dụ thực tế không? #java #spring #oop', 265, false);
INSERT INTO users_tweets (user_id, tweets_id) VALUES (265, 50017);
INSERT INTO tweets (id, addressed_id, addressed_tweet_id, addressed_username, date_time, link, link_cover, link_cover_size, link_description, link_title, reply_type, text, users_id, deleted) VALUES (50018, null, null, null, '2026-04-24 22:00:00', null, null, null, null, null, 'FOLLOW', 'Demo sản phẩm đồ án: notification push trên Docker. Mời mọi người feedback! #react #spring #docker', 197, false);
INSERT INTO users_tweets (user_id, tweets_id) VALUES (197, 50018);
INSERT INTO tweets (id, addressed_id, addressed_tweet_id, addressed_username, date_time, link, link_cover, link_cover_size, link_description, link_title, reply_type, text, users_id, deleted) VALUES (50019, null, null, null, '2026-06-04 15:00:00', null, null, null, null, null, 'FOLLOW', 'LeetCode daily #978: BFS hay topological sort? Complexity bao nhiêu là ổn? #dsa #cpp #python', 314, false);
INSERT INTO users_tweets (user_id, tweets_id) VALUES (314, 50019);
INSERT INTO tweets (id, addressed_id, addressed_tweet_id, addressed_username, date_time, link, link_cover, link_cover_size, link_description, link_title, reply_type, text, users_id, deleted) VALUES (50020, null, null, null, '2026-06-07 06:00:00', null, null, null, null, null, 'FOLLOW', 'Demo sản phẩm đồ án: notification push trên PostgreSQL. Mời mọi người feedback! #react #spring #docker', 316, false);
INSERT INTO users_tweets (user_id, tweets_id) VALUES (316, 50020);
INSERT INTO tweets (id, addressed_id, addressed_tweet_id, addressed_username, date_time, link, link_cover, link_cover_size, link_description, link_title, reply_type, text, users_id, deleted) VALUES (50021, null, null, null, '2026-06-07 06:00:00', null, null, null, null, null, 'EVERYONE', 'Demo sản phẩm đồ án: search full-text trên Node.js. Mời mọi người feedback! #react #spring #docker', 367, false);
INSERT INTO users_tweets (user_id, tweets_id) VALUES (367, 50021);
INSERT INTO tweets (id, addressed_id, addressed_tweet_id, addressed_username, date_time, link, link_cover, link_cover_size, link_description, link_title, reply_type, text, users_id, deleted) VALUES (50022, null, null, null, '2026-06-05 12:00:00', null, null, null, null, null, 'FOLLOW', 'Hôm nay học graceful shutdown trong FastAPI — tương ứng design pattern nào nhỉ? #typescript #react #oop', 303, false);
INSERT INTO users_tweets (user_id, tweets_id) VALUES (303, 50022);
INSERT INTO tweets (id, addressed_id, addressed_tweet_id, addressed_username, date_time, link, link_cover, link_cover_size, link_description, link_title, reply_type, text, users_id, deleted) VALUES (50023, null, null, null, '2026-04-25 14:00:00', null, null, null, null, null, 'FOLLOW', 'Pair programming hôm nay: fix bug dependency injection trong service layer PostgreSQL. Học được nhiều! #spring #api #database', 302, false);
INSERT INTO users_tweets (user_id, tweets_id) VALUES (302, 50023);
INSERT INTO tweets (id, addressed_id, addressed_tweet_id, addressed_username, date_time, link, link_cover, link_cover_size, link_description, link_title, reply_type, text, users_id, deleted) VALUES (50024, null, null, null, '2026-04-29 15:00:00', null, null, null, null, null, 'FOLLOW', 'Tối ưu query Spring Boot — EXPLAIN cho thấy full table scan. Bắt đầu từ index nào? #sql #database #spring', 233, false);
INSERT INTO users_tweets (user_id, tweets_id) VALUES (233, 50024);
INSERT INTO tweets (id, addressed_id, addressed_tweet_id, addressed_username, date_time, link, link_cover, link_cover_size, link_description, link_title, reply_type, text, users_id, deleted) VALUES (50025, null, null, null, '2026-05-08 14:00:00', null, null, null, null, null, 'EVERYONE', 'Hackathon 48h sắp tới — stack đề xuất: FastAPI + Python + Redis. Ai join team? #react #spring #docker', 261, false);
INSERT INTO users_tweets (user_id, tweets_id) VALUES (261, 50025);
INSERT INTO tweets (id, addressed_id, addressed_tweet_id, addressed_username, date_time, link, link_cover, link_cover_size, link_description, link_title, reply_type, text, users_id, deleted) VALUES (50026, null, null, null, '2026-04-27 04:00:00', null, null, null, null, null, 'EVERYONE', 'Hôm nay học SOLID trong Spring Boot — tương ứng design pattern nào nhỉ? #typescript #react #oop', 220, false);
INSERT INTO users_tweets (user_id, tweets_id) VALUES (220, 50026);
INSERT INTO tweets (id, addressed_id, addressed_tweet_id, addressed_username, date_time, link, link_cover, link_cover_size, link_description, link_title, reply_type, text, users_id, deleted) VALUES (50027, null, null, null, '2026-05-17 13:00:00', null, null, null, null, null, 'FOLLOW', 'Roadmap học Docker: Linux basics -> React -> REST API -> project capstone. #javascript #typescript #react', 354, false);
INSERT INTO users_tweets (user_id, tweets_id) VALUES (354, 50027);
INSERT INTO tweets (id, addressed_id, addressed_tweet_id, addressed_username, date_time, link, link_cover, link_cover_size, link_description, link_title, reply_type, text, users_id, deleted) VALUES (50028, null, null, null, '2026-06-07 08:00:00', null, null, null, null, null, 'EVERYONE', 'Công ty FPT mở vị trí intern DevOps — yêu cầu GraphQL. CV gửi về career@it.edu.vn #career #java #python', 349, false);
INSERT INTO users_tweets (user_id, tweets_id) VALUES (349, 50028);
INSERT INTO tweets (id, addressed_id, addressed_tweet_id, addressed_username, date_time, link, link_cover, link_cover_size, link_description, link_title, reply_type, text, users_id, deleted) VALUES (50029, null, null, null, '2026-04-25 09:00:00', null, null, null, null, null, 'FOLLOW', 'Unit test service Node.js mock repository — coverage bao nhiêu là đủ cho đồ án? #java #spring #oop', 187, false);
INSERT INTO users_tweets (user_id, tweets_id) VALUES (187, 50029);
INSERT INTO tweets (id, addressed_id, addressed_tweet_id, addressed_username, date_time, link, link_cover, link_cover_size, link_description, link_title, reply_type, text, users_id, deleted) VALUES (50030, null, null, null, '2026-06-07 10:00:00', null, null, null, null, null, 'EVERYONE', 'Unit test service REST API mock repository — coverage bao nhiêu là đủ cho đồ án? #java #spring #oop', 110, false);
INSERT INTO users_tweets (user_id, tweets_id) VALUES (110, 50030);
INSERT INTO tweets (id, addressed_id, addressed_tweet_id, addressed_username, date_time, link, link_cover, link_cover_size, link_description, link_title, reply_type, text, users_id, deleted) VALUES (50031, null, null, null, '2026-06-07 06:00:00', null, null, null, null, null, 'FOLLOW', 'Roadmap học FastAPI: HTML -> SQL -> REST API -> project capstone. #javascript #typescript #react', 175, false);
INSERT INTO users_tweets (user_id, tweets_id) VALUES (175, 50031);
INSERT INTO tweets (id, addressed_id, addressed_tweet_id, addressed_username, date_time, link, link_cover, link_cover_size, link_description, link_title, reply_type, text, users_id, deleted) VALUES (50032, null, null, null, '2026-05-29 21:00:00', null, null, null, null, null, 'EVERYONE', 'Hôm nay thầy Thay Tran giảng về transformer — slide rất hay về dependency injection. #java #ai #database', 313, false);
INSERT INTO users_tweets (user_id, tweets_id) VALUES (313, 50032);
INSERT INTO tweets (id, addressed_id, addressed_tweet_id, addressed_username, date_time, link, link_cover, link_cover_size, link_description, link_title, reply_type, text, users_id, deleted) VALUES (50033, null, null, null, '2026-05-07 00:00:00', null, null, null, null, null, 'EVERYONE', 'Microservice Redis gọi React bị timeout — nên dùng circuit breaker không? #api #spring #kubernetes', 224, false);
INSERT INTO users_tweets (user_id, tweets_id) VALUES (224, 50033);
INSERT INTO tweets (id, addressed_id, addressed_tweet_id, addressed_username, date_time, link, link_cover, link_cover_size, link_description, link_title, reply_type, text, users_id, deleted) VALUES (50034, null, null, null, '2026-06-02 03:00:00', null, null, null, null, null, 'EVERYONE', 'Workshop Machine Learning thứ Bay phòng lab Lab1. Đăng ký sớm nhé! #hackathon #react #ai #devops', 324, false);
INSERT INTO users_tweets (user_id, tweets_id) VALUES (324, 50034);
INSERT INTO tweets (id, addressed_id, addressed_tweet_id, addressed_username, date_time, link, link_cover, link_cover_size, link_description, link_title, reply_type, text, users_id, deleted) VALUES (50035, null, null, null, '2026-06-06 19:00:00', null, null, null, null, null, 'FOLLOW', 'Redis cache session JWT trong TypeScript — TTL bao nhiêu hợp lý? #nosql #spring #api', 281, false);
INSERT INTO users_tweets (user_id, tweets_id) VALUES (281, 50035);
INSERT INTO tweets (id, addressed_id, addressed_tweet_id, addressed_username, date_time, link, link_cover, link_cover_size, link_description, link_title, reply_type, text, users_id, deleted) VALUES (50036, null, null, null, '2026-05-18 22:00:00', null, null, null, null, null, 'EVERYONE', 'Security checklist đồ án: hash password, validate input, rate limit React. #spring #api #career', 125, false);
INSERT INTO users_tweets (user_id, tweets_id) VALUES (125, 50036);
INSERT INTO tweets (id, addressed_id, addressed_tweet_id, addressed_username, date_time, link, link_cover, link_cover_size, link_description, link_title, reply_type, text, users_id, deleted) VALUES (50037, null, null, null, '2026-05-18 02:00:00', null, null, null, null, null, 'EVERYONE', 'Tối ưu query Docker — EXPLAIN cho thấy full table scan. Bắt đầu từ index nào? #sql #database #spring', 178, false);
INSERT INTO users_tweets (user_id, tweets_id) VALUES (178, 50037);
INSERT INTO tweets (id, addressed_id, addressed_tweet_id, addressed_username, date_time, link, link_cover, link_cover_size, link_description, link_title, reply_type, text, users_id, deleted) VALUES (50038, null, null, null, '2026-06-06 05:00:00', null, null, null, null, null, 'EVERYONE', 'Tối ưu query React — EXPLAIN cho thấy full table scan. Bắt đầu từ index nào? #sql #database #spring', 321, false);
INSERT INTO users_tweets (user_id, tweets_id) VALUES (321, 50038);
INSERT INTO tweets (id, addressed_id, addressed_tweet_id, addressed_username, date_time, link, link_cover, link_cover_size, link_description, link_title, reply_type, text, users_id, deleted) VALUES (50039, null, null, null, '2026-05-24 01:00:00', null, null, null, null, null, 'EVERYONE', 'Team mình migrate từ FastAPI sang REST API vì deadline. Có checklist khuyến nghị? #javascript #typescript #react', 158, false);
INSERT INTO users_tweets (user_id, tweets_id) VALUES (158, 50039);
INSERT INTO tweets (id, addressed_id, addressed_tweet_id, addressed_username, date_time, link, link_cover, link_cover_size, link_description, link_title, reply_type, text, users_id, deleted) VALUES (50040, null, null, null, '2026-05-13 20:00:00', null, null, null, null, null, 'EVERYONE', 'Pair programming hôm nay: fix bug lazy loading trong service layer Docker. Học được nhiều! #spring #api #database', 248, false);
INSERT INTO users_tweets (user_id, tweets_id) VALUES (248, 50040);
INSERT INTO tweets (id, addressed_id, addressed_tweet_id, addressed_username, date_time, link, link_cover, link_cover_size, link_description, link_title, reply_type, text, users_id, deleted) VALUES (50041, null, null, null, '2026-05-30 20:00:00', null, null, null, null, null, 'EVERYONE', 'Demo sản phẩm đồ án: notification push trên Kubernetes. Mời mọi người feedback! #react #spring #docker', 283, false);
INSERT INTO users_tweets (user_id, tweets_id) VALUES (283, 50041);
INSERT INTO tweets (id, addressed_id, addressed_tweet_id, addressed_username, date_time, link, link_cover, link_cover_size, link_description, link_title, reply_type, text, users_id, deleted) VALUES (50042, null, null, null, '2026-06-05 17:00:00', null, null, null, null, null, 'EVERYONE', 'Đồ án môn Phân tích thiết kế sắp nộp — team mình đang kết PostgreSQL với PostgreSQL. Ai có template không? #react #spring #api', 184, false);
INSERT INTO users_tweets (user_id, tweets_id) VALUES (184, 50042);
INSERT INTO tweets (id, addressed_id, addressed_tweet_id, addressed_username, date_time, link, link_cover, link_cover_size, link_description, link_title, reply_type, text, users_id, deleted) VALUES (50043, null, null, null, '2026-06-06 22:00:00', null, null, null, null, null, 'EVERYONE', 'Redis cache session JWT trong Redis — TTL bao nhiêu hợp lý? #nosql #spring #api', 356, false);
INSERT INTO users_tweets (user_id, tweets_id) VALUES (356, 50043);
INSERT INTO tweets (id, addressed_id, addressed_tweet_id, addressed_username, date_time, link, link_cover, link_cover_size, link_description, link_title, reply_type, text, users_id, deleted) VALUES (50044, null, null, null, '2026-05-08 05:00:00', null, null, null, null, null, 'EVERYONE', 'Chia sẻ tài liệu free về scikit-learn: slides + lab FastAPI. Link trong reply. #python #ai #ml', 335, false);
INSERT INTO users_tweets (user_id, tweets_id) VALUES (335, 50044);
INSERT INTO tweets (id, addressed_id, addressed_tweet_id, addressed_username, date_time, link, link_cover, link_cover_size, link_description, link_title, reply_type, text, users_id, deleted) VALUES (50045, null, null, null, '2026-06-06 20:00:00', null, null, null, null, null, 'EVERYONE', 'Hôm nay học CORS trong Git — tương ứng design pattern nào nhỉ? #typescript #react #oop', 171, false);
INSERT INTO users_tweets (user_id, tweets_id) VALUES (171, 50045);
INSERT INTO tweets (id, addressed_id, addressed_tweet_id, addressed_username, date_time, link, link_cover, link_cover_size, link_description, link_title, reply_type, text, users_id, deleted) VALUES (50046, null, null, null, '2026-06-07 10:00:00', null, null, null, null, null, 'FOLLOW', 'Build CI pipeline Node.js: lint -> test -> docker build -> deploy staging. #devops #docker #git', 182, false);
INSERT INTO users_tweets (user_id, tweets_id) VALUES (182, 50046);
INSERT INTO tweets (id, addressed_id, addressed_tweet_id, addressed_username, date_time, link, link_cover, link_cover_size, link_description, link_title, reply_type, text, users_id, deleted) VALUES (50047, null, null, null, '2026-06-07 06:00:00', null, null, null, null, null, 'FOLLOW', 'Hỏi nhanh: middleware khác gì memoization trong MySQL? Đang làm bài tập. #java #oop #database', 342, false);
INSERT INTO users_tweets (user_id, tweets_id) VALUES (342, 50047);
INSERT INTO tweets (id, addressed_id, addressed_tweet_id, addressed_username, date_time, link, link_cover, link_cover_size, link_description, link_title, reply_type, text, users_id, deleted) VALUES (50048, null, null, null, '2026-05-13 04:00:00', null, null, null, null, null, 'EVERYONE', 'Alumni 2024 chia sẻ: sau tốt nghiệp học thêm Redis gì để đi làm nhanh? #career #devops #react', 122, false);
INSERT INTO users_tweets (user_id, tweets_id) VALUES (122, 50048);
INSERT INTO tweets (id, addressed_id, addressed_tweet_id, addressed_username, date_time, link, link_cover, link_cover_size, link_description, link_title, reply_type, text, users_id, deleted) VALUES (50049, null, null, null, '2026-05-16 03:00:00', null, null, null, null, null, 'EVERYONE', 'Redis cache session JWT trong REST API — TTL bao nhiêu hợp lý? #nosql #spring #api', 210, false);
INSERT INTO users_tweets (user_id, tweets_id) VALUES (210, 50049);
INSERT INTO tweets (id, addressed_id, addressed_tweet_id, addressed_username, date_time, link, link_cover, link_cover_size, link_description, link_title, reply_type, text, users_id, deleted) VALUES (50050, null, null, null, '2026-06-07 01:00:00', null, null, null, null, null, 'EVERYONE', 'Frontend GraphQL: quản lý state global nên dùng Context hay thư viện riêng? #react #typescript #javascript', 373, false);
INSERT INTO users_tweets (user_id, tweets_id) VALUES (373, 50050);
INSERT INTO tweets (id, addressed_id, addressed_tweet_id, addressed_username, date_time, link, link_cover, link_cover_size, link_description, link_title, reply_type, text, users_id, deleted) VALUES (50051, null, null, null, '2026-06-02 10:00:00', null, null, null, null, null, 'EVERYONE', 'Vừa xong bài tập REST API — dùng PostgreSQL + Docker. Cảm giác debug cả đêm vẫn đáng! #java #database #sql', 248, false);
INSERT INTO users_tweets (user_id, tweets_id) VALUES (248, 50051);
INSERT INTO tweets (id, addressed_id, addressed_tweet_id, addressed_username, date_time, link, link_cover, link_cover_size, link_description, link_title, reply_type, text, users_id, deleted) VALUES (50052, null, null, null, '2026-05-03 01:00:00', null, null, null, null, null, 'EVERYONE', 'Ai có kinh nghiệm viết API documentation với Java? Swagger hay Postman? #api #spring #typescript', 139, false);
INSERT INTO users_tweets (user_id, tweets_id) VALUES (139, 50052);
INSERT INTO tweets (id, addressed_id, addressed_tweet_id, addressed_username, date_time, link, link_cover, link_cover_size, link_description, link_title, reply_type, text, users_id, deleted) VALUES (50053, null, null, null, '2026-04-23 02:00:00', null, null, null, null, null, 'EVERYONE', 'Thi cuối kỳ Spring Security — đề cũ cũ: viết REST API CRUD + auth JWT + unit test. #java #spring #oop', 335, false);
INSERT INTO users_tweets (user_id, tweets_id) VALUES (335, 50053);
INSERT INTO tweets (id, addressed_id, addressed_tweet_id, addressed_username, date_time, link, link_cover, link_cover_size, link_description, link_title, reply_type, text, users_id, deleted) VALUES (50054, null, null, null, '2026-05-31 10:00:00', null, null, null, null, null, 'EVERYONE', 'Tip nhỏ: dùng connection pool trong Node.js giúp code sạch hơn. #cleancode #git #oop #typescript', 174, false);
INSERT INTO users_tweets (user_id, tweets_id) VALUES (174, 50054);
INSERT INTO tweets (id, addressed_id, addressed_tweet_id, addressed_username, date_time, link, link_cover, link_cover_size, link_description, link_title, reply_type, text, users_id, deleted) VALUES (50055, null, null, null, '2026-06-05 21:00:00', null, null, null, null, null, 'FOLLOW', 'Hỏi nhanh: SOLID khác gì SOLID trong FastAPI? Đang làm bài tập. #java #oop #database', 223, false);
INSERT INTO users_tweets (user_id, tweets_id) VALUES (223, 50055);
INSERT INTO tweets (id, addressed_id, addressed_tweet_id, addressed_username, date_time, link, link_cover, link_cover_size, link_description, link_title, reply_type, text, users_id, deleted) VALUES (50056, null, null, null, '2026-04-29 23:00:00', null, null, null, null, null, 'EVERYONE', 'Vừa xong bài tập REST API — dùng Docker + React. Cảm giác debug cả đêm vẫn đáng! #java #database #sql', 243, false);
INSERT INTO users_tweets (user_id, tweets_id) VALUES (243, 50056);
INSERT INTO tweets (id, addressed_id, addressed_tweet_id, addressed_username, date_time, link, link_cover, link_cover_size, link_description, link_title, reply_type, text, users_id, deleted) VALUES (50057, null, null, null, '2026-05-14 00:00:00', null, null, null, null, null, 'EVERYONE', 'Ôn thi giữa kỳ Giải tích: đề nào hay gặp về connection pool? #ontap #dsa #cpp #python', 271, false);
INSERT INTO users_tweets (user_id, tweets_id) VALUES (271, 50057);
INSERT INTO tweets (id, addressed_id, addressed_tweet_id, addressed_username, date_time, link, link_cover, link_cover_size, link_description, link_title, reply_type, text, users_id, deleted) VALUES (50058, null, null, null, '2026-05-06 21:00:00', null, null, null, null, null, 'FOLLOW', 'Bài post mortem: production down vì thiếu index trên bảng enrollments. #database #sql #devops', 363, false);
INSERT INTO users_tweets (user_id, tweets_id) VALUES (363, 50058);
INSERT INTO tweets (id, addressed_id, addressed_tweet_id, addressed_username, date_time, link, link_cover, link_cover_size, link_description, link_title, reply_type, text, users_id, deleted) VALUES (50059, null, null, null, '2026-06-07 12:00:00', null, null, null, null, null, 'EVERYONE', 'Tối ưu query PostgreSQL — EXPLAIN cho thấy full table scan. Bắt đầu từ index nào? #sql #database #spring', 295, false);
INSERT INTO users_tweets (user_id, tweets_id) VALUES (295, 50059);
INSERT INTO tweets (id, addressed_id, addressed_tweet_id, addressed_username, date_time, link, link_cover, link_cover_size, link_description, link_title, reply_type, text, users_id, deleted) VALUES (50060, null, null, null, '2026-06-07 12:00:00', null, null, null, null, null, 'EVERYONE', 'Seminar khoa CNTT: chủ đề Data pipeline. Điểm danh có mặt sẽ được bonus điểm. #ai #ml #database', 364, false);
INSERT INTO users_tweets (user_id, tweets_id) VALUES (364, 50060);
INSERT INTO tweets (id, addressed_id, addressed_tweet_id, addressed_username, date_time, link, link_cover, link_cover_size, link_description, link_title, reply_type, text, users_id, deleted) VALUES (50061, null, null, null, '2026-04-26 12:00:00', null, null, null, null, null, 'EVERYONE', 'K8s HPA scale pod React khi CPU > 70%. Config file mẫu ai có không? #kubernetes #devops #docker', 321, false);
INSERT INTO users_tweets (user_id, tweets_id) VALUES (321, 50061);
INSERT INTO tweets (id, addressed_id, addressed_tweet_id, addressed_username, date_time, link, link_cover, link_cover_size, link_description, link_title, reply_type, text, users_id, deleted) VALUES (50062, null, null, null, '2026-04-26 21:00:00', null, null, null, null, null, 'FOLLOW', 'Buổi code review: nên tách graceful shutdown khỏi controller trong TypeScript. #spring #oop #api', 212, false);
INSERT INTO users_tweets (user_id, tweets_id) VALUES (212, 50062);
INSERT INTO tweets (id, addressed_id, addressed_tweet_id, addressed_username, date_time, link, link_cover, link_cover_size, link_description, link_title, reply_type, text, users_id, deleted) VALUES (50063, null, null, null, '2026-05-22 14:00:00', null, null, null, null, null, 'EVERYONE', 'Lỗi middleware khi deploy TypeScript lên PostgreSQL — log báo OutOfMemory. Ai từng gặp chưa? #docker #kubernetes #devops', 260, false);
INSERT INTO users_tweets (user_id, tweets_id) VALUES (260, 50063);
INSERT INTO tweets (id, addressed_id, addressed_tweet_id, addressed_username, date_time, link, link_cover, link_cover_size, link_description, link_title, reply_type, text, users_id, deleted) VALUES (50064, null, null, null, '2026-05-23 06:00:00', null, null, null, null, null, 'FOLLOW', 'Team mình migrate từ Node.js sang Node.js vì performance. Có checklist khuyến nghị? #javascript #typescript #react', 239, false);
INSERT INTO users_tweets (user_id, tweets_id) VALUES (239, 50064);
INSERT INTO tweets (id, addressed_id, addressed_tweet_id, addressed_username, date_time, link, link_cover, link_cover_size, link_description, link_title, reply_type, text, users_id, deleted) VALUES (50065, null, null, null, '2026-06-07 08:00:00', null, null, null, null, null, 'MENTION', 'Thi cuối kỳ MockMvc — đề cũ cũ: viết Spring Boot CRUD + auth JWT + unit test. #java #spring #oop', 178, false);
INSERT INTO users_tweets (user_id, tweets_id) VALUES (178, 50065);
INSERT INTO tweets (id, addressed_id, addressed_tweet_id, addressed_username, date_time, link, link_cover, link_cover_size, link_description, link_title, reply_type, text, users_id, deleted) VALUES (50066, null, null, null, '2026-06-05 03:00:00', null, null, null, null, null, 'EVERYONE', 'Hackathon 48h sắp tới — stack đề xuất: Git + TypeScript + GraphQL. Ai join team? #react #spring #docker', 256, false);
INSERT INTO users_tweets (user_id, tweets_id) VALUES (256, 50066);
INSERT INTO tweets (id, addressed_id, addressed_tweet_id, addressed_username, date_time, link, link_cover, link_cover_size, link_description, link_title, reply_type, text, users_id, deleted) VALUES (50067, null, null, null, '2026-06-05 14:00:00', null, null, null, null, null, 'FOLLOW', 'Workshop Machine Learning thứ Ba phòng lab Lab2. Đăng ký sớm nhé! #hackathon #react #ai #devops', 206, false);
INSERT INTO users_tweets (user_id, tweets_id) VALUES (206, 50067);
INSERT INTO tweets (id, addressed_id, addressed_tweet_id, addressed_username, date_time, link, link_cover, link_cover_size, link_description, link_title, reply_type, text, users_id, deleted) VALUES (50068, null, null, null, '2026-06-07 12:00:00', null, null, null, null, null, 'EVERYONE', 'Contest competitive programming tối nay — đề từ greedy, language Python. #cpp #dsa #python', 228, false);
INSERT INTO users_tweets (user_id, tweets_id) VALUES (228, 50068);
INSERT INTO tweets (id, addressed_id, addressed_tweet_id, addressed_username, date_time, link, link_cover, link_cover_size, link_description, link_title, reply_type, text, users_id, deleted) VALUES (50069, null, null, null, '2026-06-07 08:00:00', null, null, null, null, null, 'EVERYONE', 'Hackathon 48h sắp tới — stack đề xuất: REST API + Spring Boot + Git. Ai join team? #react #spring #docker', 293, false);
INSERT INTO users_tweets (user_id, tweets_id) VALUES (293, 50069);
INSERT INTO tweets (id, addressed_id, addressed_tweet_id, addressed_username, date_time, link, link_cover, link_cover_size, link_description, link_title, reply_type, text, users_id, deleted) VALUES (50070, null, null, null, '2026-05-11 04:00:00', null, null, null, null, null, 'FOLLOW', 'Backend PostgreSQL: pagination cursor vs offset — case nào nên dùng? #spring #api #database', 265, false);
INSERT INTO users_tweets (user_id, tweets_id) VALUES (265, 50070);
INSERT INTO tweets (id, addressed_id, addressed_tweet_id, addressed_username, date_time, link, link_cover, link_cover_size, link_description, link_title, reply_type, text, users_id, deleted) VALUES (50071, null, null, null, '2026-05-14 09:00:00', null, null, null, null, null, 'EVERYONE', 'Mentor dạy nay: khi phỏng vấn DevOps, hãy nhắc project Python và lazy loading. #career #java #react', 176, false);
INSERT INTO users_tweets (user_id, tweets_id) VALUES (176, 50071);
INSERT INTO tweets (id, addressed_id, addressed_tweet_id, addressed_username, date_time, link, link_cover, link_cover_size, link_description, link_title, reply_type, text, users_id, deleted) VALUES (50072, null, null, null, '2026-06-07 07:00:00', null, null, null, null, null, 'EVERYONE', 'Frontend REST API: quản lý state global nên dùng Context hay thư viện riêng? #react #typescript #javascript', 157, false);
INSERT INTO users_tweets (user_id, tweets_id) VALUES (157, 50072);
INSERT INTO tweets (id, addressed_id, addressed_tweet_id, addressed_username, date_time, link, link_cover, link_cover_size, link_description, link_title, reply_type, text, users_id, deleted) VALUES (50073, null, null, null, '2026-06-06 21:00:00', null, null, null, null, null, 'MENTION', 'Ôn thi giữa kỳ Cấu trúc dữ liệu: đề nào hay gặp về CORS? #ontap #dsa #cpp #python', 272, false);
INSERT INTO users_tweets (user_id, tweets_id) VALUES (272, 50073);
INSERT INTO tweets (id, addressed_id, addressed_tweet_id, addressed_username, date_time, link, link_cover, link_cover_size, link_description, link_title, reply_type, text, users_id, deleted) VALUES (50074, null, null, null, '2026-06-06 16:00:00', null, null, null, null, null, 'EVERYONE', 'Fine-tune model nhỏ cho chatbot FAQ môn 500 câu hỏi bằng Docker. Dataset bao nhiêu mẫu? #ai #ml #python', 350, false);
INSERT INTO users_tweets (user_id, tweets_id) VALUES (350, 50074);
INSERT INTO tweets (id, addressed_id, addressed_tweet_id, addressed_username, date_time, link, link_cover, link_cover_size, link_description, link_title, reply_type, text, users_id, deleted) VALUES (50075, null, null, null, '2026-05-23 18:00:00', null, null, null, null, null, 'EVERYONE', 'Pair programming hôm nay: fix bug dependency injection trong service layer Python. Học được nhiều! #spring #api #database', 120, false);
INSERT INTO users_tweets (user_id, tweets_id) VALUES (120, 50075);
INSERT INTO tweets (id, addressed_id, addressed_tweet_id, addressed_username, date_time, link, link_cover, link_cover_size, link_description, link_title, reply_type, text, users_id, deleted) VALUES (50076, null, null, null, '2026-06-05 22:00:00', null, null, null, null, null, 'FOLLOW', 'Backend FastAPI: pagination cursor vs offset — case nào nên dùng? #spring #api #database', 265, false);
INSERT INTO users_tweets (user_id, tweets_id) VALUES (265, 50076);
INSERT INTO tweets (id, addressed_id, addressed_tweet_id, addressed_username, date_time, link, link_cover, link_cover_size, link_description, link_title, reply_type, text, users_id, deleted) VALUES (50077, null, null, null, '2026-04-24 15:00:00', null, null, null, null, null, 'EVERYONE', 'Demo sản phẩm đồ án: search full-text trên Node.js. Mời mọi người feedback! #react #spring #docker', 233, false);
INSERT INTO users_tweets (user_id, tweets_id) VALUES (233, 50077);
INSERT INTO tweets (id, addressed_id, addressed_tweet_id, addressed_username, date_time, link, link_cover, link_cover_size, link_description, link_title, reply_type, text, users_id, deleted) VALUES (50078, null, null, null, '2026-06-07 08:00:00', null, null, null, null, null, 'EVERYONE', 'Tối ưu query React — EXPLAIN cho thấy full table scan. Bắt đầu từ index nào? #sql #database #spring', 185, false);
INSERT INTO users_tweets (user_id, tweets_id) VALUES (185, 50078);
INSERT INTO tweets (id, addressed_id, addressed_tweet_id, addressed_username, date_time, link, link_cover, link_cover_size, link_description, link_title, reply_type, text, users_id, deleted) VALUES (50079, null, null, null, '2026-05-19 00:00:00', null, null, null, null, null, 'EVERYONE', 'Lỗi graceful shutdown khi deploy Git lên MySQL — log báo 404. Ai từng gặp chưa? #docker #kubernetes #devops', 237, false);
INSERT INTO users_tweets (user_id, tweets_id) VALUES (237, 50079);
INSERT INTO tweets (id, addressed_id, addressed_tweet_id, addressed_username, date_time, link, link_cover, link_cover_size, link_description, link_title, reply_type, text, users_id, deleted) VALUES (50080, null, null, null, '2026-06-03 05:00:00', null, null, null, null, null, 'EVERYONE', 'Ai có kinh nghiệm viết API documentation với REST API? Swagger hay Postman? #api #spring #typescript', 148, false);
INSERT INTO users_tweets (user_id, tweets_id) VALUES (148, 50080);
INSERT INTO tweets (id, addressed_id, addressed_tweet_id, addressed_username, date_time, link, link_cover, link_cover_size, link_description, link_title, reply_type, text, users_id, deleted) VALUES (50081, null, null, null, '2026-05-02 02:00:00', null, null, null, null, null, 'EVERYONE', 'Security checklist đồ án: hash password, validate input, rate limit Node.js. #spring #api #career', 307, false);
INSERT INTO users_tweets (user_id, tweets_id) VALUES (307, 50081);
INSERT INTO tweets (id, addressed_id, addressed_tweet_id, addressed_username, date_time, link, link_cover, link_cover_size, link_description, link_title, reply_type, text, users_id, deleted) VALUES (50082, null, null, null, '2026-06-07 08:00:00', null, null, null, null, null, 'EVERYONE', 'Roadmap học REST API: HTML -> SQL -> internship -> project capstone. #javascript #typescript #react', 302, false);
INSERT INTO users_tweets (user_id, tweets_id) VALUES (302, 50082);
INSERT INTO tweets (id, addressed_id, addressed_tweet_id, addressed_username, date_time, link, link_cover, link_cover_size, link_description, link_title, reply_type, text, users_id, deleted) VALUES (50083, null, null, null, '2026-06-04 10:00:00', null, null, null, null, null, 'EVERYONE', 'Git branch strategy cho team 5 người: lazy loading. Tránh conflict khi merge đồ án. #git #devops #api', 370, false);
INSERT INTO users_tweets (user_id, tweets_id) VALUES (370, 50083);
INSERT INTO tweets (id, addressed_id, addressed_tweet_id, addressed_username, date_time, link, link_cover, link_cover_size, link_description, link_title, reply_type, text, users_id, deleted) VALUES (50084, null, null, null, '2026-06-06 11:00:00', null, null, null, null, null, 'EVERYONE', 'Vừa xong bài tập MongoDB — dùng FastAPI + Python. Cảm giác debug cả đêm vẫn đáng! #java #database #sql', 330, false);
INSERT INTO users_tweets (user_id, tweets_id) VALUES (330, 50084);
INSERT INTO tweets (id, addressed_id, addressed_tweet_id, addressed_username, date_time, link, link_cover, link_cover_size, link_description, link_title, reply_type, text, users_id, deleted) VALUES (50085, null, null, null, '2026-06-05 16:00:00', null, null, null, null, null, 'FOLLOW', 'Tip nhỏ: dùng JWT trong REST API giúp code sạch hơn. #cleancode #git #oop #typescript', 177, false);
INSERT INTO users_tweets (user_id, tweets_id) VALUES (177, 50085);
INSERT INTO tweets (id, addressed_id, addressed_tweet_id, addressed_username, date_time, link, link_cover, link_cover_size, link_description, link_title, reply_type, text, users_id, deleted) VALUES (50086, null, null, null, '2026-05-09 15:00:00', null, null, null, null, null, 'EVERYONE', 'Seminar khoa CNTT: chủ đề Data pipeline. Điểm danh có mặt sẽ được bonus điểm. #ai #ml #database', 135, false);
INSERT INTO users_tweets (user_id, tweets_id) VALUES (135, 50086);
INSERT INTO tweets (id, addressed_id, addressed_tweet_id, addressed_username, date_time, link, link_cover, link_cover_size, link_description, link_title, reply_type, text, users_id, deleted) VALUES (50087, null, null, null, '2026-04-24 15:00:00', null, null, null, null, null, 'EVERYONE', 'Hôm nay học JWT trong REST API — tương ứng design pattern nào nhỉ? #typescript #react #oop', 122, false);
INSERT INTO users_tweets (user_id, tweets_id) VALUES (122, 50087);
INSERT INTO tweets (id, addressed_id, addressed_tweet_id, addressed_username, date_time, link, link_cover, link_cover_size, link_description, link_title, reply_type, text, users_id, deleted) VALUES (50088, null, null, null, '2026-06-07 07:00:00', null, null, null, null, null, 'EVERYONE', 'K8s HPA scale pod Spring Boot khi CPU > 70%. Config file mẫu ai có không? #kubernetes #devops #docker', 143, false);
INSERT INTO users_tweets (user_id, tweets_id) VALUES (143, 50088);
INSERT INTO tweets (id, addressed_id, addressed_tweet_id, addressed_username, date_time, link, link_cover, link_cover_size, link_description, link_title, reply_type, text, users_id, deleted) VALUES (50089, null, null, null, '2026-05-01 07:00:00', null, null, null, null, null, 'EVERYONE', 'Hôm nay học memoization trong PostgreSQL — tương ứng design pattern nào nhỉ? #typescript #react #oop', 232, false);
INSERT INTO users_tweets (user_id, tweets_id) VALUES (232, 50089);
INSERT INTO tweets (id, addressed_id, addressed_tweet_id, addressed_username, date_time, link, link_cover, link_cover_size, link_description, link_title, reply_type, text, users_id, deleted) VALUES (50090, null, null, null, '2026-06-06 18:00:00', null, null, null, null, null, 'EVERYONE', 'Contest competitive programming tối nay — đề từ dynamic programming, language Git. #cpp #dsa #python', 203, false);
INSERT INTO users_tweets (user_id, tweets_id) VALUES (203, 50090);
INSERT INTO tweets (id, addressed_id, addressed_tweet_id, addressed_username, date_time, link, link_cover, link_cover_size, link_description, link_title, reply_type, text, users_id, deleted) VALUES (50091, null, null, null, '2026-05-09 17:00:00', null, null, null, null, null, 'EVERYONE', 'Buổi code review: nên tách memoization khỏi controller trong Git. #spring #oop #api', 180, false);
INSERT INTO users_tweets (user_id, tweets_id) VALUES (180, 50091);
INSERT INTO tweets (id, addressed_id, addressed_tweet_id, addressed_username, date_time, link, link_cover, link_cover_size, link_description, link_title, reply_type, text, users_id, deleted) VALUES (50092, null, null, null, '2026-05-09 15:00:00', null, null, null, null, null, 'EVERYONE', 'CLB Lập trình VKU mở đăng ký thành viên mới — focus Git và PostgreSQL. #react #java #git', 366, false);
INSERT INTO users_tweets (user_id, tweets_id) VALUES (366, 50092);
INSERT INTO tweets (id, addressed_id, addressed_tweet_id, addressed_username, date_time, link, link_cover, link_cover_size, link_description, link_title, reply_type, text, users_id, deleted) VALUES (50093, null, null, null, '2026-05-07 19:00:00', null, null, null, null, null, 'EVERYONE', 'Microservice Redis gọi Java bị timeout — nên dùng circuit breaker không? #api #spring #kubernetes', 121, false);
INSERT INTO users_tweets (user_id, tweets_id) VALUES (121, 50093);
INSERT INTO tweets (id, addressed_id, addressed_tweet_id, addressed_username, date_time, link, link_cover, link_cover_size, link_description, link_title, reply_type, text, users_id, deleted) VALUES (50094, null, null, null, '2026-06-06 12:00:00', null, null, null, null, null, 'EVERYONE', 'Contest competitive programming tối nay — đề từ graph, language FastAPI. #cpp #dsa #python', 194, false);
INSERT INTO users_tweets (user_id, tweets_id) VALUES (194, 50094);
INSERT INTO tweets (id, addressed_id, addressed_tweet_id, addressed_username, date_time, link, link_cover, link_cover_size, link_description, link_title, reply_type, text, users_id, deleted) VALUES (50095, null, null, null, '2026-06-07 06:00:00', null, null, null, null, null, 'FOLLOW', 'Thi cuối kỳ MockMvc — đề cũ cũ: viết GraphQL CRUD + auth JWT + unit test. #java #spring #oop', 339, false);
INSERT INTO users_tweets (user_id, tweets_id) VALUES (339, 50095);
INSERT INTO tweets (id, addressed_id, addressed_tweet_id, addressed_username, date_time, link, link_cover, link_cover_size, link_description, link_title, reply_type, text, users_id, deleted) VALUES (50096, null, null, null, '2026-06-05 18:00:00', null, null, null, null, null, 'EVERYONE', 'Vừa xong bài tập REST API — dùng REST API + Node.js. Cảm giác debug cả đêm vẫn đáng! #java #database #sql', 253, false);
INSERT INTO users_tweets (user_id, tweets_id) VALUES (253, 50096);
INSERT INTO tweets (id, addressed_id, addressed_tweet_id, addressed_username, date_time, link, link_cover, link_cover_size, link_description, link_title, reply_type, text, users_id, deleted) VALUES (50097, null, null, null, '2026-06-07 07:00:00', null, null, null, null, null, 'EVERYONE', 'Tối ưu query Spring Boot — EXPLAIN cho thấy full table scan. Bắt đầu từ index nào? #sql #database #spring', 192, false);
INSERT INTO users_tweets (user_id, tweets_id) VALUES (192, 50097);
INSERT INTO tweets (id, addressed_id, addressed_tweet_id, addressed_username, date_time, link, link_cover, link_cover_size, link_description, link_title, reply_type, text, users_id, deleted) VALUES (50098, null, null, null, '2026-06-07 10:00:00', null, null, null, null, null, 'FOLLOW', 'So sánh Java vs TypeScript cho đồ án: performance, learning curve, community. #sql #nosql #database', 152, false);
INSERT INTO users_tweets (user_id, tweets_id) VALUES (152, 50098);
INSERT INTO tweets (id, addressed_id, addressed_tweet_id, addressed_username, date_time, link, link_cover, link_cover_size, link_description, link_title, reply_type, text, users_id, deleted) VALUES (50099, null, null, null, '2026-06-06 03:00:00', null, null, null, null, null, 'EVERYONE', 'Roadmap học Spring Boot: Git -> Docker -> internship -> project capstone. #javascript #typescript #react', 304, false);
INSERT INTO users_tweets (user_id, tweets_id) VALUES (304, 50099);
INSERT INTO tweets (id, addressed_id, addressed_tweet_id, addressed_username, date_time, link, link_cover, link_cover_size, link_description, link_title, reply_type, text, users_id, deleted) VALUES (50100, null, null, null, '2026-06-05 01:00:00', null, null, null, null, null, 'FOLLOW', 'Roadmap học TypeScript: Git -> Docker -> portfolio -> project capstone. #javascript #typescript #react', 136, false);
INSERT INTO users_tweets (user_id, tweets_id) VALUES (136, 50100);
INSERT INTO tweets (id, addressed_id, addressed_tweet_id, addressed_username, date_time, link, link_cover, link_cover_size, link_description, link_title, reply_type, text, users_id, deleted) VALUES (50101, null, null, null, '2026-05-01 17:00:00', null, null, null, null, null, 'EVERYONE', 'Roadmap học Kubernetes: Git -> Spring -> project nho -> project capstone. #javascript #typescript #react', 142, false);
INSERT INTO users_tweets (user_id, tweets_id) VALUES (142, 50101);
INSERT INTO tweets (id, addressed_id, addressed_tweet_id, addressed_username, date_time, link, link_cover, link_cover_size, link_description, link_title, reply_type, text, users_id, deleted) VALUES (50102, null, null, null, '2026-06-05 12:00:00', null, null, null, null, null, 'EVERYONE', 'Vừa xong bài tập REST API — dùng Node.js + TypeScript. Cảm giác debug cả đêm vẫn đáng! #java #database #sql', 128, false);
INSERT INTO users_tweets (user_id, tweets_id) VALUES (128, 50102);
INSERT INTO tweets (id, addressed_id, addressed_tweet_id, addressed_username, date_time, link, link_cover, link_cover_size, link_description, link_title, reply_type, text, users_id, deleted) VALUES (50103, null, null, null, '2026-05-04 01:00:00', null, null, null, null, null, 'EVERYONE', 'Công ty TMA mở vị trí intern fullstack — yêu cầu React. CV gửi về career@it.edu.vn #career #java #python', 139, false);
INSERT INTO users_tweets (user_id, tweets_id) VALUES (139, 50103);
INSERT INTO tweets (id, addressed_id, addressed_tweet_id, addressed_username, date_time, link, link_cover, link_cover_size, link_description, link_title, reply_type, text, users_id, deleted) VALUES (50104, null, null, null, '2026-04-24 23:00:00', null, null, null, null, null, 'EVERYONE', 'Security checklist đồ án: hash password, validate input, rate limit Docker. #spring #api #career', 118, false);
INSERT INTO users_tweets (user_id, tweets_id) VALUES (118, 50104);
INSERT INTO tweets (id, addressed_id, addressed_tweet_id, addressed_username, date_time, link, link_cover, link_cover_size, link_description, link_title, reply_type, text, users_id, deleted) VALUES (50105, null, null, null, '2026-06-06 12:00:00', null, null, null, null, null, 'EVERYONE', 'Git branch strategy cho team 5 người: repository pattern. Tránh conflict khi merge đồ án. #git #devops #api', 104, false);
INSERT INTO users_tweets (user_id, tweets_id) VALUES (104, 50105);
INSERT INTO tweets (id, addressed_id, addressed_tweet_id, addressed_username, date_time, link, link_cover, link_cover_size, link_description, link_title, reply_type, text, users_id, deleted) VALUES (50106, null, null, null, '2026-06-06 15:00:00', null, null, null, null, null, 'EVERYONE', 'Hôm nay học graceful shutdown trong MySQL — tương ứng design pattern nào nhỉ? #typescript #react #oop', 153, false);
INSERT INTO users_tweets (user_id, tweets_id) VALUES (153, 50106);
INSERT INTO tweets (id, addressed_id, addressed_tweet_id, addressed_username, date_time, link, link_cover, link_cover_size, link_description, link_title, reply_type, text, users_id, deleted) VALUES (50107, null, null, null, '2026-05-10 14:00:00', null, null, null, null, null, 'FOLLOW', 'Lỗi JWT khi deploy Java lên Node.js — log báo duplicate key. Ai từng gặp chưa? #docker #kubernetes #devops', 269, false);
INSERT INTO users_tweets (user_id, tweets_id) VALUES (269, 50107);
INSERT INTO tweets (id, addressed_id, addressed_tweet_id, addressed_username, date_time, link, link_cover, link_cover_size, link_description, link_title, reply_type, text, users_id, deleted) VALUES (50108, null, null, null, '2026-06-06 11:00:00', null, null, null, null, null, 'FOLLOW', 'Team mình migrate từ TypeScript sang Spring Boot vì deadline. Có checklist khuyến nghị? #javascript #typescript #react', 146, false);
INSERT INTO users_tweets (user_id, tweets_id) VALUES (146, 50108);
INSERT INTO tweets (id, addressed_id, addressed_tweet_id, addressed_username, date_time, link, link_cover, link_cover_size, link_description, link_title, reply_type, text, users_id, deleted) VALUES (50109, null, null, null, '2026-06-07 12:00:00', null, null, null, null, null, 'FOLLOW', 'Alumni 2023 chia sẻ: sau tốt nghiệp học thêm React gì để đi làm nhanh? #career #devops #react', 179, false);
INSERT INTO users_tweets (user_id, tweets_id) VALUES (179, 50109);
INSERT INTO tweets (id, addressed_id, addressed_tweet_id, addressed_username, date_time, link, link_cover, link_cover_size, link_description, link_title, reply_type, text, users_id, deleted) VALUES (50110, null, null, null, '2026-05-10 21:00:00', null, null, null, null, null, 'EVERYONE', 'So sánh Kubernetes vs Git cho đồ án: performance, learning curve, community. #sql #nosql #database', 329, false);
INSERT INTO users_tweets (user_id, tweets_id) VALUES (329, 50110);
INSERT INTO tweets (id, addressed_id, addressed_tweet_id, addressed_username, date_time, link, link_cover, link_cover_size, link_description, link_title, reply_type, text, users_id, deleted) VALUES (50111, null, null, null, '2026-06-05 20:00:00', null, null, null, null, null, 'FOLLOW', 'Contest competitive programming tối nay — đề từ graph, language Node.js. #cpp #dsa #python', 377, false);
INSERT INTO users_tweets (user_id, tweets_id) VALUES (377, 50111);
INSERT INTO tweets (id, addressed_id, addressed_tweet_id, addressed_username, date_time, link, link_cover, link_cover_size, link_description, link_title, reply_type, text, users_id, deleted) VALUES (50112, null, null, null, '2026-06-07 07:00:00', null, null, null, null, null, 'EVERYONE', 'CLB Lập trình VKU mở đăng ký thành viên mới — focus PostgreSQL và GraphQL. #react #java #git', 189, false);
INSERT INTO users_tweets (user_id, tweets_id) VALUES (189, 50112);
INSERT INTO tweets (id, addressed_id, addressed_tweet_id, addressed_username, date_time, link, link_cover, link_cover_size, link_description, link_title, reply_type, text, users_id, deleted) VALUES (50113, null, null, null, '2026-06-07 08:00:00', null, null, null, null, null, 'EVERYONE', 'Frontend Redis: quản lý state global nên dùng Context hay thư viện riêng? #react #typescript #javascript', 146, false);
INSERT INTO users_tweets (user_id, tweets_id) VALUES (146, 50113);
INSERT INTO tweets (id, addressed_id, addressed_tweet_id, addressed_username, date_time, link, link_cover, link_cover_size, link_description, link_title, reply_type, text, users_id, deleted) VALUES (50114, null, null, null, '2026-06-07 11:00:00', null, null, null, null, null, 'EVERYONE', 'Fine-tune model nhỏ cho chatbot FAQ môn 1000 QA pairs bằng Node.js. Dataset bao nhiêu mẫu? #ai #ml #python', 273, false);
INSERT INTO users_tweets (user_id, tweets_id) VALUES (273, 50114);
INSERT INTO tweets (id, addressed_id, addressed_tweet_id, addressed_username, date_time, link, link_cover, link_cover_size, link_description, link_title, reply_type, text, users_id, deleted) VALUES (50115, null, null, null, '2026-04-27 05:00:00', null, null, null, null, null, 'EVERYONE', 'Contest competitive programming tối nay — đề từ greedy, language React. #cpp #dsa #python', 270, false);
INSERT INTO users_tweets (user_id, tweets_id) VALUES (270, 50115);
INSERT INTO tweets (id, addressed_id, addressed_tweet_id, addressed_username, date_time, link, link_cover, link_cover_size, link_description, link_title, reply_type, text, users_id, deleted) VALUES (50116, null, null, null, '2026-06-06 04:00:00', null, null, null, null, null, 'MENTION', 'Workshop Machine Learning thứ Tu phòng lab B203. Đăng ký sớm nhé! #hackathon #react #ai #devops', 124, false);
INSERT INTO users_tweets (user_id, tweets_id) VALUES (124, 50116);
INSERT INTO tweets (id, addressed_id, addressed_tweet_id, addressed_username, date_time, link, link_cover, link_cover_size, link_description, link_title, reply_type, text, users_id, deleted) VALUES (50117, null, null, null, '2026-06-05 15:00:00', null, null, null, null, null, 'FOLLOW', 'Thực tập tại TMA: ngày đầu làm quen PostgreSQL và quy trình Agile. #career #git #devops', 147, false);
INSERT INTO users_tweets (user_id, tweets_id) VALUES (147, 50117);
INSERT INTO tweets (id, addressed_id, addressed_tweet_id, addressed_username, date_time, link, link_cover, link_cover_size, link_description, link_title, reply_type, text, users_id, deleted) VALUES (50118, null, null, null, '2026-06-07 06:00:00', null, null, null, null, null, 'EVERYONE', 'Ôn thi giữa kỳ Giải tích: đề nào hay gặp về middleware? #ontap #dsa #cpp #python', 326, false);
INSERT INTO users_tweets (user_id, tweets_id) VALUES (326, 50118);
INSERT INTO tweets (id, addressed_id, addressed_tweet_id, addressed_username, date_time, link, link_cover, link_cover_size, link_description, link_title, reply_type, text, users_id, deleted) VALUES (50119, null, null, null, '2026-05-20 05:00:00', null, null, null, null, null, 'FOLLOW', 'Alumni 2024 chia sẻ: sau tốt nghiệp học thêm Java gì để đi làm nhanh? #career #devops #react', 242, false);
INSERT INTO users_tweets (user_id, tweets_id) VALUES (242, 50119);
INSERT INTO tweets (id, addressed_id, addressed_tweet_id, addressed_username, date_time, link, link_cover, link_cover_size, link_description, link_title, reply_type, text, users_id, deleted) VALUES (50120, null, null, null, '2026-04-22 17:00:00', null, null, null, null, null, 'EVERYONE', 'Security checklist đồ án: hash password, validate input, rate limit Spring Boot. #spring #api #career', 372, false);
INSERT INTO users_tweets (user_id, tweets_id) VALUES (372, 50120);
INSERT INTO tweets (id, addressed_id, addressed_tweet_id, addressed_username, date_time, link, link_cover, link_cover_size, link_description, link_title, reply_type, text, users_id, deleted) VALUES (50121, null, null, null, '2026-06-04 14:00:00', null, null, null, null, null, 'EVERYONE', 'Microservice GraphQL gọi TypeScript bị timeout — nên dùng circuit breaker không? #api #spring #kubernetes', 374, false);
INSERT INTO users_tweets (user_id, tweets_id) VALUES (374, 50121);
INSERT INTO tweets (id, addressed_id, addressed_tweet_id, addressed_username, date_time, link, link_cover, link_cover_size, link_description, link_title, reply_type, text, users_id, deleted) VALUES (50122, null, null, null, '2026-04-22 14:00:00', null, null, null, null, null, 'EVERYONE', 'Fine-tune model nhỏ cho chatbot FAQ môn 1000 QA pairs bằng React. Dataset bao nhiêu mẫu? #ai #ml #python', 181, false);
INSERT INTO users_tweets (user_id, tweets_id) VALUES (181, 50122);
INSERT INTO tweets (id, addressed_id, addressed_tweet_id, addressed_username, date_time, link, link_cover, link_cover_size, link_description, link_title, reply_type, text, users_id, deleted) VALUES (50123, null, null, null, '2026-06-06 17:00:00', null, null, null, null, null, 'FOLLOW', 'Ai có kinh nghiệm viết API documentation với REST API? Swagger hay Postman? #api #spring #typescript', 145, false);
INSERT INTO users_tweets (user_id, tweets_id) VALUES (145, 50123);
INSERT INTO tweets (id, addressed_id, addressed_tweet_id, addressed_username, date_time, link, link_cover, link_cover_size, link_description, link_title, reply_type, text, users_id, deleted) VALUES (50124, null, null, null, '2026-06-06 01:00:00', null, null, null, null, null, 'EVERYONE', 'Thực tập tại FPT: ngày đầu làm quen FastAPI và quy trình Agile. #career #git #devops', 209, false);
INSERT INTO users_tweets (user_id, tweets_id) VALUES (209, 50124);
INSERT INTO tweets (id, addressed_id, addressed_tweet_id, addressed_username, date_time, link, link_cover, link_cover_size, link_description, link_title, reply_type, text, users_id, deleted) VALUES (50125, null, null, null, '2026-04-25 05:00:00', null, null, null, null, null, 'EVERYONE', 'Công ty NTQ mở vị trí intern QA — yêu cầu Kubernetes. CV gửi về career@it.edu.vn #career #java #python', 217, false);
INSERT INTO users_tweets (user_id, tweets_id) VALUES (217, 50125);
INSERT INTO tweets (id, addressed_id, addressed_tweet_id, addressed_username, date_time, link, link_cover, link_cover_size, link_description, link_title, reply_type, text, users_id, deleted) VALUES (50126, null, null, null, '2026-05-10 18:00:00', null, null, null, null, null, 'EVERYONE', 'Thi cuối kỳ MockMvc — đề cũ cũ: viết Java CRUD + auth JWT + unit test. #java #spring #oop', 374, false);
INSERT INTO users_tweets (user_id, tweets_id) VALUES (374, 50126);
INSERT INTO tweets (id, addressed_id, addressed_tweet_id, addressed_username, date_time, link, link_cover, link_cover_size, link_description, link_title, reply_type, text, users_id, deleted) VALUES (50127, null, null, null, '2026-04-23 08:00:00', null, null, null, null, null, 'EVERYONE', 'Build CI pipeline Git: lint -> test -> docker build -> deploy staging. #devops #docker #git', 314, false);
INSERT INTO users_tweets (user_id, tweets_id) VALUES (314, 50127);
INSERT INTO tweets (id, addressed_id, addressed_tweet_id, addressed_username, date_time, link, link_cover, link_cover_size, link_description, link_title, reply_type, text, users_id, deleted) VALUES (50128, null, null, null, '2026-05-14 16:00:00', null, null, null, null, null, 'EVERYONE', 'Tối ưu query Python — EXPLAIN cho thấy full table scan. Bắt đầu từ index nào? #sql #database #spring', 201, false);
INSERT INTO users_tweets (user_id, tweets_id) VALUES (201, 50128);
INSERT INTO tweets (id, addressed_id, addressed_tweet_id, addressed_username, date_time, link, link_cover, link_cover_size, link_description, link_title, reply_type, text, users_id, deleted) VALUES (50129, null, null, null, '2026-06-07 11:00:00', null, null, null, null, null, 'EVERYONE', 'Redis cache session JWT trong GraphQL — TTL bao nhiêu hợp lý? #nosql #spring #api', 185, false);
INSERT INTO users_tweets (user_id, tweets_id) VALUES (185, 50129);
INSERT INTO tweets (id, addressed_id, addressed_tweet_id, addressed_username, date_time, link, link_cover, link_cover_size, link_description, link_title, reply_type, text, users_id, deleted) VALUES (50130, null, null, null, '2026-05-06 00:00:00', null, null, null, null, null, 'EVERYONE', 'Security checklist đồ án: hash password, validate input, rate limit FastAPI. #spring #api #career', 327, false);
INSERT INTO users_tweets (user_id, tweets_id) VALUES (327, 50130);
INSERT INTO tweets (id, addressed_id, addressed_tweet_id, addressed_username, date_time, link, link_cover, link_cover_size, link_description, link_title, reply_type, text, users_id, deleted) VALUES (50131, null, null, null, '2026-05-06 13:00:00', null, null, null, null, null, 'EVERYONE', 'Frontend Node.js: quản lý state global nên dùng Context hay thư viện riêng? #react #typescript #javascript', 260, false);
INSERT INTO users_tweets (user_id, tweets_id) VALUES (260, 50131);
INSERT INTO tweets (id, addressed_id, addressed_tweet_id, addressed_username, date_time, link, link_cover, link_cover_size, link_description, link_title, reply_type, text, users_id, deleted) VALUES (50132, null, null, null, '2026-04-27 11:00:00', null, null, null, null, null, 'EVERYONE', 'Fine-tune model nhỏ cho chatbot FAQ môn 1000 QA pairs bằng Kubernetes. Dataset bao nhiêu mẫu? #ai #ml #python', 238, false);
INSERT INTO users_tweets (user_id, tweets_id) VALUES (238, 50132);
INSERT INTO tweets (id, addressed_id, addressed_tweet_id, addressed_username, date_time, link, link_cover, link_cover_size, link_description, link_title, reply_type, text, users_id, deleted) VALUES (50133, null, null, null, '2026-05-29 20:00:00', null, null, null, null, null, 'EVERYONE', 'Lỗi lazy loading khi deploy Java lên REST API — log báo OutOfMemory. Ai từng gặp chưa? #docker #kubernetes #devops', 178, false);
INSERT INTO users_tweets (user_id, tweets_id) VALUES (178, 50133);
INSERT INTO tweets (id, addressed_id, addressed_tweet_id, addressed_username, date_time, link, link_cover, link_cover_size, link_description, link_title, reply_type, text, users_id, deleted) VALUES (50134, null, null, null, '2026-04-23 21:00:00', null, null, null, null, null, 'EVERYONE', 'Công ty TMA mở vị trí intern fullstack — yêu cầu MySQL. CV gửi về career@it.edu.vn #career #java #python', 156, false);
INSERT INTO users_tweets (user_id, tweets_id) VALUES (156, 50134);
INSERT INTO tweets (id, addressed_id, addressed_tweet_id, addressed_username, date_time, link, link_cover, link_cover_size, link_description, link_title, reply_type, text, users_id, deleted) VALUES (50135, null, null, null, '2026-06-07 11:00:00', null, null, null, null, null, 'EVERYONE', 'Vừa xong bài tập MongoDB — dùng Node.js + Docker. Cảm giác debug cả đêm vẫn đáng! #java #database #sql', 123, false);
INSERT INTO users_tweets (user_id, tweets_id) VALUES (123, 50135);
INSERT INTO tweets (id, addressed_id, addressed_tweet_id, addressed_username, date_time, link, link_cover, link_cover_size, link_description, link_title, reply_type, text, users_id, deleted) VALUES (50136, null, null, null, '2026-06-07 08:00:00', null, null, null, null, null, 'EVERYONE', 'Hackathon 48h sắp tới — stack đề xuất: Redis + Docker + Node.js. Ai join team? #react #spring #docker', 189, false);
INSERT INTO users_tweets (user_id, tweets_id) VALUES (189, 50136);
INSERT INTO tweets (id, addressed_id, addressed_tweet_id, addressed_username, date_time, link, link_cover, link_cover_size, link_description, link_title, reply_type, text, users_id, deleted) VALUES (50137, null, null, null, '2026-04-29 13:00:00', null, null, null, null, null, 'EVERYONE', 'Security checklist đồ án: hash password, validate input, rate limit Redis. #spring #api #career', 376, false);
INSERT INTO users_tweets (user_id, tweets_id) VALUES (376, 50137);
INSERT INTO tweets (id, addressed_id, addressed_tweet_id, addressed_username, date_time, link, link_cover, link_cover_size, link_description, link_title, reply_type, text, users_id, deleted) VALUES (50138, null, null, null, '2026-06-07 11:00:00', null, null, null, null, null, 'EVERYONE', 'K8s HPA scale pod Spring Boot khi CPU > 70%. Config file mẫu ai có không? #kubernetes #devops #docker', 250, false);
INSERT INTO users_tweets (user_id, tweets_id) VALUES (250, 50138);
INSERT INTO tweets (id, addressed_id, addressed_tweet_id, addressed_username, date_time, link, link_cover, link_cover_size, link_description, link_title, reply_type, text, users_id, deleted) VALUES (50139, null, null, null, '2026-05-01 06:00:00', null, null, null, null, null, 'EVERYONE', 'CLB Lập trình VKU mở đăng ký thành viên mới — focus MySQL và MySQL. #react #java #git', 263, false);
INSERT INTO users_tweets (user_id, tweets_id) VALUES (263, 50139);
INSERT INTO tweets (id, addressed_id, addressed_tweet_id, addressed_username, date_time, link, link_cover, link_cover_size, link_description, link_title, reply_type, text, users_id, deleted) VALUES (50140, null, null, null, '2026-05-12 14:00:00', null, null, null, null, null, 'EVERYONE', 'Demo sản phẩm đồ án: search full-text trên FastAPI. Mời mọi người feedback! #react #spring #docker', 257, false);
INSERT INTO users_tweets (user_id, tweets_id) VALUES (257, 50140);
INSERT INTO tweets (id, addressed_id, addressed_tweet_id, addressed_username, date_time, link, link_cover, link_cover_size, link_description, link_title, reply_type, text, users_id, deleted) VALUES (50141, null, null, null, '2026-06-07 09:00:00', null, null, null, null, null, 'EVERYONE', 'Hackathon 48h sắp tới — stack đề xuất: Spring Boot + Docker + Redis. Ai join team? #react #spring #docker', 366, false);
INSERT INTO users_tweets (user_id, tweets_id) VALUES (366, 50141);
INSERT INTO tweets (id, addressed_id, addressed_tweet_id, addressed_username, date_time, link, link_cover, link_cover_size, link_description, link_title, reply_type, text, users_id, deleted) VALUES (50142, null, null, null, '2026-05-27 23:00:00', null, null, null, null, null, 'EVERYONE', 'Lỗi SOLID khi deploy MySQL lên Node.js — log báo 500 Internal Server Error. Ai từng gặp chưa? #docker #kubernetes #devops', 339, false);
INSERT INTO users_tweets (user_id, tweets_id) VALUES (339, 50142);
INSERT INTO tweets (id, addressed_id, addressed_tweet_id, addressed_username, date_time, link, link_cover, link_cover_size, link_description, link_title, reply_type, text, users_id, deleted) VALUES (50143, null, null, null, '2026-05-02 03:00:00', null, null, null, null, null, 'FOLLOW', 'Build CI pipeline REST API: lint -> test -> docker build -> deploy staging. #devops #docker #git', 321, false);
INSERT INTO users_tweets (user_id, tweets_id) VALUES (321, 50143);
INSERT INTO tweets (id, addressed_id, addressed_tweet_id, addressed_username, date_time, link, link_cover, link_cover_size, link_description, link_title, reply_type, text, users_id, deleted) VALUES (50144, null, null, null, '2026-04-22 13:00:00', null, null, null, null, null, 'EVERYONE', 'Contest competitive programming tối nay — đề từ graph, language Java. #cpp #dsa #python', 152, false);
INSERT INTO users_tweets (user_id, tweets_id) VALUES (152, 50144);
INSERT INTO tweets (id, addressed_id, addressed_tweet_id, addressed_username, date_time, link, link_cover, link_cover_size, link_description, link_title, reply_type, text, users_id, deleted) VALUES (50145, null, null, null, '2026-05-24 03:00:00', null, null, null, null, null, 'EVERYONE', 'So sánh TypeScript vs PostgreSQL cho đồ án: performance, learning curve, community. #sql #nosql #database', 208, false);
INSERT INTO users_tweets (user_id, tweets_id) VALUES (208, 50145);
INSERT INTO tweets (id, addressed_id, addressed_tweet_id, addressed_username, date_time, link, link_cover, link_cover_size, link_description, link_title, reply_type, text, users_id, deleted) VALUES (50146, null, null, null, '2026-04-29 19:00:00', null, null, null, null, null, 'EVERYONE', 'Tip nhỏ: dùng middleware trong Spring Boot giúp code sạch hơn. #cleancode #git #oop #typescript', 262, false);
INSERT INTO users_tweets (user_id, tweets_id) VALUES (262, 50146);
INSERT INTO tweets (id, addressed_id, addressed_tweet_id, addressed_username, date_time, link, link_cover, link_cover_size, link_description, link_title, reply_type, text, users_id, deleted) VALUES (50147, null, null, null, '2026-06-07 10:00:00', null, null, null, null, null, 'EVERYONE', 'Team mình migrate từ PostgreSQL sang Spring Boot vì deadline. Có checklist khuyến nghị? #javascript #typescript #react', 104, false);
INSERT INTO users_tweets (user_id, tweets_id) VALUES (104, 50147);
INSERT INTO tweets (id, addressed_id, addressed_tweet_id, addressed_username, date_time, link, link_cover, link_cover_size, link_description, link_title, reply_type, text, users_id, deleted) VALUES (50148, null, null, null, '2026-06-05 20:00:00', null, null, null, null, null, 'EVERYONE', 'Unit test service Git mock repository — coverage bao nhiêu là đủ cho đồ án? #java #spring #oop', 149, false);
INSERT INTO users_tweets (user_id, tweets_id) VALUES (149, 50148);
INSERT INTO tweets (id, addressed_id, addressed_tweet_id, addressed_username, date_time, link, link_cover, link_cover_size, link_description, link_title, reply_type, text, users_id, deleted) VALUES (50149, null, null, null, '2026-05-10 00:00:00', null, null, null, null, null, 'EVERYONE', 'Tip nhỏ: dùng CORS trong FastAPI giúp code sạch hơn. #cleancode #git #oop #typescript', 224, false);
INSERT INTO users_tweets (user_id, tweets_id) VALUES (224, 50149);
INSERT INTO tweets (id, addressed_id, addressed_tweet_id, addressed_username, date_time, link, link_cover, link_cover_size, link_description, link_title, reply_type, text, users_id, deleted) VALUES (50150, null, null, null, '2026-06-05 12:00:00', null, null, null, null, null, 'EVERYONE', 'Ai có kinh nghiệm viết API documentation với Python? Swagger hay Postman? #api #spring #typescript', 332, false);
INSERT INTO users_tweets (user_id, tweets_id) VALUES (332, 50150);
INSERT INTO tweets (id, addressed_id, addressed_tweet_id, addressed_username, date_time, link, link_cover, link_cover_size, link_description, link_title, reply_type, text, users_id, deleted) VALUES (50151, null, null, null, '2026-06-05 13:00:00', null, null, null, null, null, 'FOLLOW', 'Hackathon 48h sắp tới — stack đề xuất: REST API + Python + GraphQL. Ai join team? #react #spring #docker', 284, false);
INSERT INTO users_tweets (user_id, tweets_id) VALUES (284, 50151);
INSERT INTO tweets (id, addressed_id, addressed_tweet_id, addressed_username, date_time, link, link_cover, link_cover_size, link_description, link_title, reply_type, text, users_id, deleted) VALUES (50152, null, null, null, '2026-06-05 12:00:00', null, null, null, null, null, 'EVERYONE', 'Pair programming hôm nay: fix bug middleware trong service layer Redis. Học được nhiều! #spring #api #database', 277, false);
INSERT INTO users_tweets (user_id, tweets_id) VALUES (277, 50152);
INSERT INTO tweets (id, addressed_id, addressed_tweet_id, addressed_username, date_time, link, link_cover, link_cover_size, link_description, link_title, reply_type, text, users_id, deleted) VALUES (50153, null, null, null, '2026-06-06 07:00:00', null, null, null, null, null, 'EVERYONE', 'Workshop Machine Learning thứ Nam phòng lab C305. Đăng ký sớm nhé! #hackathon #react #ai #devops', 331, false);
INSERT INTO users_tweets (user_id, tweets_id) VALUES (331, 50153);
INSERT INTO tweets (id, addressed_id, addressed_tweet_id, addressed_username, date_time, link, link_cover, link_cover_size, link_description, link_title, reply_type, text, users_id, deleted) VALUES (50154, null, null, null, '2026-05-01 04:00:00', null, null, null, null, null, 'EVERYONE', 'K8s HPA scale pod Kubernetes khi CPU > 70%. Config file mẫu ai có không? #kubernetes #devops #docker', 216, false);
INSERT INTO users_tweets (user_id, tweets_id) VALUES (216, 50154);
INSERT INTO tweets (id, addressed_id, addressed_tweet_id, addressed_username, date_time, link, link_cover, link_cover_size, link_description, link_title, reply_type, text, users_id, deleted) VALUES (50155, null, null, null, '2026-05-06 01:00:00', null, null, null, null, null, 'EVERYONE', 'Frontend Python: quản lý state global nên dùng Context hay thư viện riêng? #react #typescript #javascript', 182, false);
INSERT INTO users_tweets (user_id, tweets_id) VALUES (182, 50155);
INSERT INTO tweets (id, addressed_id, addressed_tweet_id, addressed_username, date_time, link, link_cover, link_cover_size, link_description, link_title, reply_type, text, users_id, deleted) VALUES (50156, null, null, null, '2026-05-12 05:00:00', null, null, null, null, null, 'EVERYONE', 'Tối ưu query Kubernetes — EXPLAIN cho thấy full table scan. Bắt đầu từ index nào? #sql #database #spring', 139, false);
INSERT INTO users_tweets (user_id, tweets_id) VALUES (139, 50156);
INSERT INTO tweets (id, addressed_id, addressed_tweet_id, addressed_username, date_time, link, link_cover, link_cover_size, link_description, link_title, reply_type, text, users_id, deleted) VALUES (50157, null, null, null, '2026-05-05 21:00:00', null, null, null, null, null, 'EVERYONE', 'Redis cache session JWT trong Node.js — TTL bao nhiêu hợp lý? #nosql #spring #api', 158, false);
INSERT INTO users_tweets (user_id, tweets_id) VALUES (158, 50157);
INSERT INTO tweets (id, addressed_id, addressed_tweet_id, addressed_username, date_time, link, link_cover, link_cover_size, link_description, link_title, reply_type, text, users_id, deleted) VALUES (50158, null, null, null, '2026-04-24 03:00:00', null, null, null, null, null, 'FOLLOW', 'Hackathon 48h sắp tới — stack đề xuất: TypeScript + Java + React. Ai join team? #react #spring #docker', 109, false);
INSERT INTO users_tweets (user_id, tweets_id) VALUES (109, 50158);
INSERT INTO tweets (id, addressed_id, addressed_tweet_id, addressed_username, date_time, link, link_cover, link_cover_size, link_description, link_title, reply_type, text, users_id, deleted) VALUES (50159, null, null, null, '2026-05-03 15:00:00', null, null, null, null, null, 'EVERYONE', 'Mentor dạy nay: khi phỏng vấn QA, hãy nhắc project FastAPI và graceful shutdown. #career #java #react', 211, false);
INSERT INTO users_tweets (user_id, tweets_id) VALUES (211, 50159);
INSERT INTO tweets (id, addressed_id, addressed_tweet_id, addressed_username, date_time, link, link_cover, link_cover_size, link_description, link_title, reply_type, text, users_id, deleted) VALUES (50160, null, null, null, '2026-05-12 01:00:00', null, null, null, null, null, 'EVERYONE', 'Pair programming hôm nay: fix bug lazy loading trong service layer MySQL. Học được nhiều! #spring #api #database', 354, false);
INSERT INTO users_tweets (user_id, tweets_id) VALUES (354, 50160);
INSERT INTO tweets (id, addressed_id, addressed_tweet_id, addressed_username, date_time, link, link_cover, link_cover_size, link_description, link_title, reply_type, text, users_id, deleted) VALUES (50161, null, null, null, '2026-06-06 21:00:00', null, null, null, null, null, 'EVERYONE', 'Security checklist đồ án: hash password, validate input, rate limit Docker. #spring #api #career', 317, false);
INSERT INTO users_tweets (user_id, tweets_id) VALUES (317, 50161);
INSERT INTO tweets (id, addressed_id, addressed_tweet_id, addressed_username, date_time, link, link_cover, link_cover_size, link_description, link_title, reply_type, text, users_id, deleted) VALUES (50162, null, null, null, '2026-05-07 14:00:00', null, null, null, null, null, 'FOLLOW', 'Hôm nay thầy Co Pham giảng về transformer — slide rất hay về JWT. #java #ai #database', 160, false);
INSERT INTO users_tweets (user_id, tweets_id) VALUES (160, 50162);
INSERT INTO tweets (id, addressed_id, addressed_tweet_id, addressed_username, date_time, link, link_cover, link_cover_size, link_description, link_title, reply_type, text, users_id, deleted) VALUES (50163, null, null, null, '2026-05-10 17:00:00', null, null, null, null, null, 'EVERYONE', 'Workshop React hooks thứ Sau phòng lab A101. Đăng ký sớm nhé! #hackathon #react #ai #devops', 304, false);
INSERT INTO users_tweets (user_id, tweets_id) VALUES (304, 50163);
INSERT INTO tweets (id, addressed_id, addressed_tweet_id, addressed_username, date_time, link, link_cover, link_cover_size, link_description, link_title, reply_type, text, users_id, deleted) VALUES (50164, null, null, null, '2026-06-06 05:00:00', null, null, null, null, null, 'EVERYONE', 'Chia sẻ tài liệu free về Pandas: slides + lab GraphQL. Link trong reply. #python #ai #ml', 312, false);
INSERT INTO users_tweets (user_id, tweets_id) VALUES (312, 50164);
INSERT INTO tweets (id, addressed_id, addressed_tweet_id, addressed_username, date_time, link, link_cover, link_cover_size, link_description, link_title, reply_type, text, users_id, deleted) VALUES (50165, null, null, null, '2026-06-06 23:00:00', null, null, null, null, null, 'FOLLOW', 'Seminar khoa CNTT: chủ đề Vector database. Điểm danh có mặt sẽ được bonus điểm. #ai #ml #database', 365, false);
INSERT INTO users_tweets (user_id, tweets_id) VALUES (365, 50165);
INSERT INTO tweets (id, addressed_id, addressed_tweet_id, addressed_username, date_time, link, link_cover, link_cover_size, link_description, link_title, reply_type, text, users_id, deleted) VALUES (50166, null, null, null, '2026-05-13 20:00:00', null, null, null, null, null, 'EVERYONE', 'Buổi code review: nên tách graceful shutdown khỏi controller trong REST API. #spring #oop #api', 269, false);
INSERT INTO users_tweets (user_id, tweets_id) VALUES (269, 50166);
INSERT INTO tweets (id, addressed_id, addressed_tweet_id, addressed_username, date_time, link, link_cover, link_cover_size, link_description, link_title, reply_type, text, users_id, deleted) VALUES (50167, null, null, null, '2026-05-14 08:00:00', null, null, null, null, null, 'FOLLOW', 'Buổi code review: nên tách JWT khỏi controller trong Python. #spring #oop #api', 235, false);
INSERT INTO users_tweets (user_id, tweets_id) VALUES (235, 50167);
INSERT INTO tweets (id, addressed_id, addressed_tweet_id, addressed_username, date_time, link, link_cover, link_cover_size, link_description, link_title, reply_type, text, users_id, deleted) VALUES (50168, null, null, null, '2026-05-02 11:00:00', null, null, null, null, null, 'EVERYONE', 'Công ty CMC mở vị trí intern QA — yêu cầu Java. CV gửi về career@it.edu.vn #career #java #python', 324, false);
INSERT INTO users_tweets (user_id, tweets_id) VALUES (324, 50168);
INSERT INTO tweets (id, addressed_id, addressed_tweet_id, addressed_username, date_time, link, link_cover, link_cover_size, link_description, link_title, reply_type, text, users_id, deleted) VALUES (50169, null, null, null, '2026-06-05 23:00:00', null, null, null, null, null, 'EVERYONE', 'Ai có kinh nghiệm viết API documentation với Spring Boot? Swagger hay Postman? #api #spring #typescript', 283, false);
INSERT INTO users_tweets (user_id, tweets_id) VALUES (283, 50169);
INSERT INTO tweets (id, addressed_id, addressed_tweet_id, addressed_username, date_time, link, link_cover, link_cover_size, link_description, link_title, reply_type, text, users_id, deleted) VALUES (50170, null, null, null, '2026-05-27 16:00:00', null, null, null, null, null, 'EVERYONE', 'Thực tập tại TMA: ngày đầu làm quen FastAPI và quy trình Agile. #career #git #devops', 198, false);
INSERT INTO users_tweets (user_id, tweets_id) VALUES (198, 50170);
INSERT INTO tweets (id, addressed_id, addressed_tweet_id, addressed_username, date_time, link, link_cover, link_cover_size, link_description, link_title, reply_type, text, users_id, deleted) VALUES (50171, null, null, null, '2026-06-06 04:00:00', null, null, null, null, null, 'EVERYONE', 'Team mình migrate từ PostgreSQL sang FastAPI vì deadline. Có checklist khuyến nghị? #javascript #typescript #react', 239, false);
INSERT INTO users_tweets (user_id, tweets_id) VALUES (239, 50171);
INSERT INTO tweets (id, addressed_id, addressed_tweet_id, addressed_username, date_time, link, link_cover, link_cover_size, link_description, link_title, reply_type, text, users_id, deleted) VALUES (50172, null, null, null, '2026-04-26 18:00:00', null, null, null, null, null, 'EVERYONE', 'Alumni 2023 chia sẻ: sau tốt nghiệp học thêm Git gì để đi làm nhanh? #career #devops #react', 280, false);
INSERT INTO users_tweets (user_id, tweets_id) VALUES (280, 50172);
INSERT INTO tweets (id, addressed_id, addressed_tweet_id, addressed_username, date_time, link, link_cover, link_cover_size, link_description, link_title, reply_type, text, users_id, deleted) VALUES (50173, null, null, null, '2026-06-06 05:00:00', null, null, null, null, null, 'EVERYONE', 'Tip nhỏ: dùng middleware trong TypeScript giúp code sạch hơn. #cleancode #git #oop #typescript', 140, false);
INSERT INTO users_tweets (user_id, tweets_id) VALUES (140, 50173);
INSERT INTO tweets (id, addressed_id, addressed_tweet_id, addressed_username, date_time, link, link_cover, link_cover_size, link_description, link_title, reply_type, text, users_id, deleted) VALUES (50174, null, null, null, '2026-06-07 07:00:00', null, null, null, null, null, 'EVERYONE', 'Tip nhỏ: dùng connection pool trong Java giúp code sạch hơn. #cleancode #git #oop #typescript', 195, false);
INSERT INTO users_tweets (user_id, tweets_id) VALUES (195, 50174);
INSERT INTO tweets (id, addressed_id, addressed_tweet_id, addressed_username, date_time, link, link_cover, link_cover_size, link_description, link_title, reply_type, text, users_id, deleted) VALUES (50175, null, null, null, '2026-06-07 06:00:00', null, null, null, null, null, 'EVERYONE', 'Team mình migrate từ Node.js sang Docker vì maintainability. Có checklist khuyến nghị? #javascript #typescript #react', 187, false);
INSERT INTO users_tweets (user_id, tweets_id) VALUES (187, 50175);
INSERT INTO tweets (id, addressed_id, addressed_tweet_id, addressed_username, date_time, link, link_cover, link_cover_size, link_description, link_title, reply_type, text, users_id, deleted) VALUES (50176, null, null, null, '2026-05-22 04:00:00', null, null, null, null, null, 'EVERYONE', 'Roadmap học PostgreSQL: Git -> Spring -> portfolio -> project capstone. #javascript #typescript #react', 307, false);
INSERT INTO users_tweets (user_id, tweets_id) VALUES (307, 50176);
INSERT INTO tweets (id, addressed_id, addressed_tweet_id, addressed_username, date_time, link, link_cover, link_cover_size, link_description, link_title, reply_type, text, users_id, deleted) VALUES (50177, null, null, null, '2026-06-07 00:00:00', null, null, null, null, null, 'EVERYONE', 'Git branch strategy cho team 5 người: graceful shutdown. Tránh conflict khi merge đồ án. #git #devops #api', 111, false);
INSERT INTO users_tweets (user_id, tweets_id) VALUES (111, 50177);
INSERT INTO tweets (id, addressed_id, addressed_tweet_id, addressed_username, date_time, link, link_cover, link_cover_size, link_description, link_title, reply_type, text, users_id, deleted) VALUES (50178, null, null, null, '2026-06-06 14:00:00', null, null, null, null, null, 'FOLLOW', 'Roadmap học TypeScript: Linux basics -> Spring -> portfolio -> project capstone. #javascript #typescript #react', 200, false);
INSERT INTO users_tweets (user_id, tweets_id) VALUES (200, 50178);
INSERT INTO tweets (id, addressed_id, addressed_tweet_id, addressed_username, date_time, link, link_cover, link_cover_size, link_description, link_title, reply_type, text, users_id, deleted) VALUES (50179, null, null, null, '2026-06-07 03:00:00', null, null, null, null, null, 'FOLLOW', 'Câu hỏi viva môn Java nâng cao: giải thích CORS trong GraphQL? Có ví dụ thực tế không? #java #spring #oop', 260, false);
INSERT INTO users_tweets (user_id, tweets_id) VALUES (260, 50179);
INSERT INTO tweets (id, addressed_id, addressed_tweet_id, addressed_username, date_time, link, link_cover, link_cover_size, link_description, link_title, reply_type, text, users_id, deleted) VALUES (50180, null, null, null, '2026-04-26 11:00:00', null, null, null, null, null, 'EVERYONE', 'Mentor dạy nay: khi phỏng vấn frontend, hãy nhắc project Kubernetes và CORS. #career #java #react', 281, false);
INSERT INTO users_tweets (user_id, tweets_id) VALUES (281, 50180);
INSERT INTO tweets (id, addressed_id, addressed_tweet_id, addressed_username, date_time, link, link_cover, link_cover_size, link_description, link_title, reply_type, text, users_id, deleted) VALUES (50181, null, null, null, '2026-06-06 19:00:00', null, null, null, null, null, 'EVERYONE', 'Pair programming hôm nay: fix bug connection pool trong service layer React. Học được nhiều! #spring #api #database', 358, false);
INSERT INTO users_tweets (user_id, tweets_id) VALUES (358, 50181);
INSERT INTO tweets (id, addressed_id, addressed_tweet_id, addressed_username, date_time, link, link_cover, link_cover_size, link_description, link_title, reply_type, text, users_id, deleted) VALUES (50182, null, null, null, '2026-05-02 00:00:00', null, null, null, null, null, 'EVERYONE', 'Team mình migrate từ FastAPI sang FastAPI vì maintainability. Có checklist khuyến nghị? #javascript #typescript #react', 132, false);
INSERT INTO users_tweets (user_id, tweets_id) VALUES (132, 50182);
INSERT INTO tweets (id, addressed_id, addressed_tweet_id, addressed_username, date_time, link, link_cover, link_cover_size, link_description, link_title, reply_type, text, users_id, deleted) VALUES (50183, null, null, null, '2026-05-02 17:00:00', null, null, null, null, null, 'EVERYONE', 'Tối ưu query Docker — EXPLAIN cho thấy full table scan. Bắt đầu từ index nào? #sql #database #spring', 306, false);
INSERT INTO users_tweets (user_id, tweets_id) VALUES (306, 50183);
INSERT INTO tweets (id, addressed_id, addressed_tweet_id, addressed_username, date_time, link, link_cover, link_cover_size, link_description, link_title, reply_type, text, users_id, deleted) VALUES (50184, null, null, null, '2026-06-07 07:00:00', null, null, null, null, null, 'EVERYONE', 'Buổi code review: nên tách repository pattern khỏi controller trong Redis. #spring #oop #api', 373, false);
INSERT INTO users_tweets (user_id, tweets_id) VALUES (373, 50184);
INSERT INTO tweets (id, addressed_id, addressed_tweet_id, addressed_username, date_time, link, link_cover, link_cover_size, link_description, link_title, reply_type, text, users_id, deleted) VALUES (50185, null, null, null, '2026-05-15 19:00:00', null, null, null, null, null, 'MENTION', 'CLB Lập trình VKU mở đăng ký thành viên mới — focus Git và TypeScript. #react #java #git', 334, false);
INSERT INTO users_tweets (user_id, tweets_id) VALUES (334, 50185);
INSERT INTO tweets (id, addressed_id, addressed_tweet_id, addressed_username, date_time, link, link_cover, link_cover_size, link_description, link_title, reply_type, text, users_id, deleted) VALUES (50186, null, null, null, '2026-06-07 11:00:00', null, null, null, null, null, 'EVERYONE', 'Team mình migrate từ FastAPI sang REST API vì performance. Có checklist khuyến nghị? #javascript #typescript #react', 262, false);
INSERT INTO users_tweets (user_id, tweets_id) VALUES (262, 50186);
INSERT INTO tweets (id, addressed_id, addressed_tweet_id, addressed_username, date_time, link, link_cover, link_cover_size, link_description, link_title, reply_type, text, users_id, deleted) VALUES (50187, null, null, null, '2026-05-15 21:00:00', null, null, null, null, null, 'EVERYONE', 'Team mình migrate từ PostgreSQL sang PostgreSQL vì team skill. Có checklist khuyến nghị? #javascript #typescript #react', 219, false);
INSERT INTO users_tweets (user_id, tweets_id) VALUES (219, 50187);
INSERT INTO tweets (id, addressed_id, addressed_tweet_id, addressed_username, date_time, link, link_cover, link_cover_size, link_description, link_title, reply_type, text, users_id, deleted) VALUES (50188, null, null, null, '2026-06-06 16:00:00', null, null, null, null, null, 'EVERYONE', 'Security checklist đồ án: hash password, validate input, rate limit Java. #spring #api #career', 184, false);
INSERT INTO users_tweets (user_id, tweets_id) VALUES (184, 50188);
INSERT INTO tweets (id, addressed_id, addressed_tweet_id, addressed_username, date_time, link, link_cover, link_cover_size, link_description, link_title, reply_type, text, users_id, deleted) VALUES (50189, null, null, null, '2026-05-05 00:00:00', null, null, null, null, null, 'EVERYONE', 'Ai có kinh nghiệm viết API documentation với PostgreSQL? Swagger hay Postman? #api #spring #typescript', 354, false);
INSERT INTO users_tweets (user_id, tweets_id) VALUES (354, 50189);
INSERT INTO tweets (id, addressed_id, addressed_tweet_id, addressed_username, date_time, link, link_cover, link_cover_size, link_description, link_title, reply_type, text, users_id, deleted) VALUES (50190, null, null, null, '2026-06-06 08:00:00', null, null, null, null, null, 'EVERYONE', 'Seminar khoa CNTT: chủ đề Vector database. Điểm danh có mặt sẽ được bonus điểm. #ai #ml #database', 264, false);
INSERT INTO users_tweets (user_id, tweets_id) VALUES (264, 50190);
INSERT INTO tweets (id, addressed_id, addressed_tweet_id, addressed_username, date_time, link, link_cover, link_cover_size, link_description, link_title, reply_type, text, users_id, deleted) VALUES (50191, null, null, null, '2026-06-05 20:00:00', null, null, null, null, null, 'EVERYONE', 'Microservice Java gọi Node.js bị timeout — nên dùng circuit breaker không? #api #spring #kubernetes', 111, false);
INSERT INTO users_tweets (user_id, tweets_id) VALUES (111, 50191);
INSERT INTO tweets (id, addressed_id, addressed_tweet_id, addressed_username, date_time, link, link_cover, link_cover_size, link_description, link_title, reply_type, text, users_id, deleted) VALUES (50192, null, null, null, '2026-06-06 13:00:00', null, null, null, null, null, 'EVERYONE', 'Frontend MySQL: quản lý state global nên dùng Context hay thư viện riêng? #react #typescript #javascript', 134, false);
INSERT INTO users_tweets (user_id, tweets_id) VALUES (134, 50192);
INSERT INTO tweets (id, addressed_id, addressed_tweet_id, addressed_username, date_time, link, link_cover, link_cover_size, link_description, link_title, reply_type, text, users_id, deleted) VALUES (50193, null, null, null, '2026-06-04 01:00:00', null, null, null, null, null, 'EVERYONE', 'Bài post mortem: production down vì thiếu index trên bảng users. #database #sql #devops', 309, false);
INSERT INTO users_tweets (user_id, tweets_id) VALUES (309, 50193);
INSERT INTO tweets (id, addressed_id, addressed_tweet_id, addressed_username, date_time, link, link_cover, link_cover_size, link_description, link_title, reply_type, text, users_id, deleted) VALUES (50194, null, null, null, '2026-04-30 08:00:00', null, null, null, null, null, 'EVERYONE', 'Redis cache session JWT trong PostgreSQL — TTL bao nhiêu hợp lý? #nosql #spring #api', 224, false);
INSERT INTO users_tweets (user_id, tweets_id) VALUES (224, 50194);
INSERT INTO tweets (id, addressed_id, addressed_tweet_id, addressed_username, date_time, link, link_cover, link_cover_size, link_description, link_title, reply_type, text, users_id, deleted) VALUES (50195, null, null, null, '2026-05-15 23:00:00', null, null, null, null, null, 'MENTION', 'Hôm nay học repository pattern trong PostgreSQL — tương ứng design pattern nào nhỉ? #typescript #react #oop', 182, false);
INSERT INTO users_tweets (user_id, tweets_id) VALUES (182, 50195);
INSERT INTO tweets (id, addressed_id, addressed_tweet_id, addressed_username, date_time, link, link_cover, link_cover_size, link_description, link_title, reply_type, text, users_id, deleted) VALUES (50196, null, null, null, '2026-05-13 07:00:00', null, null, null, null, null, 'FOLLOW', 'Hôm nay học JWT trong GraphQL — tương ứng design pattern nào nhỉ? #typescript #react #oop', 348, false);
INSERT INTO users_tweets (user_id, tweets_id) VALUES (348, 50196);
INSERT INTO tweets (id, addressed_id, addressed_tweet_id, addressed_username, date_time, link, link_cover, link_cover_size, link_description, link_title, reply_type, text, users_id, deleted) VALUES (50197, null, null, null, '2026-05-11 13:00:00', null, null, null, null, null, 'EVERYONE', 'Tối ưu query TypeScript — EXPLAIN cho thấy full table scan. Bắt đầu từ index nào? #sql #database #spring', 121, false);
INSERT INTO users_tweets (user_id, tweets_id) VALUES (121, 50197);
INSERT INTO tweets (id, addressed_id, addressed_tweet_id, addressed_username, date_time, link, link_cover, link_cover_size, link_description, link_title, reply_type, text, users_id, deleted) VALUES (50198, null, null, null, '2026-05-09 03:00:00', null, null, null, null, null, 'EVERYONE', 'Unit test service PostgreSQL mock repository — coverage bao nhiêu là đủ cho đồ án? #java #spring #oop', 254, false);
INSERT INTO users_tweets (user_id, tweets_id) VALUES (254, 50198);
INSERT INTO tweets (id, addressed_id, addressed_tweet_id, addressed_username, date_time, link, link_cover, link_cover_size, link_description, link_title, reply_type, text, users_id, deleted) VALUES (50199, null, null, null, '2026-05-29 10:00:00', null, null, null, null, null, 'EVERYONE', 'Lỗi connection pool khi deploy MySQL lên FastAPI — log báo OutOfMemory. Ai từng gặp chưa? #docker #kubernetes #devops', 191, false);
INSERT INTO users_tweets (user_id, tweets_id) VALUES (191, 50199);
INSERT INTO tweets (id, addressed_id, addressed_tweet_id, addressed_username, date_time, link, link_cover, link_cover_size, link_description, link_title, reply_type, text, users_id, deleted) VALUES (50200, null, null, null, '2026-06-06 19:00:00', null, null, null, null, null, 'EVERYONE', 'Microservice PostgreSQL gọi REST API bị timeout — nên dùng circuit breaker không? #api #spring #kubernetes', 336, false);
INSERT INTO users_tweets (user_id, tweets_id) VALUES (336, 50200);
INSERT INTO tweets (id, addressed_id, addressed_tweet_id, addressed_username, date_time, link, link_cover, link_cover_size, link_description, link_title, reply_type, text, users_id, deleted) VALUES (50201, null, null, null, '2026-05-01 06:00:00', null, null, null, null, null, 'EVERYONE', 'Roadmap học GraphQL: Git -> Docker -> internship -> project capstone. #javascript #typescript #react', 250, false);
INSERT INTO users_tweets (user_id, tweets_id) VALUES (250, 50201);
INSERT INTO tweets (id, addressed_id, addressed_tweet_id, addressed_username, date_time, link, link_cover, link_cover_size, link_description, link_title, reply_type, text, users_id, deleted) VALUES (50202, null, null, null, '2026-06-06 06:00:00', null, null, null, null, null, 'FOLLOW', 'Pair programming hôm nay: fix bug repository pattern trong service layer React. Học được nhiều! #spring #api #database', 273, false);
INSERT INTO users_tweets (user_id, tweets_id) VALUES (273, 50202);
INSERT INTO tweets (id, addressed_id, addressed_tweet_id, addressed_username, date_time, link, link_cover, link_cover_size, link_description, link_title, reply_type, text, users_id, deleted) VALUES (50203, null, null, null, '2026-04-26 18:00:00', null, null, null, null, null, 'EVERYONE', 'Contest competitive programming tối nay — đề từ greedy, language MySQL. #cpp #dsa #python', 289, false);
INSERT INTO users_tweets (user_id, tweets_id) VALUES (289, 50203);
INSERT INTO tweets (id, addressed_id, addressed_tweet_id, addressed_username, date_time, link, link_cover, link_cover_size, link_description, link_title, reply_type, text, users_id, deleted) VALUES (50204, null, null, null, '2026-06-07 02:00:00', null, null, null, null, null, 'EVERYONE', 'Tối ưu query TypeScript — EXPLAIN cho thấy full table scan. Bắt đầu từ index nào? #sql #database #spring', 252, false);
INSERT INTO users_tweets (user_id, tweets_id) VALUES (252, 50204);
INSERT INTO tweets (id, addressed_id, addressed_tweet_id, addressed_username, date_time, link, link_cover, link_cover_size, link_description, link_title, reply_type, text, users_id, deleted) VALUES (50205, null, null, null, '2026-05-09 13:00:00', null, null, null, null, null, 'EVERYONE', 'Build CI pipeline Spring Boot: lint -> test -> docker build -> deploy staging. #devops #docker #git', 279, false);
INSERT INTO users_tweets (user_id, tweets_id) VALUES (279, 50205);
INSERT INTO tweets (id, addressed_id, addressed_tweet_id, addressed_username, date_time, link, link_cover, link_cover_size, link_description, link_title, reply_type, text, users_id, deleted) VALUES (50206, null, null, null, '2026-05-18 23:00:00', null, null, null, null, null, 'EVERYONE', 'Fine-tune model nhỏ cho chatbot FAQ môn 1000 QA pairs bằng PostgreSQL. Dataset bao nhiêu mẫu? #ai #ml #python', 269, false);
INSERT INTO users_tweets (user_id, tweets_id) VALUES (269, 50206);
INSERT INTO tweets (id, addressed_id, addressed_tweet_id, addressed_username, date_time, link, link_cover, link_cover_size, link_description, link_title, reply_type, text, users_id, deleted) VALUES (50207, null, null, null, '2026-05-02 15:00:00', null, null, null, null, null, 'MENTION', 'Git branch strategy cho team 5 người: memoization. Tránh conflict khi merge đồ án. #git #devops #api', 150, false);
INSERT INTO users_tweets (user_id, tweets_id) VALUES (150, 50207);
INSERT INTO tweets (id, addressed_id, addressed_tweet_id, addressed_username, date_time, link, link_cover, link_cover_size, link_description, link_title, reply_type, text, users_id, deleted) VALUES (50208, null, null, null, '2026-06-06 12:00:00', null, null, null, null, null, 'EVERYONE', 'Mentor dạy nay: khi phỏng vấn backend, hãy nhắc project Python và dependency injection. #career #java #react', 272, false);
INSERT INTO users_tweets (user_id, tweets_id) VALUES (272, 50208);
INSERT INTO tweets (id, addressed_id, addressed_tweet_id, addressed_username, date_time, link, link_cover, link_cover_size, link_description, link_title, reply_type, text, users_id, deleted) VALUES (50209, null, null, null, '2026-06-02 08:00:00', null, null, null, null, null, 'EVERYONE', 'Team mình migrate từ React sang React vì team skill. Có checklist khuyến nghị? #javascript #typescript #react', 281, false);
INSERT INTO users_tweets (user_id, tweets_id) VALUES (281, 50209);
INSERT INTO tweets (id, addressed_id, addressed_tweet_id, addressed_username, date_time, link, link_cover, link_cover_size, link_description, link_title, reply_type, text, users_id, deleted) VALUES (50210, null, null, null, '2026-06-07 10:00:00', null, null, null, null, null, 'EVERYONE', 'Lỗi SOLID khi deploy Spring Boot lên Python — log báo 500 Internal Server Error. Ai từng gặp chưa? #docker #kubernetes #devops', 347, false);
INSERT INTO users_tweets (user_id, tweets_id) VALUES (347, 50210);
INSERT INTO tweets (id, addressed_id, addressed_tweet_id, addressed_username, date_time, link, link_cover, link_cover_size, link_description, link_title, reply_type, text, users_id, deleted) VALUES (50211, null, null, null, '2026-06-06 08:00:00', null, null, null, null, null, 'EVERYONE', 'Demo sản phẩm đồ án: auth OAuth2 trên React. Mời mọi người feedback! #react #spring #docker', 195, false);
INSERT INTO users_tweets (user_id, tweets_id) VALUES (195, 50211);
INSERT INTO tweets (id, addressed_id, addressed_tweet_id, addressed_username, date_time, link, link_cover, link_cover_size, link_description, link_title, reply_type, text, users_id, deleted) VALUES (50212, null, null, null, '2026-04-28 23:00:00', null, null, null, null, null, 'FOLLOW', 'Roadmap học FastAPI: Linux basics -> Docker -> internship -> project capstone. #javascript #typescript #react', 214, false);
INSERT INTO users_tweets (user_id, tweets_id) VALUES (214, 50212);
INSERT INTO tweets (id, addressed_id, addressed_tweet_id, addressed_username, date_time, link, link_cover, link_cover_size, link_description, link_title, reply_type, text, users_id, deleted) VALUES (50213, null, null, null, '2026-06-05 13:00:00', null, null, null, null, null, 'EVERYONE', 'Contest competitive programming tối nay — đề từ greedy, language REST API. #cpp #dsa #python', 302, false);
INSERT INTO users_tweets (user_id, tweets_id) VALUES (302, 50213);
INSERT INTO tweets (id, addressed_id, addressed_tweet_id, addressed_username, date_time, link, link_cover, link_cover_size, link_description, link_title, reply_type, text, users_id, deleted) VALUES (50214, null, null, null, '2026-04-29 12:00:00', null, null, null, null, null, 'EVERYONE', 'Vừa xong bài tập JPA — dùng Node.js + GraphQL. Cảm giác debug cả đêm vẫn đáng! #java #database #sql', 284, false);
INSERT INTO users_tweets (user_id, tweets_id) VALUES (284, 50214);
INSERT INTO tweets (id, addressed_id, addressed_tweet_id, addressed_username, date_time, link, link_cover, link_cover_size, link_description, link_title, reply_type, text, users_id, deleted) VALUES (50215, null, null, null, '2026-04-24 07:00:00', null, null, null, null, null, 'EVERYONE', 'Build CI pipeline Java: lint -> test -> docker build -> deploy staging. #devops #docker #git', 330, false);
INSERT INTO users_tweets (user_id, tweets_id) VALUES (330, 50215);
INSERT INTO tweets (id, addressed_id, addressed_tweet_id, addressed_username, date_time, link, link_cover, link_cover_size, link_description, link_title, reply_type, text, users_id, deleted) VALUES (50216, null, null, null, '2026-05-06 20:00:00', null, null, null, null, null, 'EVERYONE', 'Seminar khoa CNTT: chủ đề Vector database. Điểm danh có mặt sẽ được bonus điểm. #ai #ml #database', 325, false);
INSERT INTO users_tweets (user_id, tweets_id) VALUES (325, 50216);
INSERT INTO tweets (id, addressed_id, addressed_tweet_id, addressed_username, date_time, link, link_cover, link_cover_size, link_description, link_title, reply_type, text, users_id, deleted) VALUES (50217, null, null, null, '2026-05-18 22:00:00', null, null, null, null, null, 'EVERYONE', 'Microservice React gọi Python bị timeout — nên dùng circuit breaker không? #api #spring #kubernetes', 377, false);
INSERT INTO users_tweets (user_id, tweets_id) VALUES (377, 50217);
INSERT INTO tweets (id, addressed_id, addressed_tweet_id, addressed_username, date_time, link, link_cover, link_cover_size, link_description, link_title, reply_type, text, users_id, deleted) VALUES (50218, null, null, null, '2026-04-30 04:00:00', null, null, null, null, null, 'EVERYONE', 'Fine-tune model nhỏ cho chatbot FAQ môn embedding search bằng MySQL. Dataset bao nhiêu mẫu? #ai #ml #python', 263, false);
INSERT INTO users_tweets (user_id, tweets_id) VALUES (263, 50218);
INSERT INTO tweets (id, addressed_id, addressed_tweet_id, addressed_username, date_time, link, link_cover, link_cover_size, link_description, link_title, reply_type, text, users_id, deleted) VALUES (50219, null, null, null, '2026-05-13 07:00:00', null, null, null, null, null, 'EVERYONE', 'Hỏi nhanh: middleware khác gì graceful shutdown trong Java? Đang làm bài tập. #java #oop #database', 185, false);
INSERT INTO users_tweets (user_id, tweets_id) VALUES (185, 50219);
INSERT INTO tweets (id, addressed_id, addressed_tweet_id, addressed_username, date_time, link, link_cover, link_cover_size, link_description, link_title, reply_type, text, users_id, deleted) VALUES (50220, null, null, null, '2026-05-05 13:00:00', null, null, null, null, null, 'FOLLOW', 'Git branch strategy cho team 5 người: middleware. Tránh conflict khi merge đồ án. #git #devops #api', 312, false);
INSERT INTO users_tweets (user_id, tweets_id) VALUES (312, 50220);
INSERT INTO tweets (id, addressed_id, addressed_tweet_id, addressed_username, date_time, link, link_cover, link_cover_size, link_description, link_title, reply_type, text, users_id, deleted) VALUES (50221, null, null, null, '2026-05-10 22:00:00', null, null, null, null, null, 'FOLLOW', 'Frontend MySQL: quản lý state global nên dùng Context hay thư viện riêng? #react #typescript #javascript', 238, false);
INSERT INTO users_tweets (user_id, tweets_id) VALUES (238, 50221);
INSERT INTO tweets (id, addressed_id, addressed_tweet_id, addressed_username, date_time, link, link_cover, link_cover_size, link_description, link_title, reply_type, text, users_id, deleted) VALUES (50222, null, null, null, '2026-06-07 08:00:00', null, null, null, null, null, 'EVERYONE', 'Git branch strategy cho team 5 người: graceful shutdown. Tránh conflict khi merge đồ án. #git #devops #api', 147, false);
INSERT INTO users_tweets (user_id, tweets_id) VALUES (147, 50222);
INSERT INTO tweets (id, addressed_id, addressed_tweet_id, addressed_username, date_time, link, link_cover, link_cover_size, link_description, link_title, reply_type, text, users_id, deleted) VALUES (50223, null, null, null, '2026-05-12 00:00:00', null, null, null, null, null, 'EVERYONE', 'Mentor dạy nay: khi phỏng vấn backend, hãy nhắc project Spring Boot và lazy loading. #career #java #react', 249, false);
INSERT INTO users_tweets (user_id, tweets_id) VALUES (249, 50223);
INSERT INTO tweets (id, addressed_id, addressed_tweet_id, addressed_username, date_time, link, link_cover, link_cover_size, link_description, link_title, reply_type, text, users_id, deleted) VALUES (50224, null, null, null, '2026-06-03 21:00:00', null, null, null, null, null, 'EVERYONE', 'Lỗi JWT khi deploy MySQL lên Spring Boot — log báo 500 Internal Server Error. Ai từng gặp chưa? #docker #kubernetes #devops', 236, false);
INSERT INTO users_tweets (user_id, tweets_id) VALUES (236, 50224);
INSERT INTO tweets (id, addressed_id, addressed_tweet_id, addressed_username, date_time, link, link_cover, link_cover_size, link_description, link_title, reply_type, text, users_id, deleted) VALUES (50225, null, null, null, '2026-06-06 11:00:00', null, null, null, null, null, 'EVERYONE', 'Câu hỏi viva môn Java nâng cao: giải thích SOLID trong React? Có ví dụ thực tế không? #java #spring #oop', 291, false);
INSERT INTO users_tweets (user_id, tweets_id) VALUES (291, 50225);
INSERT INTO tweets (id, addressed_id, addressed_tweet_id, addressed_username, date_time, link, link_cover, link_cover_size, link_description, link_title, reply_type, text, users_id, deleted) VALUES (50226, null, null, null, '2026-06-07 11:00:00', null, null, null, null, null, 'EVERYONE', 'Vừa xong bài tập REST API — dùng Spring Boot + FastAPI. Cảm giác debug cả đêm vẫn đáng! #java #database #sql', 205, false);
INSERT INTO users_tweets (user_id, tweets_id) VALUES (205, 50226);
INSERT INTO tweets (id, addressed_id, addressed_tweet_id, addressed_username, date_time, link, link_cover, link_cover_size, link_description, link_title, reply_type, text, users_id, deleted) VALUES (50227, null, null, null, '2026-05-22 10:00:00', null, null, null, null, null, 'EVERYONE', 'Hôm nay thầy Co Pham giảng về normalization — slide rất hay về memoization. #java #ai #database', 184, false);
INSERT INTO users_tweets (user_id, tweets_id) VALUES (184, 50227);
INSERT INTO tweets (id, addressed_id, addressed_tweet_id, addressed_username, date_time, link, link_cover, link_cover_size, link_description, link_title, reply_type, text, users_id, deleted) VALUES (50228, null, null, null, '2026-06-07 11:00:00', null, null, null, null, null, 'EVERYONE', 'Pair programming hôm nay: fix bug dependency injection trong service layer Node.js. Học được nhiều! #spring #api #database', 220, false);
INSERT INTO users_tweets (user_id, tweets_id) VALUES (220, 50228);
INSERT INTO tweets (id, addressed_id, addressed_tweet_id, addressed_username, date_time, link, link_cover, link_cover_size, link_description, link_title, reply_type, text, users_id, deleted) VALUES (50229, null, null, null, '2026-06-03 21:00:00', null, null, null, null, null, 'EVERYONE', 'Ai có kinh nghiệm viết API documentation với PostgreSQL? Swagger hay Postman? #api #spring #typescript', 300, false);
INSERT INTO users_tweets (user_id, tweets_id) VALUES (300, 50229);
INSERT INTO tweets (id, addressed_id, addressed_tweet_id, addressed_username, date_time, link, link_cover, link_cover_size, link_description, link_title, reply_type, text, users_id, deleted) VALUES (50230, null, null, null, '2026-05-17 01:00:00', null, null, null, null, null, 'EVERYONE', 'Câu hỏi viva môn Java nâng cao: giải thích lazy loading trong Node.js? Có ví dụ thực tế không? #java #spring #oop', 145, false);
INSERT INTO users_tweets (user_id, tweets_id) VALUES (145, 50230);
INSERT INTO tweets (id, addressed_id, addressed_tweet_id, addressed_username, date_time, link, link_cover, link_cover_size, link_description, link_title, reply_type, text, users_id, deleted) VALUES (50231, null, null, null, '2026-06-07 10:00:00', null, null, null, null, null, 'EVERYONE', 'Backend PostgreSQL: pagination cursor vs offset — case nào nên dùng? #spring #api #database', 122, false);
INSERT INTO users_tweets (user_id, tweets_id) VALUES (122, 50231);
INSERT INTO tweets (id, addressed_id, addressed_tweet_id, addressed_username, date_time, link, link_cover, link_cover_size, link_description, link_title, reply_type, text, users_id, deleted) VALUES (50232, null, null, null, '2026-06-06 10:00:00', null, null, null, null, null, 'EVERYONE', 'Contest competitive programming tối nay — đề từ dynamic programming, language GraphQL. #cpp #dsa #python', 322, false);
INSERT INTO users_tweets (user_id, tweets_id) VALUES (322, 50232);
INSERT INTO tweets (id, addressed_id, addressed_tweet_id, addressed_username, date_time, link, link_cover, link_cover_size, link_description, link_title, reply_type, text, users_id, deleted) VALUES (50233, null, null, null, '2026-05-19 06:00:00', null, null, null, null, null, 'EVERYONE', 'Công ty FPT mở vị trí intern DevOps — yêu cầu TypeScript. CV gửi về career@it.edu.vn #career #java #python', 207, false);
INSERT INTO users_tweets (user_id, tweets_id) VALUES (207, 50233);
INSERT INTO tweets (id, addressed_id, addressed_tweet_id, addressed_username, date_time, link, link_cover, link_cover_size, link_description, link_title, reply_type, text, users_id, deleted) VALUES (50234, null, null, null, '2026-06-06 03:00:00', null, null, null, null, null, 'EVERYONE', 'Đồ án môn Đồ án tốt nghiệp sắp nộp — team mình đang kết Docker với React. Ai có template không? #react #spring #api', 344, false);
INSERT INTO users_tweets (user_id, tweets_id) VALUES (344, 50234);
INSERT INTO tweets (id, addressed_id, addressed_tweet_id, addressed_username, date_time, link, link_cover, link_cover_size, link_description, link_title, reply_type, text, users_id, deleted) VALUES (50235, null, null, null, '2026-05-10 06:00:00', null, null, null, null, null, 'EVERYONE', 'Git branch strategy cho team 5 người: repository pattern. Tránh conflict khi merge đồ án. #git #devops #api', 106, false);
INSERT INTO users_tweets (user_id, tweets_id) VALUES (106, 50235);
INSERT INTO tweets (id, addressed_id, addressed_tweet_id, addressed_username, date_time, link, link_cover, link_cover_size, link_description, link_title, reply_type, text, users_id, deleted) VALUES (50236, null, null, null, '2026-06-06 09:00:00', null, null, null, null, null, 'EVERYONE', 'Chia sẻ tài liệu free về scikit-learn: slides + lab MySQL. Link trong reply. #python #ai #ml', 136, false);
INSERT INTO users_tweets (user_id, tweets_id) VALUES (136, 50236);
INSERT INTO tweets (id, addressed_id, addressed_tweet_id, addressed_username, date_time, link, link_cover, link_cover_size, link_description, link_title, reply_type, text, users_id, deleted) VALUES (50237, null, null, null, '2026-05-23 08:00:00', null, null, null, null, null, 'MENTION', 'Chia sẻ tài liệu free về FastAPI: slides + lab PostgreSQL. Link trong reply. #python #ai #ml', 134, false);
INSERT INTO users_tweets (user_id, tweets_id) VALUES (134, 50237);
INSERT INTO tweets (id, addressed_id, addressed_tweet_id, addressed_username, date_time, link, link_cover, link_cover_size, link_description, link_title, reply_type, text, users_id, deleted) VALUES (50238, null, null, null, '2026-05-12 15:00:00', null, null, null, null, null, 'FOLLOW', 'Git branch strategy cho team 5 người: lazy loading. Tránh conflict khi merge đồ án. #git #devops #api', 257, false);
INSERT INTO users_tweets (user_id, tweets_id) VALUES (257, 50238);
INSERT INTO tweets (id, addressed_id, addressed_tweet_id, addressed_username, date_time, link, link_cover, link_cover_size, link_description, link_title, reply_type, text, users_id, deleted) VALUES (50239, null, null, null, '2026-05-09 22:00:00', null, null, null, null, null, 'EVERYONE', 'Tip nhỏ: dùng memoization trong Spring Boot giúp code sạch hơn. #cleancode #git #oop #typescript', 175, false);
INSERT INTO users_tweets (user_id, tweets_id) VALUES (175, 50239);
INSERT INTO tweets (id, addressed_id, addressed_tweet_id, addressed_username, date_time, link, link_cover, link_cover_size, link_description, link_title, reply_type, text, users_id, deleted) VALUES (50240, null, null, null, '2026-06-02 08:00:00', null, null, null, null, null, 'EVERYONE', 'Ôn thi giữa kỳ Giải tích: đề nào hay gặp về CORS? #ontap #dsa #cpp #python', 255, false);
INSERT INTO users_tweets (user_id, tweets_id) VALUES (255, 50240);
INSERT INTO tweets (id, addressed_id, addressed_tweet_id, addressed_username, date_time, link, link_cover, link_cover_size, link_description, link_title, reply_type, text, users_id, deleted) VALUES (50241, null, null, null, '2026-06-05 20:00:00', null, null, null, null, null, 'MENTION', 'Demo sản phẩm đồ án: auth OAuth2 trên REST API. Mời mọi người feedback! #react #spring #docker', 183, false);
INSERT INTO users_tweets (user_id, tweets_id) VALUES (183, 50241);
INSERT INTO tweets (id, addressed_id, addressed_tweet_id, addressed_username, date_time, link, link_cover, link_cover_size, link_description, link_title, reply_type, text, users_id, deleted) VALUES (50242, null, null, null, '2026-06-07 08:00:00', null, null, null, null, null, 'EVERYONE', 'Frontend Python: quản lý state global nên dùng Context hay thư viện riêng? #react #typescript #javascript', 120, false);
INSERT INTO users_tweets (user_id, tweets_id) VALUES (120, 50242);
INSERT INTO tweets (id, addressed_id, addressed_tweet_id, addressed_username, date_time, link, link_cover, link_cover_size, link_description, link_title, reply_type, text, users_id, deleted) VALUES (50243, null, null, null, '2026-04-24 01:00:00', null, null, null, null, null, 'EVERYONE', 'Ôn thi giữa kỳ Giải tích: đề nào hay gặp về graceful shutdown? #ontap #dsa #cpp #python', 369, false);
INSERT INTO users_tweets (user_id, tweets_id) VALUES (369, 50243);
INSERT INTO tweets (id, addressed_id, addressed_tweet_id, addressed_username, date_time, link, link_cover, link_cover_size, link_description, link_title, reply_type, text, users_id, deleted) VALUES (50244, null, null, null, '2026-06-07 10:00:00', null, null, null, null, null, 'EVERYONE', 'Contest competitive programming tối nay — đề từ dynamic programming, language Java. #cpp #dsa #python', 144, false);
INSERT INTO users_tweets (user_id, tweets_id) VALUES (144, 50244);
INSERT INTO tweets (id, addressed_id, addressed_tweet_id, addressed_username, date_time, link, link_cover, link_cover_size, link_description, link_title, reply_type, text, users_id, deleted) VALUES (50245, null, null, null, '2026-05-16 21:00:00', null, null, null, null, null, 'EVERYONE', 'Fine-tune model nhỏ cho chatbot FAQ môn 1000 QA pairs bằng GraphQL. Dataset bao nhiêu mẫu? #ai #ml #python', 262, false);
INSERT INTO users_tweets (user_id, tweets_id) VALUES (262, 50245);
INSERT INTO tweets (id, addressed_id, addressed_tweet_id, addressed_username, date_time, link, link_cover, link_cover_size, link_description, link_title, reply_type, text, users_id, deleted) VALUES (50246, null, null, null, '2026-05-05 14:00:00', null, null, null, null, null, 'FOLLOW', 'Demo sản phẩm đồ án: notification push trên React. Mời mọi người feedback! #react #spring #docker', 240, false);
INSERT INTO users_tweets (user_id, tweets_id) VALUES (240, 50246);
INSERT INTO tweets (id, addressed_id, addressed_tweet_id, addressed_username, date_time, link, link_cover, link_cover_size, link_description, link_title, reply_type, text, users_id, deleted) VALUES (50247, null, null, null, '2026-04-26 07:00:00', null, null, null, null, null, 'FOLLOW', 'Bài post mortem: production down vì thiếu index trên bảng logs. #database #sql #devops', 139, false);
INSERT INTO users_tweets (user_id, tweets_id) VALUES (139, 50247);
INSERT INTO tweets (id, addressed_id, addressed_tweet_id, addressed_username, date_time, link, link_cover, link_cover_size, link_description, link_title, reply_type, text, users_id, deleted) VALUES (50248, null, null, null, '2026-06-06 18:00:00', null, null, null, null, null, 'FOLLOW', 'Alumni 2023 chia sẻ: sau tốt nghiệp học thêm FastAPI gì để đi làm nhanh? #career #devops #react', 365, false);
INSERT INTO users_tweets (user_id, tweets_id) VALUES (365, 50248);
INSERT INTO tweets (id, addressed_id, addressed_tweet_id, addressed_username, date_time, link, link_cover, link_cover_size, link_description, link_title, reply_type, text, users_id, deleted) VALUES (50249, null, null, null, '2026-05-29 05:00:00', null, null, null, null, null, 'EVERYONE', 'Backend REST API: pagination cursor vs offset — case nào nên dùng? #spring #api #database', 114, false);
INSERT INTO users_tweets (user_id, tweets_id) VALUES (114, 50249);
INSERT INTO tweets (id, addressed_id, addressed_tweet_id, addressed_username, date_time, link, link_cover, link_cover_size, link_description, link_title, reply_type, text, users_id, deleted) VALUES (50250, null, null, null, '2026-05-28 17:00:00', null, null, null, null, null, 'EVERYONE', 'Pair programming hôm nay: fix bug CORS trong service layer React. Học được nhiều! #spring #api #database', 105, false);
INSERT INTO users_tweets (user_id, tweets_id) VALUES (105, 50250);
INSERT INTO tweets (id, addressed_id, addressed_tweet_id, addressed_username, date_time, link, link_cover, link_cover_size, link_description, link_title, reply_type, text, users_id, deleted) VALUES (50251, null, null, null, '2026-05-03 14:00:00', null, null, null, null, null, 'EVERYONE', 'Seminar khoa CNTT: chủ đề LLM ứng dụng giáo dục. Điểm danh có mặt sẽ được bonus điểm. #ai #ml #database', 150, false);
INSERT INTO users_tweets (user_id, tweets_id) VALUES (150, 50251);
INSERT INTO tweets (id, addressed_id, addressed_tweet_id, addressed_username, date_time, link, link_cover, link_cover_size, link_description, link_title, reply_type, text, users_id, deleted) VALUES (50252, null, null, null, '2026-06-06 23:00:00', null, null, null, null, null, 'EVERYONE', 'Hôm nay thầy Thay Nguyen giảng về normalization — slide rất hay về memoization. #java #ai #database', 142, false);
INSERT INTO users_tweets (user_id, tweets_id) VALUES (142, 50252);
INSERT INTO tweets (id, addressed_id, addressed_tweet_id, addressed_username, date_time, link, link_cover, link_cover_size, link_description, link_title, reply_type, text, users_id, deleted) VALUES (50253, null, null, null, '2026-05-26 10:00:00', null, null, null, null, null, 'EVERYONE', 'Demo sản phẩm đồ án: notification push trên TypeScript. Mời mọi người feedback! #react #spring #docker', 152, false);
INSERT INTO users_tweets (user_id, tweets_id) VALUES (152, 50253);
INSERT INTO tweets (id, addressed_id, addressed_tweet_id, addressed_username, date_time, link, link_cover, link_cover_size, link_description, link_title, reply_type, text, users_id, deleted) VALUES (50254, null, null, null, '2026-06-07 09:00:00', null, null, null, null, null, 'EVERYONE', 'Seminar khoa CNTT: chủ đề Data pipeline. Điểm danh có mặt sẽ được bonus điểm. #ai #ml #database', 155, false);
INSERT INTO users_tweets (user_id, tweets_id) VALUES (155, 50254);
INSERT INTO tweets (id, addressed_id, addressed_tweet_id, addressed_username, date_time, link, link_cover, link_cover_size, link_description, link_title, reply_type, text, users_id, deleted) VALUES (50255, null, null, null, '2026-05-01 19:00:00', null, null, null, null, null, 'EVERYONE', 'Roadmap học FastAPI: HTML -> Spring -> internship -> project capstone. #javascript #typescript #react', 283, false);
INSERT INTO users_tweets (user_id, tweets_id) VALUES (283, 50255);
INSERT INTO tweets (id, addressed_id, addressed_tweet_id, addressed_username, date_time, link, link_cover, link_cover_size, link_description, link_title, reply_type, text, users_id, deleted) VALUES (50256, null, null, null, '2026-04-22 19:00:00', null, null, null, null, null, 'EVERYONE', 'Đồ án môn Công nghệ web sắp nộp — team mình đang kết MySQL với Kubernetes. Ai có template không? #react #spring #api', 359, false);
INSERT INTO users_tweets (user_id, tweets_id) VALUES (359, 50256);
INSERT INTO tweets (id, addressed_id, addressed_tweet_id, addressed_username, date_time, link, link_cover, link_cover_size, link_description, link_title, reply_type, text, users_id, deleted) VALUES (50257, null, null, null, '2026-06-06 08:00:00', null, null, null, null, null, 'EVERYONE', 'Hỏi nhanh: middleware khác gì connection pool trong Java? Đang làm bài tập. #java #oop #database', 327, false);
INSERT INTO users_tweets (user_id, tweets_id) VALUES (327, 50257);
INSERT INTO tweets (id, addressed_id, addressed_tweet_id, addressed_username, date_time, link, link_cover, link_cover_size, link_description, link_title, reply_type, text, users_id, deleted) VALUES (50258, null, null, null, '2026-05-11 18:00:00', null, null, null, null, null, 'EVERYONE', 'Lỗi CORS khi deploy TypeScript lên Git — log báo duplicate key. Ai từng gặp chưa? #docker #kubernetes #devops', 111, false);
INSERT INTO users_tweets (user_id, tweets_id) VALUES (111, 50258);
INSERT INTO tweets (id, addressed_id, addressed_tweet_id, addressed_username, date_time, link, link_cover, link_cover_size, link_description, link_title, reply_type, text, users_id, deleted) VALUES (50259, null, null, null, '2026-04-26 13:00:00', null, null, null, null, null, 'MENTION', 'Security checklist đồ án: hash password, validate input, rate limit REST API. #spring #api #career', 313, false);
INSERT INTO users_tweets (user_id, tweets_id) VALUES (313, 50259);
INSERT INTO tweets (id, addressed_id, addressed_tweet_id, addressed_username, date_time, link, link_cover, link_cover_size, link_description, link_title, reply_type, text, users_id, deleted) VALUES (50260, null, null, null, '2026-05-01 07:00:00', null, null, null, null, null, 'FOLLOW', 'Hôm nay thầy Co Pham giảng về normalization — slide rất hay về graceful shutdown. #java #ai #database', 340, false);
INSERT INTO users_tweets (user_id, tweets_id) VALUES (340, 50260);
INSERT INTO tweets (id, addressed_id, addressed_tweet_id, addressed_username, date_time, link, link_cover, link_cover_size, link_description, link_title, reply_type, text, users_id, deleted) VALUES (50261, null, null, null, '2026-05-10 04:00:00', null, null, null, null, null, 'FOLLOW', 'Fine-tune model nhỏ cho chatbot FAQ môn 500 câu hỏi bằng TypeScript. Dataset bao nhiêu mẫu? #ai #ml #python', 132, false);
INSERT INTO users_tweets (user_id, tweets_id) VALUES (132, 50261);
INSERT INTO tweets (id, addressed_id, addressed_tweet_id, addressed_username, date_time, link, link_cover, link_cover_size, link_description, link_title, reply_type, text, users_id, deleted) VALUES (50262, null, null, null, '2026-05-24 16:00:00', null, null, null, null, null, 'FOLLOW', 'Hackathon 48h sắp tới — stack đề xuất: Python + TypeScript + Spring Boot. Ai join team? #react #spring #docker', 250, false);
INSERT INTO users_tweets (user_id, tweets_id) VALUES (250, 50262);
INSERT INTO tweets (id, addressed_id, addressed_tweet_id, addressed_username, date_time, link, link_cover, link_cover_size, link_description, link_title, reply_type, text, users_id, deleted) VALUES (50263, null, null, null, '2026-06-05 17:00:00', null, null, null, null, null, 'EVERYONE', 'Tối ưu query Kubernetes — EXPLAIN cho thấy full table scan. Bắt đầu từ index nào? #sql #database #spring', 268, false);
INSERT INTO users_tweets (user_id, tweets_id) VALUES (268, 50263);
INSERT INTO tweets (id, addressed_id, addressed_tweet_id, addressed_username, date_time, link, link_cover, link_cover_size, link_description, link_title, reply_type, text, users_id, deleted) VALUES (50264, null, null, null, '2026-06-06 07:00:00', null, null, null, null, null, 'FOLLOW', 'Git branch strategy cho team 5 người: CORS. Tránh conflict khi merge đồ án. #git #devops #api', 182, false);
INSERT INTO users_tweets (user_id, tweets_id) VALUES (182, 50264);
INSERT INTO tweets (id, addressed_id, addressed_tweet_id, addressed_username, date_time, link, link_cover, link_cover_size, link_description, link_title, reply_type, text, users_id, deleted) VALUES (50265, null, null, null, '2026-06-06 20:00:00', null, null, null, null, null, 'FOLLOW', 'Ôn thi giữa kỳ Python cơ bản: đề nào hay gặp về graceful shutdown? #ontap #dsa #cpp #python', 228, false);
INSERT INTO users_tweets (user_id, tweets_id) VALUES (228, 50265);
INSERT INTO tweets (id, addressed_id, addressed_tweet_id, addressed_username, date_time, link, link_cover, link_cover_size, link_description, link_title, reply_type, text, users_id, deleted) VALUES (50266, null, null, null, '2026-04-25 08:00:00', null, null, null, null, null, 'EVERYONE', 'Team mình migrate từ Docker sang FastAPI vì maintainability. Có checklist khuyến nghị? #javascript #typescript #react', 202, false);
INSERT INTO users_tweets (user_id, tweets_id) VALUES (202, 50266);
INSERT INTO tweets (id, addressed_id, addressed_tweet_id, addressed_username, date_time, link, link_cover, link_cover_size, link_description, link_title, reply_type, text, users_id, deleted) VALUES (50267, null, null, null, '2026-05-24 10:00:00', null, null, null, null, null, 'EVERYONE', 'Seminar khoa CNTT: chủ đề Vector database. Điểm danh có mặt sẽ được bonus điểm. #ai #ml #database', 275, false);
INSERT INTO users_tweets (user_id, tweets_id) VALUES (275, 50267);
INSERT INTO tweets (id, addressed_id, addressed_tweet_id, addressed_username, date_time, link, link_cover, link_cover_size, link_description, link_title, reply_type, text, users_id, deleted) VALUES (50268, null, null, null, '2026-05-29 12:00:00', null, null, null, null, null, 'EVERYONE', 'LeetCode daily #191: DP tabulation hay sliding window? Complexity bao nhiêu là ổn? #dsa #cpp #python', 195, false);
INSERT INTO users_tweets (user_id, tweets_id) VALUES (195, 50268);
INSERT INTO tweets (id, addressed_id, addressed_tweet_id, addressed_username, date_time, link, link_cover, link_cover_size, link_description, link_title, reply_type, text, users_id, deleted) VALUES (50269, null, null, null, '2026-05-21 01:00:00', null, null, null, null, null, 'EVERYONE', 'Contest competitive programming tối nay — đề từ dynamic programming, language TypeScript. #cpp #dsa #python', 228, false);
INSERT INTO users_tweets (user_id, tweets_id) VALUES (228, 50269);
INSERT INTO tweets (id, addressed_id, addressed_tweet_id, addressed_username, date_time, link, link_cover, link_cover_size, link_description, link_title, reply_type, text, users_id, deleted) VALUES (50270, null, null, null, '2026-06-07 08:00:00', null, null, null, null, null, 'EVERYONE', 'Demo sản phẩm đồ án: search full-text trên React. Mời mọi người feedback! #react #spring #docker', 123, false);
INSERT INTO users_tweets (user_id, tweets_id) VALUES (123, 50270);
INSERT INTO tweets (id, addressed_id, addressed_tweet_id, addressed_username, date_time, link, link_cover, link_cover_size, link_description, link_title, reply_type, text, users_id, deleted) VALUES (50271, null, null, null, '2026-05-18 13:00:00', null, null, null, null, null, 'EVERYONE', 'Hôm nay học repository pattern trong Node.js — tương ứng design pattern nào nhỉ? #typescript #react #oop', 363, false);
INSERT INTO users_tweets (user_id, tweets_id) VALUES (363, 50271);
INSERT INTO tweets (id, addressed_id, addressed_tweet_id, addressed_username, date_time, link, link_cover, link_cover_size, link_description, link_title, reply_type, text, users_id, deleted) VALUES (50272, null, null, null, '2026-05-09 09:00:00', null, null, null, null, null, 'MENTION', 'Contest competitive programming tối nay — đề từ dynamic programming, language FastAPI. #cpp #dsa #python', 191, false);
INSERT INTO users_tweets (user_id, tweets_id) VALUES (191, 50272);
INSERT INTO tweets (id, addressed_id, addressed_tweet_id, addressed_username, date_time, link, link_cover, link_cover_size, link_description, link_title, reply_type, text, users_id, deleted) VALUES (50273, null, null, null, '2026-04-30 07:00:00', null, null, null, null, null, 'EVERYONE', 'Tối ưu query REST API — EXPLAIN cho thấy full table scan. Bắt đầu từ index nào? #sql #database #spring', 102, false);
INSERT INTO users_tweets (user_id, tweets_id) VALUES (102, 50273);
INSERT INTO tweets (id, addressed_id, addressed_tweet_id, addressed_username, date_time, link, link_cover, link_cover_size, link_description, link_title, reply_type, text, users_id, deleted) VALUES (50274, null, null, null, '2026-04-24 17:00:00', null, null, null, null, null, 'MENTION', 'Tip nhỏ: dùng memoization trong Node.js giúp code sạch hơn. #cleancode #git #oop #typescript', 276, false);
INSERT INTO users_tweets (user_id, tweets_id) VALUES (276, 50274);
INSERT INTO tweets (id, addressed_id, addressed_tweet_id, addressed_username, date_time, link, link_cover, link_cover_size, link_description, link_title, reply_type, text, users_id, deleted) VALUES (50275, null, null, null, '2026-06-05 13:00:00', null, null, null, null, null, 'EVERYONE', 'Team mình migrate từ TypeScript sang FastAPI vì team skill. Có checklist khuyến nghị? #javascript #typescript #react', 314, false);
INSERT INTO users_tweets (user_id, tweets_id) VALUES (314, 50275);
INSERT INTO tweets (id, addressed_id, addressed_tweet_id, addressed_username, date_time, link, link_cover, link_cover_size, link_description, link_title, reply_type, text, users_id, deleted) VALUES (50276, null, null, null, '2026-06-07 08:00:00', null, null, null, null, null, 'EVERYONE', 'Hôm nay học SOLID trong Node.js — tương ứng design pattern nào nhỉ? #typescript #react #oop', 326, false);
INSERT INTO users_tweets (user_id, tweets_id) VALUES (326, 50276);
INSERT INTO tweets (id, addressed_id, addressed_tweet_id, addressed_username, date_time, link, link_cover, link_cover_size, link_description, link_title, reply_type, text, users_id, deleted) VALUES (50277, null, null, null, '2026-06-07 09:00:00', null, null, null, null, null, 'EVERYONE', 'Demo sản phẩm đồ án: search full-text trên Node.js. Mời mọi người feedback! #react #spring #docker', 370, false);
INSERT INTO users_tweets (user_id, tweets_id) VALUES (370, 50277);
INSERT INTO tweets (id, addressed_id, addressed_tweet_id, addressed_username, date_time, link, link_cover, link_cover_size, link_description, link_title, reply_type, text, users_id, deleted) VALUES (50278, null, null, null, '2026-05-07 17:00:00', null, null, null, null, null, 'FOLLOW', 'Demo sản phẩm đồ án: notification push trên Kubernetes. Mời mọi người feedback! #react #spring #docker', 340, false);
INSERT INTO users_tweets (user_id, tweets_id) VALUES (340, 50278);
INSERT INTO tweets (id, addressed_id, addressed_tweet_id, addressed_username, date_time, link, link_cover, link_cover_size, link_description, link_title, reply_type, text, users_id, deleted) VALUES (50279, null, null, null, '2026-06-05 15:00:00', null, null, null, null, null, 'EVERYONE', 'K8s HPA scale pod Spring Boot khi CPU > 70%. Config file mẫu ai có không? #kubernetes #devops #docker', 357, false);
INSERT INTO users_tweets (user_id, tweets_id) VALUES (357, 50279);
INSERT INTO tweets (id, addressed_id, addressed_tweet_id, addressed_username, date_time, link, link_cover, link_cover_size, link_description, link_title, reply_type, text, users_id, deleted) VALUES (50280, null, null, null, '2026-06-06 21:00:00', null, null, null, null, null, 'EVERYONE', 'Ai có kinh nghiệm viết API documentation với React? Swagger hay Postman? #api #spring #typescript', 159, false);
INSERT INTO users_tweets (user_id, tweets_id) VALUES (159, 50280);
INSERT INTO tweets (id, addressed_id, addressed_tweet_id, addressed_username, date_time, link, link_cover, link_cover_size, link_description, link_title, reply_type, text, users_id, deleted) VALUES (50281, null, null, null, '2026-06-07 03:00:00', null, null, null, null, null, 'EVERYONE', 'Microservice FastAPI gọi MySQL bị timeout — nên dùng circuit breaker không? #api #spring #kubernetes', 357, false);
INSERT INTO users_tweets (user_id, tweets_id) VALUES (357, 50281);
INSERT INTO tweets (id, addressed_id, addressed_tweet_id, addressed_username, date_time, link, link_cover, link_cover_size, link_description, link_title, reply_type, text, users_id, deleted) VALUES (50282, null, null, null, '2026-04-23 22:00:00', null, null, null, null, null, 'EVERYONE', 'Contest competitive programming tối nay — đề từ greedy, language Spring Boot. #cpp #dsa #python', 281, false);
INSERT INTO users_tweets (user_id, tweets_id) VALUES (281, 50282);
INSERT INTO tweets (id, addressed_id, addressed_tweet_id, addressed_username, date_time, link, link_cover, link_cover_size, link_description, link_title, reply_type, text, users_id, deleted) VALUES (50283, null, null, null, '2026-06-06 17:00:00', null, null, null, null, null, 'EVERYONE', 'Chia sẻ tài liệu free về Pandas: slides + lab FastAPI. Link trong reply. #python #ai #ml', 360, false);
INSERT INTO users_tweets (user_id, tweets_id) VALUES (360, 50283);
INSERT INTO tweets (id, addressed_id, addressed_tweet_id, addressed_username, date_time, link, link_cover, link_cover_size, link_description, link_title, reply_type, text, users_id, deleted) VALUES (50284, null, null, null, '2026-05-29 14:00:00', null, null, null, null, null, 'EVERYONE', 'Ôn thi giữa kỳ Giải tích: đề nào hay gặp về JWT? #ontap #dsa #cpp #python', 371, false);
INSERT INTO users_tweets (user_id, tweets_id) VALUES (371, 50284);
INSERT INTO tweets (id, addressed_id, addressed_tweet_id, addressed_username, date_time, link, link_cover, link_cover_size, link_description, link_title, reply_type, text, users_id, deleted) VALUES (50285, null, null, null, '2026-05-29 06:00:00', null, null, null, null, null, 'EVERYONE', 'Microservice GraphQL gọi Redis bị timeout — nên dùng circuit breaker không? #api #spring #kubernetes', 279, false);
INSERT INTO users_tweets (user_id, tweets_id) VALUES (279, 50285);
INSERT INTO tweets (id, addressed_id, addressed_tweet_id, addressed_username, date_time, link, link_cover, link_cover_size, link_description, link_title, reply_type, text, users_id, deleted) VALUES (50286, null, null, null, '2026-05-13 12:00:00', null, null, null, null, null, 'EVERYONE', 'Thực tập tại CMC: ngày đầu làm quen Kubernetes và quy trình Agile. #career #git #devops', 372, false);
INSERT INTO users_tweets (user_id, tweets_id) VALUES (372, 50286);
INSERT INTO tweets (id, addressed_id, addressed_tweet_id, addressed_username, date_time, link, link_cover, link_cover_size, link_description, link_title, reply_type, text, users_id, deleted) VALUES (50287, null, null, null, '2026-06-07 10:00:00', null, null, null, null, null, 'FOLLOW', 'Câu hỏi viva môn Cơ sở dữ liệu: giải thích connection pool trong Spring Boot? Có ví dụ thực tế không? #java #spring #oop', 284, false);
INSERT INTO users_tweets (user_id, tweets_id) VALUES (284, 50287);
INSERT INTO tweets (id, addressed_id, addressed_tweet_id, addressed_username, date_time, link, link_cover, link_cover_size, link_description, link_title, reply_type, text, users_id, deleted) VALUES (50288, null, null, null, '2026-05-02 03:00:00', null, null, null, null, null, 'EVERYONE', 'Unit test service Git mock repository — coverage bao nhiêu là đủ cho đồ án? #java #spring #oop', 172, false);
INSERT INTO users_tweets (user_id, tweets_id) VALUES (172, 50288);
INSERT INTO tweets (id, addressed_id, addressed_tweet_id, addressed_username, date_time, link, link_cover, link_cover_size, link_description, link_title, reply_type, text, users_id, deleted) VALUES (50289, null, null, null, '2026-04-29 13:00:00', null, null, null, null, null, 'EVERYONE', 'Build CI pipeline Kubernetes: lint -> test -> docker build -> deploy staging. #devops #docker #git', 171, false);
INSERT INTO users_tweets (user_id, tweets_id) VALUES (171, 50289);
INSERT INTO tweets (id, addressed_id, addressed_tweet_id, addressed_username, date_time, link, link_cover, link_cover_size, link_description, link_title, reply_type, text, users_id, deleted) VALUES (50290, null, null, null, '2026-06-07 12:00:00', null, null, null, null, null, 'EVERYONE', 'K8s HPA scale pod REST API khi CPU > 70%. Config file mẫu ai có không? #kubernetes #devops #docker', 318, false);
INSERT INTO users_tweets (user_id, tweets_id) VALUES (318, 50290);
INSERT INTO tweets (id, addressed_id, addressed_tweet_id, addressed_username, date_time, link, link_cover, link_cover_size, link_description, link_title, reply_type, text, users_id, deleted) VALUES (50291, null, null, null, '2026-06-07 07:00:00', null, null, null, null, null, 'EVERYONE', 'Roadmap học Spring Boot: Linux basics -> Docker -> internship -> project capstone. #javascript #typescript #react', 342, false);
INSERT INTO users_tweets (user_id, tweets_id) VALUES (342, 50291);
INSERT INTO tweets (id, addressed_id, addressed_tweet_id, addressed_username, date_time, link, link_cover, link_cover_size, link_description, link_title, reply_type, text, users_id, deleted) VALUES (50292, null, null, null, '2026-06-07 05:00:00', null, null, null, null, null, 'FOLLOW', 'Fine-tune model nhỏ cho chatbot FAQ môn 500 câu hỏi bằng MySQL. Dataset bao nhiêu mẫu? #ai #ml #python', 263, false);
INSERT INTO users_tweets (user_id, tweets_id) VALUES (263, 50292);
INSERT INTO tweets (id, addressed_id, addressed_tweet_id, addressed_username, date_time, link, link_cover, link_cover_size, link_description, link_title, reply_type, text, users_id, deleted) VALUES (50293, null, null, null, '2026-05-05 13:00:00', null, null, null, null, null, 'FOLLOW', 'Pair programming hôm nay: fix bug SOLID trong service layer Node.js. Học được nhiều! #spring #api #database', 280, false);
INSERT INTO users_tweets (user_id, tweets_id) VALUES (280, 50293);
INSERT INTO tweets (id, addressed_id, addressed_tweet_id, addressed_username, date_time, link, link_cover, link_cover_size, link_description, link_title, reply_type, text, users_id, deleted) VALUES (50294, null, null, null, '2026-05-16 19:00:00', null, null, null, null, null, 'EVERYONE', 'Roadmap học GraphQL: Git -> Docker -> portfolio -> project capstone. #javascript #typescript #react', 112, false);
INSERT INTO users_tweets (user_id, tweets_id) VALUES (112, 50294);
INSERT INTO tweets (id, addressed_id, addressed_tweet_id, addressed_username, date_time, link, link_cover, link_cover_size, link_description, link_title, reply_type, text, users_id, deleted) VALUES (50295, null, null, null, '2026-06-02 21:00:00', null, null, null, null, null, 'FOLLOW', 'Backend PostgreSQL: pagination cursor vs offset — case nào nên dùng? #spring #api #database', 272, false);
INSERT INTO users_tweets (user_id, tweets_id) VALUES (272, 50295);
INSERT INTO tweets (id, addressed_id, addressed_tweet_id, addressed_username, date_time, link, link_cover, link_cover_size, link_description, link_title, reply_type, text, users_id, deleted) VALUES (50296, null, null, null, '2026-06-07 10:00:00', null, null, null, null, null, 'EVERYONE', 'Ôn thi giữa kỳ Giải tích: đề nào hay gặp về SOLID? #ontap #dsa #cpp #python', 194, false);
INSERT INTO users_tweets (user_id, tweets_id) VALUES (194, 50296);
INSERT INTO tweets (id, addressed_id, addressed_tweet_id, addressed_username, date_time, link, link_cover, link_cover_size, link_description, link_title, reply_type, text, users_id, deleted) VALUES (50297, null, null, null, '2026-05-09 16:00:00', null, null, null, null, null, 'EVERYONE', 'Lỗi SOLID khi deploy Kubernetes lên React — log báo timeout. Ai từng gặp chưa? #docker #kubernetes #devops', 133, false);
INSERT INTO users_tweets (user_id, tweets_id) VALUES (133, 50297);
INSERT INTO tweets (id, addressed_id, addressed_tweet_id, addressed_username, date_time, link, link_cover, link_cover_size, link_description, link_title, reply_type, text, users_id, deleted) VALUES (50298, null, null, null, '2026-04-27 03:00:00', null, null, null, null, null, 'EVERYONE', 'Ôn thi giữa kỳ Giải tích: đề nào hay gặp về connection pool? #ontap #dsa #cpp #python', 100, false);
INSERT INTO users_tweets (user_id, tweets_id) VALUES (100, 50298);
INSERT INTO tweets (id, addressed_id, addressed_tweet_id, addressed_username, date_time, link, link_cover, link_cover_size, link_description, link_title, reply_type, text, users_id, deleted) VALUES (50299, null, null, null, '2026-05-14 16:00:00', null, null, null, null, null, 'EVERYONE', 'Hackathon 48h sắp tới — stack đề xuất: Docker + Redis + Docker. Ai join team? #react #spring #docker', 270, false);
INSERT INTO users_tweets (user_id, tweets_id) VALUES (270, 50299);
INSERT INTO tweets (id, addressed_id, addressed_tweet_id, addressed_username, date_time, link, link_cover, link_cover_size, link_description, link_title, reply_type, text, users_id, deleted) VALUES (50300, null, null, null, '2026-04-23 22:00:00', null, null, null, null, null, 'EVERYONE', 'Microservice Kubernetes gọi TypeScript bị timeout — nên dùng circuit breaker không? #api #spring #kubernetes', 139, false);
INSERT INTO users_tweets (user_id, tweets_id) VALUES (139, 50300);
INSERT INTO tweets (id, addressed_id, addressed_tweet_id, addressed_username, date_time, link, link_cover, link_cover_size, link_description, link_title, reply_type, text, users_id, deleted) VALUES (50301, null, null, null, '2026-06-07 09:00:00', null, null, null, null, null, 'FOLLOW', 'Redis cache session JWT trong Python — TTL bao nhiêu hợp lý? #nosql #spring #api', 293, false);
INSERT INTO users_tweets (user_id, tweets_id) VALUES (293, 50301);
INSERT INTO tweets (id, addressed_id, addressed_tweet_id, addressed_username, date_time, link, link_cover, link_cover_size, link_description, link_title, reply_type, text, users_id, deleted) VALUES (50302, null, null, null, '2026-06-07 05:00:00', null, null, null, null, null, 'MENTION', 'Alumni 2025 chia sẻ: sau tốt nghiệp học thêm FastAPI gì để đi làm nhanh? #career #devops #react', 248, false);
INSERT INTO users_tweets (user_id, tweets_id) VALUES (248, 50302);
INSERT INTO tweets (id, addressed_id, addressed_tweet_id, addressed_username, date_time, link, link_cover, link_cover_size, link_description, link_title, reply_type, text, users_id, deleted) VALUES (50303, null, null, null, '2026-06-06 05:00:00', null, null, null, null, null, 'EVERYONE', 'Frontend Node.js: quản lý state global nên dùng Context hay thư viện riêng? #react #typescript #javascript', 337, false);
INSERT INTO users_tweets (user_id, tweets_id) VALUES (337, 50303);
INSERT INTO tweets (id, addressed_id, addressed_tweet_id, addressed_username, date_time, link, link_cover, link_cover_size, link_description, link_title, reply_type, text, users_id, deleted) VALUES (50304, null, null, null, '2026-05-03 05:00:00', null, null, null, null, null, 'FOLLOW', 'Vừa xong bài tập MongoDB — dùng REST API + Python. Cảm giác debug cả đêm vẫn đáng! #java #database #sql', 127, false);
INSERT INTO users_tweets (user_id, tweets_id) VALUES (127, 50304);
INSERT INTO tweets (id, addressed_id, addressed_tweet_id, addressed_username, date_time, link, link_cover, link_cover_size, link_description, link_title, reply_type, text, users_id, deleted) VALUES (50305, null, null, null, '2026-05-11 09:00:00', null, null, null, null, null, 'EVERYONE', 'Alumni 2025 chia sẻ: sau tốt nghiệp học thêm Git gì để đi làm nhanh? #career #devops #react', 258, false);
INSERT INTO users_tweets (user_id, tweets_id) VALUES (258, 50305);
INSERT INTO tweets (id, addressed_id, addressed_tweet_id, addressed_username, date_time, link, link_cover, link_cover_size, link_description, link_title, reply_type, text, users_id, deleted) VALUES (50306, null, null, null, '2026-05-27 16:00:00', null, null, null, null, null, 'EVERYONE', 'Thực tập tại NTQ: ngày đầu làm quen Java và quy trình Agile. #career #git #devops', 207, false);
INSERT INTO users_tweets (user_id, tweets_id) VALUES (207, 50306);
INSERT INTO tweets (id, addressed_id, addressed_tweet_id, addressed_username, date_time, link, link_cover, link_cover_size, link_description, link_title, reply_type, text, users_id, deleted) VALUES (50307, null, null, null, '2026-04-23 08:00:00', null, null, null, null, null, 'EVERYONE', 'Redis cache session JWT trong MySQL — TTL bao nhiêu hợp lý? #nosql #spring #api', 373, false);
INSERT INTO users_tweets (user_id, tweets_id) VALUES (373, 50307);
INSERT INTO tweets (id, addressed_id, addressed_tweet_id, addressed_username, date_time, link, link_cover, link_cover_size, link_description, link_title, reply_type, text, users_id, deleted) VALUES (50308, null, null, null, '2026-06-04 16:00:00', null, null, null, null, null, 'EVERYONE', 'Build CI pipeline Kubernetes: lint -> test -> docker build -> deploy staging. #devops #docker #git', 121, false);
INSERT INTO users_tweets (user_id, tweets_id) VALUES (121, 50308);
INSERT INTO tweets (id, addressed_id, addressed_tweet_id, addressed_username, date_time, link, link_cover, link_cover_size, link_description, link_title, reply_type, text, users_id, deleted) VALUES (50309, null, null, null, '2026-06-07 12:00:00', null, null, null, null, null, 'EVERYONE', 'So sánh TypeScript vs MySQL cho đồ án: performance, learning curve, community. #sql #nosql #database', 292, false);
INSERT INTO users_tweets (user_id, tweets_id) VALUES (292, 50309);
INSERT INTO tweets (id, addressed_id, addressed_tweet_id, addressed_username, date_time, link, link_cover, link_cover_size, link_description, link_title, reply_type, text, users_id, deleted) VALUES (50310, null, null, null, '2026-05-02 17:00:00', null, null, null, null, null, 'FOLLOW', 'Chia sẻ tài liệu free về scikit-learn: slides + lab REST API. Link trong reply. #python #ai #ml', 298, false);
INSERT INTO users_tweets (user_id, tweets_id) VALUES (298, 50310);
INSERT INTO tweets (id, addressed_id, addressed_tweet_id, addressed_username, date_time, link, link_cover, link_cover_size, link_description, link_title, reply_type, text, users_id, deleted) VALUES (50311, null, null, null, '2026-06-07 01:00:00', null, null, null, null, null, 'FOLLOW', 'Tip nhỏ: dùng middleware trong GraphQL giúp code sạch hơn. #cleancode #git #oop #typescript', 358, false);
INSERT INTO users_tweets (user_id, tweets_id) VALUES (358, 50311);
INSERT INTO tweets (id, addressed_id, addressed_tweet_id, addressed_username, date_time, link, link_cover, link_cover_size, link_description, link_title, reply_type, text, users_id, deleted) VALUES (50312, null, null, null, '2026-06-06 18:00:00', null, null, null, null, null, 'EVERYONE', 'Unit test service Python mock repository — coverage bao nhiêu là đủ cho đồ án? #java #spring #oop', 118, false);
INSERT INTO users_tweets (user_id, tweets_id) VALUES (118, 50312);
INSERT INTO tweets (id, addressed_id, addressed_tweet_id, addressed_username, date_time, link, link_cover, link_cover_size, link_description, link_title, reply_type, text, users_id, deleted) VALUES (50313, null, null, null, '2026-05-05 02:00:00', null, null, null, null, null, 'EVERYONE', 'Git branch strategy cho team 5 người: CORS. Tránh conflict khi merge đồ án. #git #devops #api', 329, false);
INSERT INTO users_tweets (user_id, tweets_id) VALUES (329, 50313);
INSERT INTO tweets (id, addressed_id, addressed_tweet_id, addressed_username, date_time, link, link_cover, link_cover_size, link_description, link_title, reply_type, text, users_id, deleted) VALUES (50314, null, null, null, '2026-06-06 13:00:00', null, null, null, null, null, 'EVERYONE', 'Ôn thi giữa kỳ Cấu trúc dữ liệu: đề nào hay gặp về memoization? #ontap #dsa #cpp #python', 236, false);
INSERT INTO users_tweets (user_id, tweets_id) VALUES (236, 50314);
INSERT INTO tweets (id, addressed_id, addressed_tweet_id, addressed_username, date_time, link, link_cover, link_cover_size, link_description, link_title, reply_type, text, users_id, deleted) VALUES (50315, null, null, null, '2026-05-07 02:00:00', null, null, null, null, null, 'FOLLOW', 'Alumni 2025 chia sẻ: sau tốt nghiệp học thêm Java gì để đi làm nhanh? #career #devops #react', 347, false);
INSERT INTO users_tweets (user_id, tweets_id) VALUES (347, 50315);
INSERT INTO tweets (id, addressed_id, addressed_tweet_id, addressed_username, date_time, link, link_cover, link_cover_size, link_description, link_title, reply_type, text, users_id, deleted) VALUES (50316, null, null, null, '2026-06-07 05:00:00', null, null, null, null, null, 'EVERYONE', 'Team mình migrate từ TypeScript sang MySQL vì deadline. Có checklist khuyến nghị? #javascript #typescript #react', 261, false);
INSERT INTO users_tweets (user_id, tweets_id) VALUES (261, 50316);
INSERT INTO tweets (id, addressed_id, addressed_tweet_id, addressed_username, date_time, link, link_cover, link_cover_size, link_description, link_title, reply_type, text, users_id, deleted) VALUES (50317, null, null, null, '2026-06-05 19:00:00', null, null, null, null, null, 'EVERYONE', 'Đồ án môn Phân tích thiết kế sắp nộp — team mình đang kết Redis với Git. Ai có template không? #react #spring #api', 147, false);
INSERT INTO users_tweets (user_id, tweets_id) VALUES (147, 50317);
INSERT INTO tweets (id, addressed_id, addressed_tweet_id, addressed_username, date_time, link, link_cover, link_cover_size, link_description, link_title, reply_type, text, users_id, deleted) VALUES (50318, null, null, null, '2026-05-05 13:00:00', null, null, null, null, null, 'EVERYONE', 'Alumni 2023 chia sẻ: sau tốt nghiệp học thêm TypeScript gì để đi làm nhanh? #career #devops #react', 174, false);
INSERT INTO users_tweets (user_id, tweets_id) VALUES (174, 50318);
INSERT INTO tweets (id, addressed_id, addressed_tweet_id, addressed_username, date_time, link, link_cover, link_cover_size, link_description, link_title, reply_type, text, users_id, deleted) VALUES (50319, null, null, null, '2026-04-29 21:00:00', null, null, null, null, null, 'EVERYONE', 'Mentor dạy nay: khi phỏng vấn fullstack, hãy nhắc project Python và CORS. #career #java #react', 234, false);
INSERT INTO users_tweets (user_id, tweets_id) VALUES (234, 50319);
INSERT INTO tweets (id, addressed_id, addressed_tweet_id, addressed_username, date_time, link, link_cover, link_cover_size, link_description, link_title, reply_type, text, users_id, deleted) VALUES (50320, null, null, null, '2026-06-03 05:00:00', null, null, null, null, null, 'FOLLOW', 'Security checklist đồ án: hash password, validate input, rate limit Git. #spring #api #career', 309, false);
INSERT INTO users_tweets (user_id, tweets_id) VALUES (309, 50320);
INSERT INTO tweets (id, addressed_id, addressed_tweet_id, addressed_username, date_time, link, link_cover, link_cover_size, link_description, link_title, reply_type, text, users_id, deleted) VALUES (50321, null, null, null, '2026-06-06 05:00:00', null, null, null, null, null, 'FOLLOW', 'Hackathon 48h sắp tới — stack đề xuất: Git + Node.js + Spring Boot. Ai join team? #react #spring #docker', 344, false);
INSERT INTO users_tweets (user_id, tweets_id) VALUES (344, 50321);
INSERT INTO tweets (id, addressed_id, addressed_tweet_id, addressed_username, date_time, link, link_cover, link_cover_size, link_description, link_title, reply_type, text, users_id, deleted) VALUES (50322, null, null, null, '2026-06-05 20:00:00', null, null, null, null, null, 'EVERYONE', 'Ai có kinh nghiệm viết API documentation với Spring Boot? Swagger hay Postman? #api #spring #typescript', 198, false);
INSERT INTO users_tweets (user_id, tweets_id) VALUES (198, 50322);
INSERT INTO tweets (id, addressed_id, addressed_tweet_id, addressed_username, date_time, link, link_cover, link_cover_size, link_description, link_title, reply_type, text, users_id, deleted) VALUES (50323, null, null, null, '2026-05-13 05:00:00', null, null, null, null, null, 'EVERYONE', 'Hackathon 48h sắp tới — stack đề xuất: React + MySQL + Kubernetes. Ai join team? #react #spring #docker', 211, false);
INSERT INTO users_tweets (user_id, tweets_id) VALUES (211, 50323);
INSERT INTO tweets (id, addressed_id, addressed_tweet_id, addressed_username, date_time, link, link_cover, link_cover_size, link_description, link_title, reply_type, text, users_id, deleted) VALUES (50324, null, null, null, '2026-06-07 00:00:00', null, null, null, null, null, 'EVERYONE', 'Ôn thi giữa kỳ Giải tích: đề nào hay gặp về dependency injection? #ontap #dsa #cpp #python', 161, false);
INSERT INTO users_tweets (user_id, tweets_id) VALUES (161, 50324);
INSERT INTO tweets (id, addressed_id, addressed_tweet_id, addressed_username, date_time, link, link_cover, link_cover_size, link_description, link_title, reply_type, text, users_id, deleted) VALUES (50325, null, null, null, '2026-05-11 15:00:00', null, null, null, null, null, 'FOLLOW', 'LeetCode daily #765: DFS hay sliding window? Complexity bao nhiêu là ổn? #dsa #cpp #python', 274, false);
INSERT INTO users_tweets (user_id, tweets_id) VALUES (274, 50325);
INSERT INTO tweets (id, addressed_id, addressed_tweet_id, addressed_username, date_time, link, link_cover, link_cover_size, link_description, link_title, reply_type, text, users_id, deleted) VALUES (50326, null, null, null, '2026-06-02 08:00:00', null, null, null, null, null, 'EVERYONE', 'Roadmap học FastAPI: Git -> Spring -> REST API -> project capstone. #javascript #typescript #react', 232, false);
INSERT INTO users_tweets (user_id, tweets_id) VALUES (232, 50326);
INSERT INTO tweets (id, addressed_id, addressed_tweet_id, addressed_username, date_time, link, link_cover, link_cover_size, link_description, link_title, reply_type, text, users_id, deleted) VALUES (50327, null, null, null, '2026-04-24 05:00:00', null, null, null, null, null, 'FOLLOW', 'Chia sẻ tài liệu free về scikit-learn: slides + lab TypeScript. Link trong reply. #python #ai #ml', 213, false);
INSERT INTO users_tweets (user_id, tweets_id) VALUES (213, 50327);
INSERT INTO tweets (id, addressed_id, addressed_tweet_id, addressed_username, date_time, link, link_cover, link_cover_size, link_description, link_title, reply_type, text, users_id, deleted) VALUES (50328, null, null, null, '2026-06-06 18:00:00', null, null, null, null, null, 'EVERYONE', 'So sánh Kubernetes vs React cho đồ án: performance, learning curve, community. #sql #nosql #database', 267, false);
INSERT INTO users_tweets (user_id, tweets_id) VALUES (267, 50328);
INSERT INTO tweets (id, addressed_id, addressed_tweet_id, addressed_username, date_time, link, link_cover, link_cover_size, link_description, link_title, reply_type, text, users_id, deleted) VALUES (50329, null, null, null, '2026-05-16 17:00:00', null, null, null, null, null, 'EVERYONE', 'LeetCode daily #507: DP tabulation hay sliding window? Complexity bao nhiêu là ổn? #dsa #cpp #python', 142, false);
INSERT INTO users_tweets (user_id, tweets_id) VALUES (142, 50329);
INSERT INTO tweets (id, addressed_id, addressed_tweet_id, addressed_username, date_time, link, link_cover, link_cover_size, link_description, link_title, reply_type, text, users_id, deleted) VALUES (50330, null, null, null, '2026-05-10 00:00:00', null, null, null, null, null, 'MENTION', 'Backend Python: pagination cursor vs offset — case nào nên dùng? #spring #api #database', 299, false);
INSERT INTO users_tweets (user_id, tweets_id) VALUES (299, 50330);
INSERT INTO tweets (id, addressed_id, addressed_tweet_id, addressed_username, date_time, link, link_cover, link_cover_size, link_description, link_title, reply_type, text, users_id, deleted) VALUES (50331, null, null, null, '2026-05-12 16:00:00', null, null, null, null, null, 'EVERYONE', 'Bài post mortem: production down vì thiếu index trên bảng users. #database #sql #devops', 232, false);
INSERT INTO users_tweets (user_id, tweets_id) VALUES (232, 50331);
INSERT INTO tweets (id, addressed_id, addressed_tweet_id, addressed_username, date_time, link, link_cover, link_cover_size, link_description, link_title, reply_type, text, users_id, deleted) VALUES (50332, null, null, null, '2026-05-03 19:00:00', null, null, null, null, null, 'EVERYONE', 'Ôn thi giữa kỳ Python cơ bản: đề nào hay gặp về middleware? #ontap #dsa #cpp #python', 237, false);
INSERT INTO users_tweets (user_id, tweets_id) VALUES (237, 50332);
INSERT INTO tweets (id, addressed_id, addressed_tweet_id, addressed_username, date_time, link, link_cover, link_cover_size, link_description, link_title, reply_type, text, users_id, deleted) VALUES (50333, null, null, null, '2026-04-25 03:00:00', null, null, null, null, null, 'EVERYONE', 'CLB Lập trình VKU mở đăng ký thành viên mới — focus GraphQL và Node.js. #react #java #git', 321, false);
INSERT INTO users_tweets (user_id, tweets_id) VALUES (321, 50333);
INSERT INTO tweets (id, addressed_id, addressed_tweet_id, addressed_username, date_time, link, link_cover, link_cover_size, link_description, link_title, reply_type, text, users_id, deleted) VALUES (50334, null, null, null, '2026-05-26 10:00:00', null, null, null, null, null, 'EVERYONE', 'Hackathon 48h sắp tới — stack đề xuất: REST API + React + TypeScript. Ai join team? #react #spring #docker', 155, false);
INSERT INTO users_tweets (user_id, tweets_id) VALUES (155, 50334);
INSERT INTO tweets (id, addressed_id, addressed_tweet_id, addressed_username, date_time, link, link_cover, link_cover_size, link_description, link_title, reply_type, text, users_id, deleted) VALUES (50335, null, null, null, '2026-05-15 01:00:00', null, null, null, null, null, 'EVERYONE', 'CLB Lập trình VKU mở đăng ký thành viên mới — focus Kubernetes và Java. #react #java #git', 280, false);
INSERT INTO users_tweets (user_id, tweets_id) VALUES (280, 50335);
INSERT INTO tweets (id, addressed_id, addressed_tweet_id, addressed_username, date_time, link, link_cover, link_cover_size, link_description, link_title, reply_type, text, users_id, deleted) VALUES (50336, null, null, null, '2026-04-24 06:00:00', null, null, null, null, null, 'EVERYONE', 'K8s HPA scale pod Git khi CPU > 70%. Config file mẫu ai có không? #kubernetes #devops #docker', 351, false);
INSERT INTO users_tweets (user_id, tweets_id) VALUES (351, 50336);
INSERT INTO tweets (id, addressed_id, addressed_tweet_id, addressed_username, date_time, link, link_cover, link_cover_size, link_description, link_title, reply_type, text, users_id, deleted) VALUES (50337, null, null, null, '2026-06-07 09:00:00', null, null, null, null, null, 'FOLLOW', 'Team mình migrate từ GraphQL sang REST API vì maintainability. Có checklist khuyến nghị? #javascript #typescript #react', 366, false);
INSERT INTO users_tweets (user_id, tweets_id) VALUES (366, 50337);
INSERT INTO tweets (id, addressed_id, addressed_tweet_id, addressed_username, date_time, link, link_cover, link_cover_size, link_description, link_title, reply_type, text, users_id, deleted) VALUES (50338, null, null, null, '2026-04-24 09:00:00', null, null, null, null, null, 'EVERYONE', 'Hôm nay học connection pool trong React — tương ứng design pattern nào nhỉ? #typescript #react #oop', 351, false);
INSERT INTO users_tweets (user_id, tweets_id) VALUES (351, 50338);
INSERT INTO tweets (id, addressed_id, addressed_tweet_id, addressed_username, date_time, link, link_cover, link_cover_size, link_description, link_title, reply_type, text, users_id, deleted) VALUES (50339, null, null, null, '2026-05-28 18:00:00', null, null, null, null, null, 'EVERYONE', 'Frontend GraphQL: quản lý state global nên dùng Context hay thư viện riêng? #react #typescript #javascript', 204, false);
INSERT INTO users_tweets (user_id, tweets_id) VALUES (204, 50339);
INSERT INTO tweets (id, addressed_id, addressed_tweet_id, addressed_username, date_time, link, link_cover, link_cover_size, link_description, link_title, reply_type, text, users_id, deleted) VALUES (50340, null, null, null, '2026-05-07 08:00:00', null, null, null, null, null, 'EVERYONE', 'Team mình migrate từ Docker sang Java vì maintainability. Có checklist khuyến nghị? #javascript #typescript #react', 220, false);
INSERT INTO users_tweets (user_id, tweets_id) VALUES (220, 50340);
INSERT INTO tweets (id, addressed_id, addressed_tweet_id, addressed_username, date_time, link, link_cover, link_cover_size, link_description, link_title, reply_type, text, users_id, deleted) VALUES (50341, null, null, null, '2026-06-02 07:00:00', null, null, null, null, null, 'FOLLOW', 'Pair programming hôm nay: fix bug dependency injection trong service layer Kubernetes. Học được nhiều! #spring #api #database', 223, false);
INSERT INTO users_tweets (user_id, tweets_id) VALUES (223, 50341);
INSERT INTO tweets (id, addressed_id, addressed_tweet_id, addressed_username, date_time, link, link_cover, link_cover_size, link_description, link_title, reply_type, text, users_id, deleted) VALUES (50342, null, null, null, '2026-05-16 22:00:00', null, null, null, null, null, 'EVERYONE', 'Ai có kinh nghiệm viết API documentation với PostgreSQL? Swagger hay Postman? #api #spring #typescript', 127, false);
INSERT INTO users_tweets (user_id, tweets_id) VALUES (127, 50342);
INSERT INTO tweets (id, addressed_id, addressed_tweet_id, addressed_username, date_time, link, link_cover, link_cover_size, link_description, link_title, reply_type, text, users_id, deleted) VALUES (50343, null, null, null, '2026-05-28 20:00:00', null, null, null, null, null, 'EVERYONE', 'Security checklist đồ án: hash password, validate input, rate limit Docker. #spring #api #career', 199, false);
INSERT INTO users_tweets (user_id, tweets_id) VALUES (199, 50343);
INSERT INTO tweets (id, addressed_id, addressed_tweet_id, addressed_username, date_time, link, link_cover, link_cover_size, link_description, link_title, reply_type, text, users_id, deleted) VALUES (50344, null, null, null, '2026-06-07 07:00:00', null, null, null, null, null, 'EVERYONE', 'Hôm nay thầy Co Pham giảng về transformer — slide rất hay về middleware. #java #ai #database', 142, false);
INSERT INTO users_tweets (user_id, tweets_id) VALUES (142, 50344);
INSERT INTO tweets (id, addressed_id, addressed_tweet_id, addressed_username, date_time, link, link_cover, link_cover_size, link_description, link_title, reply_type, text, users_id, deleted) VALUES (50345, null, null, null, '2026-06-05 20:00:00', null, null, null, null, null, 'FOLLOW', 'Build CI pipeline Redis: lint -> test -> docker build -> deploy staging. #devops #docker #git', 110, false);
INSERT INTO users_tweets (user_id, tweets_id) VALUES (110, 50345);
INSERT INTO tweets (id, addressed_id, addressed_tweet_id, addressed_username, date_time, link, link_cover, link_cover_size, link_description, link_title, reply_type, text, users_id, deleted) VALUES (50346, null, null, null, '2026-06-03 10:00:00', null, null, null, null, null, 'MENTION', 'Fine-tune model nhỏ cho chatbot FAQ môn 1000 QA pairs bằng FastAPI. Dataset bao nhiêu mẫu? #ai #ml #python', 239, false);
INSERT INTO users_tweets (user_id, tweets_id) VALUES (239, 50346);
INSERT INTO tweets (id, addressed_id, addressed_tweet_id, addressed_username, date_time, link, link_cover, link_cover_size, link_description, link_title, reply_type, text, users_id, deleted) VALUES (50347, null, null, null, '2026-06-06 18:00:00', null, null, null, null, null, 'EVERYONE', 'Build CI pipeline React: lint -> test -> docker build -> deploy staging. #devops #docker #git', 122, false);
INSERT INTO users_tweets (user_id, tweets_id) VALUES (122, 50347);
INSERT INTO tweets (id, addressed_id, addressed_tweet_id, addressed_username, date_time, link, link_cover, link_cover_size, link_description, link_title, reply_type, text, users_id, deleted) VALUES (50348, null, null, null, '2026-05-18 16:00:00', null, null, null, null, null, 'EVERYONE', 'Mentor dạy nay: khi phỏng vấn backend, hãy nhắc project TypeScript và graceful shutdown. #career #java #react', 136, false);
INSERT INTO users_tweets (user_id, tweets_id) VALUES (136, 50348);
INSERT INTO tweets (id, addressed_id, addressed_tweet_id, addressed_username, date_time, link, link_cover, link_cover_size, link_description, link_title, reply_type, text, users_id, deleted) VALUES (50349, null, null, null, '2026-06-07 01:00:00', null, null, null, null, null, 'EVERYONE', 'Seminar khoa CNTT: chủ đề Vector database. Điểm danh có mặt sẽ được bonus điểm. #ai #ml #database', 133, false);
INSERT INTO users_tweets (user_id, tweets_id) VALUES (133, 50349);
INSERT INTO tweets (id, addressed_id, addressed_tweet_id, addressed_username, date_time, link, link_cover, link_cover_size, link_description, link_title, reply_type, text, users_id, deleted) VALUES (50350, null, null, null, '2026-06-05 20:00:00', null, null, null, null, null, 'EVERYONE', 'K8s HPA scale pod Docker khi CPU > 70%. Config file mẫu ai có không? #kubernetes #devops #docker', 307, false);
INSERT INTO users_tweets (user_id, tweets_id) VALUES (307, 50350);
INSERT INTO tweets (id, addressed_id, addressed_tweet_id, addressed_username, date_time, link, link_cover, link_cover_size, link_description, link_title, reply_type, text, users_id, deleted) VALUES (50351, null, null, null, '2026-05-04 03:00:00', null, null, null, null, null, 'EVERYONE', 'Ai có kinh nghiệm viết API documentation với Docker? Swagger hay Postman? #api #spring #typescript', 289, false);
INSERT INTO users_tweets (user_id, tweets_id) VALUES (289, 50351);
INSERT INTO tweets (id, addressed_id, addressed_tweet_id, addressed_username, date_time, link, link_cover, link_cover_size, link_description, link_title, reply_type, text, users_id, deleted) VALUES (50352, null, null, null, '2026-05-08 15:00:00', null, null, null, null, null, 'EVERYONE', 'Contest competitive programming tối nay — đề từ greedy, language Git. #cpp #dsa #python', 105, false);
INSERT INTO users_tweets (user_id, tweets_id) VALUES (105, 50352);
INSERT INTO tweets (id, addressed_id, addressed_tweet_id, addressed_username, date_time, link, link_cover, link_cover_size, link_description, link_title, reply_type, text, users_id, deleted) VALUES (50353, null, null, null, '2026-05-25 10:00:00', null, null, null, null, null, 'EVERYONE', 'Roadmap học Git: HTML -> Docker -> portfolio -> project capstone. #javascript #typescript #react', 376, false);
INSERT INTO users_tweets (user_id, tweets_id) VALUES (376, 50353);
INSERT INTO tweets (id, addressed_id, addressed_tweet_id, addressed_username, date_time, link, link_cover, link_cover_size, link_description, link_title, reply_type, text, users_id, deleted) VALUES (50354, null, null, null, '2026-06-02 22:00:00', null, null, null, null, null, 'FOLLOW', 'Roadmap học Python: Java core -> Docker -> portfolio -> project capstone. #javascript #typescript #react', 371, false);
INSERT INTO users_tweets (user_id, tweets_id) VALUES (371, 50354);
INSERT INTO tweets (id, addressed_id, addressed_tweet_id, addressed_username, date_time, link, link_cover, link_cover_size, link_description, link_title, reply_type, text, users_id, deleted) VALUES (50355, null, null, null, '2026-05-05 12:00:00', null, null, null, null, null, 'EVERYONE', 'Tối ưu query Redis — EXPLAIN cho thấy full table scan. Bắt đầu từ index nào? #sql #database #spring', 186, false);
INSERT INTO users_tweets (user_id, tweets_id) VALUES (186, 50355);
INSERT INTO tweets (id, addressed_id, addressed_tweet_id, addressed_username, date_time, link, link_cover, link_cover_size, link_description, link_title, reply_type, text, users_id, deleted) VALUES (50356, null, null, null, '2026-06-06 09:00:00', null, null, null, null, null, 'FOLLOW', 'Buổi code review: nên tách memoization khỏi controller trong Kubernetes. #spring #oop #api', 176, false);
INSERT INTO users_tweets (user_id, tweets_id) VALUES (176, 50356);
INSERT INTO tweets (id, addressed_id, addressed_tweet_id, addressed_username, date_time, link, link_cover, link_cover_size, link_description, link_title, reply_type, text, users_id, deleted) VALUES (50357, null, null, null, '2026-06-07 06:00:00', null, null, null, null, null, 'EVERYONE', 'Hackathon 48h sắp tới — stack đề xuất: Git + Docker + Spring Boot. Ai join team? #react #spring #docker', 229, false);
INSERT INTO users_tweets (user_id, tweets_id) VALUES (229, 50357);
INSERT INTO tweets (id, addressed_id, addressed_tweet_id, addressed_username, date_time, link, link_cover, link_cover_size, link_description, link_title, reply_type, text, users_id, deleted) VALUES (50358, null, null, null, '2026-05-03 17:00:00', null, null, null, null, null, 'EVERYONE', 'Alumni 2025 chia sẻ: sau tốt nghiệp học thêm MySQL gì để đi làm nhanh? #career #devops #react', 152, false);
INSERT INTO users_tweets (user_id, tweets_id) VALUES (152, 50358);
INSERT INTO tweets (id, addressed_id, addressed_tweet_id, addressed_username, date_time, link, link_cover, link_cover_size, link_description, link_title, reply_type, text, users_id, deleted) VALUES (50359, null, null, null, '2026-06-02 03:00:00', null, null, null, null, null, 'EVERYONE', 'Hôm nay thầy Thay Nguyen giảng về multithreading — slide rất hay về middleware. #java #ai #database', 369, false);
INSERT INTO users_tweets (user_id, tweets_id) VALUES (369, 50359);
INSERT INTO tweets (id, addressed_id, addressed_tweet_id, addressed_username, date_time, link, link_cover, link_cover_size, link_description, link_title, reply_type, text, users_id, deleted) VALUES (50360, null, null, null, '2026-06-07 12:00:00', null, null, null, null, null, 'EVERYONE', 'Bài post mortem: production down vì thiếu index trên bảng logs. #database #sql #devops', 157, false);
INSERT INTO users_tweets (user_id, tweets_id) VALUES (157, 50360);
INSERT INTO tweets (id, addressed_id, addressed_tweet_id, addressed_username, date_time, link, link_cover, link_cover_size, link_description, link_title, reply_type, text, users_id, deleted) VALUES (50361, null, null, null, '2026-06-07 08:00:00', null, null, null, null, null, 'EVERYONE', 'Roadmap học REST API: Linux basics -> Spring -> project nho -> project capstone. #javascript #typescript #react', 150, false);
INSERT INTO users_tweets (user_id, tweets_id) VALUES (150, 50361);
INSERT INTO tweets (id, addressed_id, addressed_tweet_id, addressed_username, date_time, link, link_cover, link_cover_size, link_description, link_title, reply_type, text, users_id, deleted) VALUES (50362, null, null, null, '2026-05-25 17:00:00', null, null, null, null, null, 'EVERYONE', 'Hôm nay học memoization trong PostgreSQL — tương ứng design pattern nào nhỉ? #typescript #react #oop', 365, false);
INSERT INTO users_tweets (user_id, tweets_id) VALUES (365, 50362);
INSERT INTO tweets (id, addressed_id, addressed_tweet_id, addressed_username, date_time, link, link_cover, link_cover_size, link_description, link_title, reply_type, text, users_id, deleted) VALUES (50363, null, null, null, '2026-05-03 22:00:00', null, null, null, null, null, 'EVERYONE', 'Roadmap học Java: Linux basics -> Docker -> internship -> project capstone. #javascript #typescript #react', 104, false);
INSERT INTO users_tweets (user_id, tweets_id) VALUES (104, 50363);
INSERT INTO tweets (id, addressed_id, addressed_tweet_id, addressed_username, date_time, link, link_cover, link_cover_size, link_description, link_title, reply_type, text, users_id, deleted) VALUES (50364, null, null, null, '2026-04-25 17:00:00', null, null, null, null, null, 'MENTION', 'Fine-tune model nhỏ cho chatbot FAQ môn 1000 QA pairs bằng Docker. Dataset bao nhiêu mẫu? #ai #ml #python', 100, false);
INSERT INTO users_tweets (user_id, tweets_id) VALUES (100, 50364);
INSERT INTO tweets (id, addressed_id, addressed_tweet_id, addressed_username, date_time, link, link_cover, link_cover_size, link_description, link_title, reply_type, text, users_id, deleted) VALUES (50365, null, null, null, '2026-05-19 16:00:00', null, null, null, null, null, 'EVERYONE', 'Team mình migrate từ REST API sang React vì deadline. Có checklist khuyến nghị? #javascript #typescript #react', 303, false);
INSERT INTO users_tweets (user_id, tweets_id) VALUES (303, 50365);
INSERT INTO tweets (id, addressed_id, addressed_tweet_id, addressed_username, date_time, link, link_cover, link_cover_size, link_description, link_title, reply_type, text, users_id, deleted) VALUES (50366, null, null, null, '2026-06-04 03:00:00', null, null, null, null, null, 'EVERYONE', 'Backend Kubernetes: pagination cursor vs offset — case nào nên dùng? #spring #api #database', 200, false);
INSERT INTO users_tweets (user_id, tweets_id) VALUES (200, 50366);
INSERT INTO tweets (id, addressed_id, addressed_tweet_id, addressed_username, date_time, link, link_cover, link_cover_size, link_description, link_title, reply_type, text, users_id, deleted) VALUES (50367, null, null, null, '2026-06-07 01:00:00', null, null, null, null, null, 'EVERYONE', 'LeetCode daily #202: BFS hay union find? Complexity bao nhiêu là ổn? #dsa #cpp #python', 175, false);
INSERT INTO users_tweets (user_id, tweets_id) VALUES (175, 50367);
INSERT INTO tweets (id, addressed_id, addressed_tweet_id, addressed_username, date_time, link, link_cover, link_cover_size, link_description, link_title, reply_type, text, users_id, deleted) VALUES (50368, null, null, null, '2026-05-29 19:00:00', null, null, null, null, null, 'EVERYONE', 'Alumni 2025 chia sẻ: sau tốt nghiệp học thêm PostgreSQL gì để đi làm nhanh? #career #devops #react', 110, false);
INSERT INTO users_tweets (user_id, tweets_id) VALUES (110, 50368);
INSERT INTO tweets (id, addressed_id, addressed_tweet_id, addressed_username, date_time, link, link_cover, link_cover_size, link_description, link_title, reply_type, text, users_id, deleted) VALUES (50369, null, null, null, '2026-06-07 12:00:00', null, null, null, null, null, 'FOLLOW', 'Build CI pipeline Node.js: lint -> test -> docker build -> deploy staging. #devops #docker #git', 278, false);
INSERT INTO users_tweets (user_id, tweets_id) VALUES (278, 50369);
INSERT INTO tweets (id, addressed_id, addressed_tweet_id, addressed_username, date_time, link, link_cover, link_cover_size, link_description, link_title, reply_type, text, users_id, deleted) VALUES (50370, null, null, null, '2026-05-26 16:00:00', null, null, null, null, null, 'EVERYONE', 'Alumni 2024 chia sẻ: sau tốt nghiệp học thêm PostgreSQL gì để đi làm nhanh? #career #devops #react', 139, false);
INSERT INTO users_tweets (user_id, tweets_id) VALUES (139, 50370);
INSERT INTO tweets (id, addressed_id, addressed_tweet_id, addressed_username, date_time, link, link_cover, link_cover_size, link_description, link_title, reply_type, text, users_id, deleted) VALUES (50371, null, null, null, '2026-06-07 07:00:00', null, null, null, null, null, 'FOLLOW', 'Pair programming hôm nay: fix bug memoization trong service layer FastAPI. Học được nhiều! #spring #api #database', 278, false);
INSERT INTO users_tweets (user_id, tweets_id) VALUES (278, 50371);
INSERT INTO tweets (id, addressed_id, addressed_tweet_id, addressed_username, date_time, link, link_cover, link_cover_size, link_description, link_title, reply_type, text, users_id, deleted) VALUES (50372, null, null, null, '2026-06-02 01:00:00', null, null, null, null, null, 'EVERYONE', 'CLB Lập trình VKU mở đăng ký thành viên mới — focus PostgreSQL và PostgreSQL. #react #java #git', 176, false);
INSERT INTO users_tweets (user_id, tweets_id) VALUES (176, 50372);
INSERT INTO tweets (id, addressed_id, addressed_tweet_id, addressed_username, date_time, link, link_cover, link_cover_size, link_description, link_title, reply_type, text, users_id, deleted) VALUES (50373, null, null, null, '2026-05-26 12:00:00', null, null, null, null, null, 'EVERYONE', 'Roadmap học FastAPI: Git -> Docker -> project nho -> project capstone. #javascript #typescript #react', 352, false);
INSERT INTO users_tweets (user_id, tweets_id) VALUES (352, 50373);
INSERT INTO tweets (id, addressed_id, addressed_tweet_id, addressed_username, date_time, link, link_cover, link_cover_size, link_description, link_title, reply_type, text, users_id, deleted) VALUES (50374, null, null, null, '2026-05-24 20:00:00', null, null, null, null, null, 'EVERYONE', 'Pair programming hôm nay: fix bug CORS trong service layer Java. Học được nhiều! #spring #api #database', 116, false);
INSERT INTO users_tweets (user_id, tweets_id) VALUES (116, 50374);
INSERT INTO tweets (id, addressed_id, addressed_tweet_id, addressed_username, date_time, link, link_cover, link_cover_size, link_description, link_title, reply_type, text, users_id, deleted) VALUES (50375, null, null, null, '2026-05-06 21:00:00', null, null, null, null, null, 'EVERYONE', 'Ai có kinh nghiệm viết API documentation với REST API? Swagger hay Postman? #api #spring #typescript', 139, false);
INSERT INTO users_tweets (user_id, tweets_id) VALUES (139, 50375);
INSERT INTO tweets (id, addressed_id, addressed_tweet_id, addressed_username, date_time, link, link_cover, link_cover_size, link_description, link_title, reply_type, text, users_id, deleted) VALUES (50376, null, null, null, '2026-06-06 18:00:00', null, null, null, null, null, 'EVERYONE', 'Ai có kinh nghiệm viết API documentation với GraphQL? Swagger hay Postman? #api #spring #typescript', 266, false);
INSERT INTO users_tweets (user_id, tweets_id) VALUES (266, 50376);
INSERT INTO tweets (id, addressed_id, addressed_tweet_id, addressed_username, date_time, link, link_cover, link_cover_size, link_description, link_title, reply_type, text, users_id, deleted) VALUES (50377, null, null, null, '2026-06-05 22:00:00', null, null, null, null, null, 'EVERYONE', 'Đồ án môn Phân tích thiết kế sắp nộp — team mình đang kết Redis với Redis. Ai có template không? #react #spring #api', 149, false);
INSERT INTO users_tweets (user_id, tweets_id) VALUES (149, 50377);
INSERT INTO tweets (id, addressed_id, addressed_tweet_id, addressed_username, date_time, link, link_cover, link_cover_size, link_description, link_title, reply_type, text, users_id, deleted) VALUES (50378, null, null, null, '2026-06-05 15:00:00', null, null, null, null, null, 'FOLLOW', 'Pair programming hôm nay: fix bug graceful shutdown trong service layer MySQL. Học được nhiều! #spring #api #database', 281, false);
INSERT INTO users_tweets (user_id, tweets_id) VALUES (281, 50378);
INSERT INTO tweets (id, addressed_id, addressed_tweet_id, addressed_username, date_time, link, link_cover, link_cover_size, link_description, link_title, reply_type, text, users_id, deleted) VALUES (50379, null, null, null, '2026-06-07 02:00:00', null, null, null, null, null, 'EVERYONE', 'Contest competitive programming tối nay — đề từ graph, language TypeScript. #cpp #dsa #python', 294, false);
INSERT INTO users_tweets (user_id, tweets_id) VALUES (294, 50379);
INSERT INTO tweets (id, addressed_id, addressed_tweet_id, addressed_username, date_time, link, link_cover, link_cover_size, link_description, link_title, reply_type, text, users_id, deleted) VALUES (50380, null, null, null, '2026-06-07 04:00:00', null, null, null, null, null, 'EVERYONE', 'Demo sản phẩm đồ án: search full-text trên GraphQL. Mời mọi người feedback! #react #spring #docker', 338, false);
INSERT INTO users_tweets (user_id, tweets_id) VALUES (338, 50380);
INSERT INTO tweets (id, addressed_id, addressed_tweet_id, addressed_username, date_time, link, link_cover, link_cover_size, link_description, link_title, reply_type, text, users_id, deleted) VALUES (50381, null, null, null, '2026-05-10 23:00:00', null, null, null, null, null, 'EVERYONE', 'Lỗi CORS khi deploy Java lên React — log báo 404. Ai từng gặp chưa? #docker #kubernetes #devops', 155, false);
INSERT INTO users_tweets (user_id, tweets_id) VALUES (155, 50381);
INSERT INTO tweets (id, addressed_id, addressed_tweet_id, addressed_username, date_time, link, link_cover, link_cover_size, link_description, link_title, reply_type, text, users_id, deleted) VALUES (50382, null, null, null, '2026-06-07 06:00:00', null, null, null, null, null, 'EVERYONE', 'K8s HPA scale pod Redis khi CPU > 70%. Config file mẫu ai có không? #kubernetes #devops #docker', 217, false);
INSERT INTO users_tweets (user_id, tweets_id) VALUES (217, 50382);
INSERT INTO tweets (id, addressed_id, addressed_tweet_id, addressed_username, date_time, link, link_cover, link_cover_size, link_description, link_title, reply_type, text, users_id, deleted) VALUES (50383, null, null, null, '2026-05-01 14:00:00', null, null, null, null, null, 'FOLLOW', 'Contest competitive programming tối nay — đề từ dynamic programming, language Spring Boot. #cpp #dsa #python', 322, false);
INSERT INTO users_tweets (user_id, tweets_id) VALUES (322, 50383);
INSERT INTO tweets (id, addressed_id, addressed_tweet_id, addressed_username, date_time, link, link_cover, link_cover_size, link_description, link_title, reply_type, text, users_id, deleted) VALUES (50384, null, null, null, '2026-06-07 06:00:00', null, null, null, null, null, 'MENTION', 'Contest competitive programming tối nay — đề từ dynamic programming, language FastAPI. #cpp #dsa #python', 316, false);
INSERT INTO users_tweets (user_id, tweets_id) VALUES (316, 50384);
INSERT INTO tweets (id, addressed_id, addressed_tweet_id, addressed_username, date_time, link, link_cover, link_cover_size, link_description, link_title, reply_type, text, users_id, deleted) VALUES (50385, null, null, null, '2026-04-24 22:00:00', null, null, null, null, null, 'EVERYONE', 'Roadmap học Spring Boot: Git -> React -> project nho -> project capstone. #javascript #typescript #react', 171, false);
INSERT INTO users_tweets (user_id, tweets_id) VALUES (171, 50385);
INSERT INTO tweets (id, addressed_id, addressed_tweet_id, addressed_username, date_time, link, link_cover, link_cover_size, link_description, link_title, reply_type, text, users_id, deleted) VALUES (50386, null, null, null, '2026-06-07 12:00:00', null, null, null, null, null, 'EVERYONE', 'Redis cache session JWT trong PostgreSQL — TTL bao nhiêu hợp lý? #nosql #spring #api', 153, false);
INSERT INTO users_tweets (user_id, tweets_id) VALUES (153, 50386);
INSERT INTO tweets (id, addressed_id, addressed_tweet_id, addressed_username, date_time, link, link_cover, link_cover_size, link_description, link_title, reply_type, text, users_id, deleted) VALUES (50387, null, null, null, '2026-04-24 14:00:00', null, null, null, null, null, 'FOLLOW', 'Thực tập tại FPT: ngày đầu làm quen Node.js và quy trình Agile. #career #git #devops', 345, false);
INSERT INTO users_tweets (user_id, tweets_id) VALUES (345, 50387);
INSERT INTO tweets (id, addressed_id, addressed_tweet_id, addressed_username, date_time, link, link_cover, link_cover_size, link_description, link_title, reply_type, text, users_id, deleted) VALUES (50388, null, null, null, '2026-05-11 06:00:00', null, null, null, null, null, 'EVERYONE', 'Ai có kinh nghiệm viết API documentation với PostgreSQL? Swagger hay Postman? #api #spring #typescript', 231, false);
INSERT INTO users_tweets (user_id, tweets_id) VALUES (231, 50388);
INSERT INTO tweets (id, addressed_id, addressed_tweet_id, addressed_username, date_time, link, link_cover, link_cover_size, link_description, link_title, reply_type, text, users_id, deleted) VALUES (50389, null, null, null, '2026-04-29 08:00:00', null, null, null, null, null, 'EVERYONE', 'Ai có kinh nghiệm viết API documentation với React? Swagger hay Postman? #api #spring #typescript', 105, false);
INSERT INTO users_tweets (user_id, tweets_id) VALUES (105, 50389);
INSERT INTO tweets (id, addressed_id, addressed_tweet_id, addressed_username, date_time, link, link_cover, link_cover_size, link_description, link_title, reply_type, text, users_id, deleted) VALUES (50390, null, null, null, '2026-06-07 08:00:00', null, null, null, null, null, 'EVERYONE', 'Frontend Java: quản lý state global nên dùng Context hay thư viện riêng? #react #typescript #javascript', 152, false);
INSERT INTO users_tweets (user_id, tweets_id) VALUES (152, 50390);
INSERT INTO tweets (id, addressed_id, addressed_tweet_id, addressed_username, date_time, link, link_cover, link_cover_size, link_description, link_title, reply_type, text, users_id, deleted) VALUES (50391, null, null, null, '2026-06-07 06:00:00', null, null, null, null, null, 'FOLLOW', 'Pair programming hôm nay: fix bug JWT trong service layer Spring Boot. Học được nhiều! #spring #api #database', 190, false);
INSERT INTO users_tweets (user_id, tweets_id) VALUES (190, 50391);
INSERT INTO tweets (id, addressed_id, addressed_tweet_id, addressed_username, date_time, link, link_cover, link_cover_size, link_description, link_title, reply_type, text, users_id, deleted) VALUES (50392, null, null, null, '2026-06-07 07:00:00', null, null, null, null, null, 'FOLLOW', 'Security checklist đồ án: hash password, validate input, rate limit Spring Boot. #spring #api #career', 220, false);
INSERT INTO users_tweets (user_id, tweets_id) VALUES (220, 50392);
INSERT INTO tweets (id, addressed_id, addressed_tweet_id, addressed_username, date_time, link, link_cover, link_cover_size, link_description, link_title, reply_type, text, users_id, deleted) VALUES (50393, null, null, null, '2026-06-06 17:00:00', null, null, null, null, null, 'MENTION', 'Thi cuối kỳ JUnit 5 — đề cũ cũ: viết Spring Boot CRUD + auth JWT + unit test. #java #spring #oop', 267, false);
INSERT INTO users_tweets (user_id, tweets_id) VALUES (267, 50393);
INSERT INTO tweets (id, addressed_id, addressed_tweet_id, addressed_username, date_time, link, link_cover, link_cover_size, link_description, link_title, reply_type, text, users_id, deleted) VALUES (50394, null, null, null, '2026-06-06 23:00:00', null, null, null, null, null, 'EVERYONE', 'Tối ưu query Redis — EXPLAIN cho thấy full table scan. Bắt đầu từ index nào? #sql #database #spring', 288, false);
INSERT INTO users_tweets (user_id, tweets_id) VALUES (288, 50394);
INSERT INTO tweets (id, addressed_id, addressed_tweet_id, addressed_username, date_time, link, link_cover, link_cover_size, link_description, link_title, reply_type, text, users_id, deleted) VALUES (50395, null, null, null, '2026-06-05 19:00:00', null, null, null, null, null, 'EVERYONE', 'Team mình migrate từ TypeScript sang Spring Boot vì maintainability. Có checklist khuyến nghị? #javascript #typescript #react', 377, false);
INSERT INTO users_tweets (user_id, tweets_id) VALUES (377, 50395);
INSERT INTO tweets (id, addressed_id, addressed_tweet_id, addressed_username, date_time, link, link_cover, link_cover_size, link_description, link_title, reply_type, text, users_id, deleted) VALUES (50396, null, null, null, '2026-05-18 12:00:00', null, null, null, null, null, 'EVERYONE', 'Alumni 2025 chia sẻ: sau tốt nghiệp học thêm Node.js gì để đi làm nhanh? #career #devops #react', 229, false);
INSERT INTO users_tweets (user_id, tweets_id) VALUES (229, 50396);
INSERT INTO tweets (id, addressed_id, addressed_tweet_id, addressed_username, date_time, link, link_cover, link_cover_size, link_description, link_title, reply_type, text, users_id, deleted) VALUES (50397, null, null, null, '2026-06-02 00:00:00', null, null, null, null, null, 'EVERYONE', 'Security checklist đồ án: hash password, validate input, rate limit React. #spring #api #career', 268, false);
INSERT INTO users_tweets (user_id, tweets_id) VALUES (268, 50397);
INSERT INTO tweets (id, addressed_id, addressed_tweet_id, addressed_username, date_time, link, link_cover, link_cover_size, link_description, link_title, reply_type, text, users_id, deleted) VALUES (50398, null, null, null, '2026-06-07 10:00:00', null, null, null, null, null, 'EVERYONE', 'Demo sản phẩm đồ án: notification push trên Redis. Mời mọi người feedback! #react #spring #docker', 122, false);
INSERT INTO users_tweets (user_id, tweets_id) VALUES (122, 50398);
INSERT INTO tweets (id, addressed_id, addressed_tweet_id, addressed_username, date_time, link, link_cover, link_cover_size, link_description, link_title, reply_type, text, users_id, deleted) VALUES (50399, null, null, null, '2026-06-06 14:00:00', null, null, null, null, null, 'FOLLOW', 'K8s HPA scale pod Docker khi CPU > 70%. Config file mẫu ai có không? #kubernetes #devops #docker', 355, false);
INSERT INTO users_tweets (user_id, tweets_id) VALUES (355, 50399);

-- tweets bo sung cho tag con thieu
INSERT INTO tweets (id, addressed_id, addressed_tweet_id, addressed_username, date_time, link, link_cover, link_cover_size, link_description, link_title, reply_type, text, users_id, deleted) VALUES (50400, null, null, null, '2026-06-06 15:00:00', null, null, null, null, null, 'EVERYONE', 'Checklist unit test cho service Spring Boot trước khi nộp đồ án. #testing #java #spring', 142, false);
INSERT INTO users_tweets (user_id, tweets_id) VALUES (142, 50400);
INSERT INTO tweets (id, addressed_id, addressed_tweet_id, addressed_username, date_time, link, link_cover, link_cover_size, link_description, link_title, reply_type, text, users_id, deleted) VALUES (50401, null, null, null, '2026-05-31 21:00:00', null, null, null, null, null, 'EVERYONE', 'Integration test API với Testcontainers — ai từng dùng chưa? #testing #docker #api', 213, false);
INSERT INTO users_tweets (user_id, tweets_id) VALUES (213, 50401);
INSERT INTO tweets (id, addressed_id, addressed_tweet_id, addressed_username, date_time, link, link_cover, link_cover_size, link_description, link_title, reply_type, text, users_id, deleted) VALUES (50402, null, null, null, '2026-06-05 12:00:00', null, null, null, null, null, 'EVERYONE', 'MockMvc hay RestAssured cho test controller? #testing #spring #api', 130, false);
INSERT INTO users_tweets (user_id, tweets_id) VALUES (130, 50402);
INSERT INTO tweets (id, addressed_id, addressed_tweet_id, addressed_username, date_time, link, link_cover, link_cover_size, link_description, link_title, reply_type, text, users_id, deleted) VALUES (50403, null, null, null, '2026-05-12 06:00:00', null, null, null, null, null, 'EVERYONE', 'Checklist unit test cho service Spring Boot trước khi nộp đồ án. #testing #java #spring', 218, false);
INSERT INTO users_tweets (user_id, tweets_id) VALUES (218, 50403);
INSERT INTO tweets (id, addressed_id, addressed_tweet_id, addressed_username, date_time, link, link_cover, link_cover_size, link_description, link_title, reply_type, text, users_id, deleted) VALUES (50404, null, null, null, '2026-06-07 11:00:00', null, null, null, null, null, 'EVERYONE', 'Integration test API với Testcontainers — ai từng dùng chưa? #testing #docker #api', 357, false);
INSERT INTO users_tweets (user_id, tweets_id) VALUES (357, 50404);
INSERT INTO tweets (id, addressed_id, addressed_tweet_id, addressed_username, date_time, link, link_cover, link_cover_size, link_description, link_title, reply_type, text, users_id, deleted) VALUES (50405, null, null, null, '2026-05-16 14:00:00', null, null, null, null, null, 'EVERYONE', 'Hash password BCrypt và validate JWT — checklist bảo mật đồ án. #security #spring #api', 371, false);
INSERT INTO users_tweets (user_id, tweets_id) VALUES (371, 50405);
INSERT INTO tweets (id, addressed_id, addressed_tweet_id, addressed_username, date_time, link, link_cover, link_cover_size, link_description, link_title, reply_type, text, users_id, deleted) VALUES (50406, null, null, null, '2026-05-04 09:00:00', null, null, null, null, null, 'EVERYONE', 'Chống SQL injection và XSS trong form đăng nhập React. #security #react #sql', 340, false);
INSERT INTO users_tweets (user_id, tweets_id) VALUES (340, 50406);
INSERT INTO tweets (id, addressed_id, addressed_tweet_id, addressed_username, date_time, link, link_cover, link_cover_size, link_description, link_title, reply_type, text, users_id, deleted) VALUES (50407, null, null, null, '2026-06-06 07:00:00', null, null, null, null, null, 'EVERYONE', 'Rate limiting API public trước khi demo với GV. #security #api #devops', 174, false);
INSERT INTO users_tweets (user_id, tweets_id) VALUES (174, 50407);
INSERT INTO tweets (id, addressed_id, addressed_tweet_id, addressed_username, date_time, link, link_cover, link_cover_size, link_description, link_title, reply_type, text, users_id, deleted) VALUES (50408, null, null, null, '2026-04-26 20:00:00', null, null, null, null, null, 'EVERYONE', 'Hash password BCrypt và validate JWT — checklist bảo mật đồ án. #security #spring #api', 305, false);
INSERT INTO users_tweets (user_id, tweets_id) VALUES (305, 50408);
INSERT INTO tweets (id, addressed_id, addressed_tweet_id, addressed_username, date_time, link, link_cover, link_cover_size, link_description, link_title, reply_type, text, users_id, deleted) VALUES (50409, null, null, null, '2026-05-24 10:00:00', null, null, null, null, null, 'EVERYONE', 'Chống SQL injection và XSS trong form đăng nhập React. #security #react #sql', 211, false);
INSERT INTO users_tweets (user_id, tweets_id) VALUES (211, 50409);
INSERT INTO tweets (id, addressed_id, addressed_tweet_id, addressed_username, date_time, link, link_cover, link_cover_size, link_description, link_title, reply_type, text, users_id, deleted) VALUES (50410, null, null, null, '2026-04-23 03:00:00', null, null, null, null, null, 'EVERYONE', 'Deploy Spring Boot lên AWS EC2 — kinh nghiệm cho team đồ án. #cloud #devops #docker', 250, false);
INSERT INTO users_tweets (user_id, tweets_id) VALUES (250, 50410);
INSERT INTO tweets (id, addressed_id, addressed_tweet_id, addressed_username, date_time, link, link_cover, link_cover_size, link_description, link_title, reply_type, text, users_id, deleted) VALUES (50411, null, null, null, '2026-06-07 12:00:00', null, null, null, null, null, 'EVERYONE', 'So sánh chi phí VPS vs cloud free tier cho sinh viên. #cloud #career #api', 152, false);
INSERT INTO users_tweets (user_id, tweets_id) VALUES (152, 50411);
INSERT INTO tweets (id, addressed_id, addressed_tweet_id, addressed_username, date_time, link, link_cover, link_cover_size, link_description, link_title, reply_type, text, users_id, deleted) VALUES (50412, null, null, null, '2026-06-06 01:00:00', null, null, null, null, null, 'EVERYONE', 'Static React host trên S3 + CloudFront có ổn không? #cloud #react #javascript', 156, false);
INSERT INTO users_tweets (user_id, tweets_id) VALUES (156, 50412);
INSERT INTO tweets (id, addressed_id, addressed_tweet_id, addressed_username, date_time, link, link_cover, link_cover_size, link_description, link_title, reply_type, text, users_id, deleted) VALUES (50413, null, null, null, '2026-06-06 00:00:00', null, null, null, null, null, 'EVERYONE', 'Deploy Spring Boot lên AWS EC2 — kinh nghiệm cho team đồ án. #cloud #devops #docker', 203, false);
INSERT INTO users_tweets (user_id, tweets_id) VALUES (203, 50413);
INSERT INTO tweets (id, addressed_id, addressed_tweet_id, addressed_username, date_time, link, link_cover, link_cover_size, link_description, link_title, reply_type, text, users_id, deleted) VALUES (50414, null, null, null, '2026-06-06 23:00:00', null, null, null, null, null, 'EVERYONE', 'So sánh chi phí VPS vs cloud free tier cho sinh viên. #cloud #career #api', 339, false);
INSERT INTO users_tweets (user_id, tweets_id) VALUES (339, 50414);
INSERT INTO tweets (id, addressed_id, addressed_tweet_id, addressed_username, date_time, link, link_cover, link_cover_size, link_description, link_title, reply_type, text, users_id, deleted) VALUES (50415, null, null, null, '2026-06-06 17:00:00', null, null, null, null, null, 'EVERYONE', 'Cấu hình nginx reverse proxy cho React + Spring trên Linux. #linux #devops #api', 143, false);
INSERT INTO users_tweets (user_id, tweets_id) VALUES (143, 50415);
INSERT INTO tweets (id, addressed_id, addressed_tweet_id, addressed_username, date_time, link, link_cover, link_cover_size, link_description, link_title, reply_type, text, users_id, deleted) VALUES (50416, null, null, null, '2026-06-06 03:00:00', null, null, null, null, null, 'EVERYONE', 'Script bash tự deploy jar lên server lab khoa. #linux #git #devops', 185, false);
INSERT INTO users_tweets (user_id, tweets_id) VALUES (185, 50416);
INSERT INTO tweets (id, addressed_id, addressed_tweet_id, addressed_username, date_time, link, link_cover, link_cover_size, link_description, link_title, reply_type, text, users_id, deleted) VALUES (50417, null, null, null, '2026-06-06 02:00:00', null, null, null, null, null, 'EVERYONE', 'Permission denied khi chạy Docker trên Ubuntu — fix thế nào? #linux #docker', 368, false);
INSERT INTO users_tweets (user_id, tweets_id) VALUES (368, 50417);
INSERT INTO tweets (id, addressed_id, addressed_tweet_id, addressed_username, date_time, link, link_cover, link_cover_size, link_description, link_title, reply_type, text, users_id, deleted) VALUES (50418, null, null, null, '2026-06-07 03:00:00', null, null, null, null, null, 'EVERYONE', 'Cấu hình nginx reverse proxy cho React + Spring trên Linux. #linux #devops #api', 247, false);
INSERT INTO users_tweets (user_id, tweets_id) VALUES (247, 50418);
INSERT INTO tweets (id, addressed_id, addressed_tweet_id, addressed_username, date_time, link, link_cover, link_cover_size, link_description, link_title, reply_type, text, users_id, deleted) VALUES (50419, null, null, null, '2026-05-09 06:00:00', null, null, null, null, null, 'EVERYONE', 'Script bash tự deploy jar lên server lab khoa. #linux #git #devops', 303, false);
INSERT INTO users_tweets (user_id, tweets_id) VALUES (303, 50419);
INSERT INTO tweets (id, addressed_id, addressed_tweet_id, addressed_username, date_time, link, link_cover, link_cover_size, link_description, link_title, reply_type, text, users_id, deleted) VALUES (50420, null, null, null, '2026-06-06 19:00:00', null, null, null, null, null, 'EVERYONE', 'GraphQL vs REST cho app mobile đồ án — nên chọn gì? #graphql #api #typescript', 258, false);
INSERT INTO users_tweets (user_id, tweets_id) VALUES (258, 50420);
INSERT INTO tweets (id, addressed_id, addressed_tweet_id, addressed_username, date_time, link, link_cover, link_cover_size, link_description, link_title, reply_type, text, users_id, deleted) VALUES (50421, null, null, null, '2026-05-04 20:00:00', null, null, null, null, null, 'EVERYONE', 'Schema GraphQL cho social app mini — ai có mẫu? #graphql #react #api', 249, false);
INSERT INTO users_tweets (user_id, tweets_id) VALUES (249, 50421);
INSERT INTO tweets (id, addressed_id, addressed_tweet_id, addressed_username, date_time, link, link_cover, link_cover_size, link_description, link_title, reply_type, text, users_id, deleted) VALUES (50422, null, null, null, '2026-06-07 12:00:00', null, null, null, null, null, 'EVERYONE', 'Apollo Client kết nối Spring GraphQL — tips? #graphql #spring #javascript', 329, false);
INSERT INTO users_tweets (user_id, tweets_id) VALUES (329, 50422);
INSERT INTO tweets (id, addressed_id, addressed_tweet_id, addressed_username, date_time, link, link_cover, link_cover_size, link_description, link_title, reply_type, text, users_id, deleted) VALUES (50423, null, null, null, '2026-05-22 09:00:00', null, null, null, null, null, 'EVERYONE', 'GraphQL vs REST cho app mobile đồ án — nên chọn gì? #graphql #api #typescript', 235, false);
INSERT INTO users_tweets (user_id, tweets_id) VALUES (235, 50423);
INSERT INTO tweets (id, addressed_id, addressed_tweet_id, addressed_username, date_time, link, link_cover, link_cover_size, link_description, link_title, reply_type, text, users_id, deleted) VALUES (50424, null, null, null, '2026-04-30 04:00:00', null, null, null, null, null, 'EVERYONE', 'Schema GraphQL cho social app mini — ai có mẫu? #graphql #react #api', 127, false);
INSERT INTO users_tweets (user_id, tweets_id) VALUES (127, 50424);
INSERT INTO tweets (id, addressed_id, addressed_tweet_id, addressed_username, date_time, link, link_cover, link_cover_size, link_description, link_title, reply_type, text, users_id, deleted) VALUES (50425, null, null, null, '2026-06-07 12:00:00', null, null, null, null, null, 'EVERYONE', 'Sprint 2 tuần cho đồ án — chia user story sao cho hợp lý? #agile #career #devops', 230, false);
INSERT INTO users_tweets (user_id, tweets_id) VALUES (230, 50425);
INSERT INTO tweets (id, addressed_id, addressed_tweet_id, addressed_username, date_time, link, link_cover, link_cover_size, link_description, link_title, reply_type, text, users_id, deleted) VALUES (50426, null, null, null, '2026-06-05 15:00:00', null, null, null, null, null, 'EVERYONE', 'Daily standup online: format ngắn gọn cho team 4 người. #agile #git #career', 249, false);
INSERT INTO users_tweets (user_id, tweets_id) VALUES (249, 50426);
INSERT INTO tweets (id, addressed_id, addressed_tweet_id, addressed_username, date_time, link, link_cover, link_cover_size, link_description, link_title, reply_type, text, users_id, deleted) VALUES (50427, null, null, null, '2026-06-07 00:00:00', null, null, null, null, null, 'EVERYONE', 'Retrospective cuối sprint — học được gì về teamwork? #agile #oop #api', 315, false);
INSERT INTO users_tweets (user_id, tweets_id) VALUES (315, 50427);
INSERT INTO tweets (id, addressed_id, addressed_tweet_id, addressed_username, date_time, link, link_cover, link_cover_size, link_description, link_title, reply_type, text, users_id, deleted) VALUES (50428, null, null, null, '2026-05-18 21:00:00', null, null, null, null, null, 'EVERYONE', 'Sprint 2 tuần cho đồ án — chia user story sao cho hợp lý? #agile #career #devops', 220, false);
INSERT INTO users_tweets (user_id, tweets_id) VALUES (220, 50428);
INSERT INTO tweets (id, addressed_id, addressed_tweet_id, addressed_username, date_time, link, link_cover, link_cover_size, link_description, link_title, reply_type, text, users_id, deleted) VALUES (50429, null, null, null, '2026-06-06 17:00:00', null, null, null, null, null, 'EVERYONE', 'Daily standup online: format ngắn gọn cho team 4 người. #agile #git #career', 213, false);
INSERT INTO users_tweets (user_id, tweets_id) VALUES (213, 50429);
INSERT INTO tweets (id, addressed_id, addressed_tweet_id, addressed_username, date_time, link, link_cover, link_cover_size, link_description, link_title, reply_type, text, users_id, deleted) VALUES (50430, null, null, null, '2026-04-28 03:00:00', null, null, null, null, null, 'EVERYONE', 'Vừa nhận offer intern backend Java — tips phỏng vấn cho ae D24. #internship #career #java', 285, false);
INSERT INTO users_tweets (user_id, tweets_id) VALUES (285, 50430);
INSERT INTO tweets (id, addressed_id, addressed_tweet_id, addressed_username, date_time, link, link_cover, link_cover_size, link_description, link_title, reply_type, text, users_id, deleted) VALUES (50431, null, null, null, '2026-06-07 08:00:00', null, null, null, null, null, 'EVERYONE', 'CV intern nên highlight project GitHub nào? #internship #career #react', 101, false);
INSERT INTO users_tweets (user_id, tweets_id) VALUES (101, 50431);
INSERT INTO tweets (id, addressed_id, addressed_tweet_id, addressed_username, date_time, link, link_cover, link_cover_size, link_description, link_title, reply_type, text, users_id, deleted) VALUES (50432, null, null, null, '2026-05-21 07:00:00', null, null, null, null, null, 'EVERYONE', 'Thực tập remote: quản lý thời gian thế nào? #internship #career #agile', 352, false);
INSERT INTO users_tweets (user_id, tweets_id) VALUES (352, 50432);
INSERT INTO tweets (id, addressed_id, addressed_tweet_id, addressed_username, date_time, link, link_cover, link_cover_size, link_description, link_title, reply_type, text, users_id, deleted) VALUES (50433, null, null, null, '2026-05-26 07:00:00', null, null, null, null, null, 'EVERYONE', 'Vừa nhận offer intern backend Java — tips phỏng vấn cho ae D24. #internship #career #java', 269, false);
INSERT INTO users_tweets (user_id, tweets_id) VALUES (269, 50433);
INSERT INTO tweets (id, addressed_id, addressed_tweet_id, addressed_username, date_time, link, link_cover, link_cover_size, link_description, link_title, reply_type, text, users_id, deleted) VALUES (50434, null, null, null, '2026-05-27 12:00:00', null, null, null, null, null, 'EVERYONE', 'CV intern nên highlight project GitHub nào? #internship #career #react', 278, false);
INSERT INTO users_tweets (user_id, tweets_id) VALUES (278, 50434);
INSERT INTO tweets (id, addressed_id, addressed_tweet_id, addressed_username, date_time, link, link_cover, link_cover_size, link_description, link_title, reply_type, text, users_id, deleted) VALUES (50435, null, null, null, '2026-06-04 07:00:00', null, null, null, null, null, 'EVERYONE', 'Hackathon VKU 48h — stack đề xuất Spring + React + Docker. #hackathon #devops #react', 350, false);
INSERT INTO users_tweets (user_id, tweets_id) VALUES (350, 50435);
INSERT INTO tweets (id, addressed_id, addressed_tweet_id, addressed_username, date_time, link, link_cover, link_cover_size, link_description, link_title, reply_type, text, users_id, deleted) VALUES (50436, null, null, null, '2026-05-25 15:00:00', null, null, null, null, null, 'EVERYONE', 'Pitch deck 5 phút cho ban giám khảo hackathon — gợi ý? #hackathon #career #ai', 243, false);
INSERT INTO users_tweets (user_id, tweets_id) VALUES (243, 50436);
INSERT INTO tweets (id, addressed_id, addressed_tweet_id, addressed_username, date_time, link, link_cover, link_cover_size, link_description, link_title, reply_type, text, users_id, deleted) VALUES (50437, null, null, null, '2026-05-05 18:00:00', null, null, null, null, null, 'EVERYONE', 'Team 3 người chia role frontend/backend/devops thế nào? #hackathon #agile #git', 104, false);
INSERT INTO users_tweets (user_id, tweets_id) VALUES (104, 50437);
INSERT INTO tweets (id, addressed_id, addressed_tweet_id, addressed_username, date_time, link, link_cover, link_cover_size, link_description, link_title, reply_type, text, users_id, deleted) VALUES (50438, null, null, null, '2026-05-20 21:00:00', null, null, null, null, null, 'EVERYONE', 'Hackathon VKU 48h — stack đề xuất Spring + React + Docker. #hackathon #devops #react', 100, false);
INSERT INTO users_tweets (user_id, tweets_id) VALUES (100, 50438);
INSERT INTO tweets (id, addressed_id, addressed_tweet_id, addressed_username, date_time, link, link_cover, link_cover_size, link_description, link_title, reply_type, text, users_id, deleted) VALUES (50439, null, null, null, '2026-06-07 12:00:00', null, null, null, null, null, 'EVERYONE', 'Pitch deck 5 phút cho ban giám khảo hackathon — gợi ý? #hackathon #career #ai', 156, false);
INSERT INTO users_tweets (user_id, tweets_id) VALUES (156, 50439);
INSERT INTO tweets (id, addressed_id, addressed_tweet_id, addressed_username, date_time, link, link_cover, link_cover_size, link_description, link_title, reply_type, text, users_id, deleted) VALUES (50440, null, null, null, '2026-05-02 20:00:00', null, null, null, null, null, 'EVERYONE', 'Refactor method dài 200 dòng — áp SOLID thế nào? #cleancode #oop #java', 256, false);
INSERT INTO users_tweets (user_id, tweets_id) VALUES (256, 50440);
INSERT INTO tweets (id, addressed_id, addressed_tweet_id, addressed_username, date_time, link, link_cover, link_cover_size, link_description, link_title, reply_type, text, users_id, deleted) VALUES (50441, null, null, null, '2026-05-30 09:00:00', null, null, null, null, null, 'EVERYONE', 'Naming convention cho package Spring Boot trong đồ án. #cleancode #spring #git', 193, false);
INSERT INTO users_tweets (user_id, tweets_id) VALUES (193, 50441);
INSERT INTO tweets (id, addressed_id, addressed_tweet_id, addressed_username, date_time, link, link_cover, link_cover_size, link_description, link_title, reply_type, text, users_id, deleted) VALUES (50442, null, null, null, '2026-05-14 22:00:00', null, null, null, null, null, 'EVERYONE', 'Code review nhẹ nhàng giữa các SV cùng lớp. #cleancode #agile #api', 263, false);
INSERT INTO users_tweets (user_id, tweets_id) VALUES (263, 50442);
INSERT INTO tweets (id, addressed_id, addressed_tweet_id, addressed_username, date_time, link, link_cover, link_cover_size, link_description, link_title, reply_type, text, users_id, deleted) VALUES (50443, null, null, null, '2026-05-02 04:00:00', null, null, null, null, null, 'EVERYONE', 'Refactor method dài 200 dòng — áp SOLID thế nào? #cleancode #oop #java', 359, false);
INSERT INTO users_tweets (user_id, tweets_id) VALUES (359, 50443);
INSERT INTO tweets (id, addressed_id, addressed_tweet_id, addressed_username, date_time, link, link_cover, link_cover_size, link_description, link_title, reply_type, text, users_id, deleted) VALUES (50444, null, null, null, '2026-06-06 01:00:00', null, null, null, null, null, 'EVERYONE', 'Naming convention cho package Spring Boot trong đồ án. #cleancode #spring #git', 357, false);
INSERT INTO users_tweets (user_id, tweets_id) VALUES (357, 50444);
INSERT INTO tweets (id, addressed_id, addressed_tweet_id, addressed_username, date_time, link, link_cover, link_cover_size, link_description, link_title, reply_type, text, users_id, deleted) VALUES (50445, null, null, null, '2026-05-16 14:00:00', null, null, null, null, null, 'EVERYONE', 'Tách monolith Spring thành 2 microservice — khi nào nên làm? #microservices #spring #api', 106, false);
INSERT INTO users_tweets (user_id, tweets_id) VALUES (106, 50445);
INSERT INTO tweets (id, addressed_id, addressed_tweet_id, addressed_username, date_time, link, link_cover, link_cover_size, link_description, link_title, reply_type, text, users_id, deleted) VALUES (50446, null, null, null, '2026-04-23 17:00:00', null, null, null, null, null, 'EVERYONE', 'Service discovery với Eureka cho demo đồ án. #microservices #java #docker', 278, false);
INSERT INTO users_tweets (user_id, tweets_id) VALUES (278, 50446);
INSERT INTO tweets (id, addressed_id, addressed_tweet_id, addressed_username, date_time, link, link_cover, link_cover_size, link_description, link_title, reply_type, text, users_id, deleted) VALUES (50447, null, null, null, '2026-06-07 07:00:00', null, null, null, null, null, 'EVERYONE', 'API Gateway trước các service nhỏ — pattern nào đơn giản? #microservices #kubernetes #api', 355, false);
INSERT INTO users_tweets (user_id, tweets_id) VALUES (355, 50447);
INSERT INTO tweets (id, addressed_id, addressed_tweet_id, addressed_username, date_time, link, link_cover, link_cover_size, link_description, link_title, reply_type, text, users_id, deleted) VALUES (50448, null, null, null, '2026-06-04 08:00:00', null, null, null, null, null, 'EVERYONE', 'Tách monolith Spring thành 2 microservice — khi nào nên làm? #microservices #spring #api', 373, false);
INSERT INTO users_tweets (user_id, tweets_id) VALUES (373, 50448);
INSERT INTO tweets (id, addressed_id, addressed_tweet_id, addressed_username, date_time, link, link_cover, link_cover_size, link_description, link_title, reply_type, text, users_id, deleted) VALUES (50449, null, null, null, '2026-04-24 08:00:00', null, null, null, null, null, 'EVERYONE', 'Service discovery với Eureka cho demo đồ án. #microservices #java #docker', 318, false);
INSERT INTO users_tweets (user_id, tweets_id) VALUES (318, 50449);

-- tweets_tags
INSERT INTO tweets_tags (tags_id, tweets_id) VALUES (122, 50000);
INSERT INTO tweets_tags (tags_id, tweets_id) VALUES (134, 50000);
INSERT INTO tweets_tags (tags_id, tweets_id) VALUES (135, 50000);
INSERT INTO tweets_tags (tags_id, tweets_id) VALUES (127, 50001);
INSERT INTO tweets_tags (tags_id, tweets_id) VALUES (140, 50001);
INSERT INTO tweets_tags (tags_id, tweets_id) VALUES (125, 50001);
INSERT INTO tweets_tags (tags_id, tweets_id) VALUES (132, 50002);
INSERT INTO tweets_tags (tags_id, tweets_id) VALUES (133, 50002);
INSERT INTO tweets_tags (tags_id, tweets_id) VALUES (126, 50002);
INSERT INTO tweets_tags (tags_id, tweets_id) VALUES (122, 50003);
INSERT INTO tweets_tags (tags_id, tweets_id) VALUES (135, 50003);
INSERT INTO tweets_tags (tags_id, tweets_id) VALUES (127, 50003);
INSERT INTO tweets_tags (tags_id, tweets_id) VALUES (124, 50004);
INSERT INTO tweets_tags (tags_id, tweets_id) VALUES (128, 50004);
INSERT INTO tweets_tags (tags_id, tweets_id) VALUES (129, 50004);
INSERT INTO tweets_tags (tags_id, tweets_id) VALUES (131, 50005);
INSERT INTO tweets_tags (tags_id, tweets_id) VALUES (123, 50005);
INSERT INTO tweets_tags (tags_id, tweets_id) VALUES (134, 50005);
INSERT INTO tweets_tags (tags_id, tweets_id) VALUES (122, 50006);
INSERT INTO tweets_tags (tags_id, tweets_id) VALUES (135, 50006);
INSERT INTO tweets_tags (tags_id, tweets_id) VALUES (126, 50006);
INSERT INTO tweets_tags (tags_id, tweets_id) VALUES (140, 50007);
INSERT INTO tweets_tags (tags_id, tweets_id) VALUES (125, 50007);
INSERT INTO tweets_tags (tags_id, tweets_id) VALUES (135, 50007);
INSERT INTO tweets_tags (tags_id, tweets_id) VALUES (139, 50008);
INSERT INTO tweets_tags (tags_id, tweets_id) VALUES (122, 50008);
INSERT INTO tweets_tags (tags_id, tweets_id) VALUES (135, 50008);
INSERT INTO tweets_tags (tags_id, tweets_id) VALUES (128, 50009);
INSERT INTO tweets_tags (tags_id, tweets_id) VALUES (124, 50009);
INSERT INTO tweets_tags (tags_id, tweets_id) VALUES (129, 50009);
INSERT INTO tweets_tags (tags_id, tweets_id) VALUES (121, 50010);
INSERT INTO tweets_tags (tags_id, tweets_id) VALUES (122, 50010);
INSERT INTO tweets_tags (tags_id, tweets_id) VALUES (134, 50010);
INSERT INTO tweets_tags (tags_id, tweets_id) VALUES (140, 50011);
INSERT INTO tweets_tags (tags_id, tweets_id) VALUES (125, 50011);
INSERT INTO tweets_tags (tags_id, tweets_id) VALUES (135, 50011);
INSERT INTO tweets_tags (tags_id, tweets_id) VALUES (121, 50012);
INSERT INTO tweets_tags (tags_id, tweets_id) VALUES (122, 50012);
INSERT INTO tweets_tags (tags_id, tweets_id) VALUES (134, 50012);
INSERT INTO tweets_tags (tags_id, tweets_id) VALUES (121, 50013);
INSERT INTO tweets_tags (tags_id, tweets_id) VALUES (122, 50013);
INSERT INTO tweets_tags (tags_id, tweets_id) VALUES (134, 50013);
INSERT INTO tweets_tags (tags_id, tweets_id) VALUES (122, 50014);
INSERT INTO tweets_tags (tags_id, tweets_id) VALUES (135, 50014);
INSERT INTO tweets_tags (tags_id, tweets_id) VALUES (126, 50014);
INSERT INTO tweets_tags (tags_id, tweets_id) VALUES (136, 50015);
INSERT INTO tweets_tags (tags_id, tweets_id) VALUES (137, 50015);
INSERT INTO tweets_tags (tags_id, tweets_id) VALUES (125, 50015);
INSERT INTO tweets_tags (tags_id, tweets_id) VALUES (121, 50016);
INSERT INTO tweets_tags (tags_id, tweets_id) VALUES (126, 50016);
INSERT INTO tweets_tags (tags_id, tweets_id) VALUES (138, 50016);
INSERT INTO tweets_tags (tags_id, tweets_id) VALUES (121, 50017);
INSERT INTO tweets_tags (tags_id, tweets_id) VALUES (122, 50017);
INSERT INTO tweets_tags (tags_id, tweets_id) VALUES (134, 50017);
INSERT INTO tweets_tags (tags_id, tweets_id) VALUES (123, 50018);
INSERT INTO tweets_tags (tags_id, tweets_id) VALUES (122, 50018);
INSERT INTO tweets_tags (tags_id, tweets_id) VALUES (136, 50018);
INSERT INTO tweets_tags (tags_id, tweets_id) VALUES (124, 50019);
INSERT INTO tweets_tags (tags_id, tweets_id) VALUES (128, 50019);
INSERT INTO tweets_tags (tags_id, tweets_id) VALUES (129, 50019);
INSERT INTO tweets_tags (tags_id, tweets_id) VALUES (123, 50020);
INSERT INTO tweets_tags (tags_id, tweets_id) VALUES (122, 50020);
INSERT INTO tweets_tags (tags_id, tweets_id) VALUES (136, 50020);
INSERT INTO tweets_tags (tags_id, tweets_id) VALUES (123, 50021);
INSERT INTO tweets_tags (tags_id, tweets_id) VALUES (122, 50021);
INSERT INTO tweets_tags (tags_id, tweets_id) VALUES (136, 50021);
INSERT INTO tweets_tags (tags_id, tweets_id) VALUES (131, 50022);
INSERT INTO tweets_tags (tags_id, tweets_id) VALUES (123, 50022);
INSERT INTO tweets_tags (tags_id, tweets_id) VALUES (134, 50022);
INSERT INTO tweets_tags (tags_id, tweets_id) VALUES (122, 50023);
INSERT INTO tweets_tags (tags_id, tweets_id) VALUES (135, 50023);
INSERT INTO tweets_tags (tags_id, tweets_id) VALUES (126, 50023);
INSERT INTO tweets_tags (tags_id, tweets_id) VALUES (138, 50024);
INSERT INTO tweets_tags (tags_id, tweets_id) VALUES (126, 50024);
INSERT INTO tweets_tags (tags_id, tweets_id) VALUES (122, 50024);
INSERT INTO tweets_tags (tags_id, tweets_id) VALUES (123, 50025);
INSERT INTO tweets_tags (tags_id, tweets_id) VALUES (122, 50025);
INSERT INTO tweets_tags (tags_id, tweets_id) VALUES (136, 50025);
INSERT INTO tweets_tags (tags_id, tweets_id) VALUES (131, 50026);
INSERT INTO tweets_tags (tags_id, tweets_id) VALUES (123, 50026);
INSERT INTO tweets_tags (tags_id, tweets_id) VALUES (134, 50026);
INSERT INTO tweets_tags (tags_id, tweets_id) VALUES (130, 50027);
INSERT INTO tweets_tags (tags_id, tweets_id) VALUES (131, 50027);
INSERT INTO tweets_tags (tags_id, tweets_id) VALUES (123, 50027);
INSERT INTO tweets_tags (tags_id, tweets_id) VALUES (127, 50028);
INSERT INTO tweets_tags (tags_id, tweets_id) VALUES (121, 50028);
INSERT INTO tweets_tags (tags_id, tweets_id) VALUES (129, 50028);
INSERT INTO tweets_tags (tags_id, tweets_id) VALUES (121, 50029);
INSERT INTO tweets_tags (tags_id, tweets_id) VALUES (122, 50029);
INSERT INTO tweets_tags (tags_id, tweets_id) VALUES (134, 50029);
INSERT INTO tweets_tags (tags_id, tweets_id) VALUES (121, 50030);
INSERT INTO tweets_tags (tags_id, tweets_id) VALUES (122, 50030);
INSERT INTO tweets_tags (tags_id, tweets_id) VALUES (134, 50030);
INSERT INTO tweets_tags (tags_id, tweets_id) VALUES (130, 50031);
INSERT INTO tweets_tags (tags_id, tweets_id) VALUES (131, 50031);
INSERT INTO tweets_tags (tags_id, tweets_id) VALUES (123, 50031);
INSERT INTO tweets_tags (tags_id, tweets_id) VALUES (121, 50032);
INSERT INTO tweets_tags (tags_id, tweets_id) VALUES (132, 50032);
INSERT INTO tweets_tags (tags_id, tweets_id) VALUES (126, 50032);
INSERT INTO tweets_tags (tags_id, tweets_id) VALUES (135, 50033);
INSERT INTO tweets_tags (tags_id, tweets_id) VALUES (122, 50033);
INSERT INTO tweets_tags (tags_id, tweets_id) VALUES (137, 50033);
INSERT INTO tweets_tags (tags_id, tweets_id) VALUES (123, 50034);
INSERT INTO tweets_tags (tags_id, tweets_id) VALUES (132, 50034);
INSERT INTO tweets_tags (tags_id, tweets_id) VALUES (125, 50034);
INSERT INTO tweets_tags (tags_id, tweets_id) VALUES (139, 50035);
INSERT INTO tweets_tags (tags_id, tweets_id) VALUES (122, 50035);
INSERT INTO tweets_tags (tags_id, tweets_id) VALUES (135, 50035);
INSERT INTO tweets_tags (tags_id, tweets_id) VALUES (122, 50036);
INSERT INTO tweets_tags (tags_id, tweets_id) VALUES (135, 50036);
INSERT INTO tweets_tags (tags_id, tweets_id) VALUES (127, 50036);
INSERT INTO tweets_tags (tags_id, tweets_id) VALUES (138, 50037);
INSERT INTO tweets_tags (tags_id, tweets_id) VALUES (126, 50037);
INSERT INTO tweets_tags (tags_id, tweets_id) VALUES (122, 50037);
INSERT INTO tweets_tags (tags_id, tweets_id) VALUES (138, 50038);
INSERT INTO tweets_tags (tags_id, tweets_id) VALUES (126, 50038);
INSERT INTO tweets_tags (tags_id, tweets_id) VALUES (122, 50038);
INSERT INTO tweets_tags (tags_id, tweets_id) VALUES (130, 50039);
INSERT INTO tweets_tags (tags_id, tweets_id) VALUES (131, 50039);
INSERT INTO tweets_tags (tags_id, tweets_id) VALUES (123, 50039);
INSERT INTO tweets_tags (tags_id, tweets_id) VALUES (122, 50040);
INSERT INTO tweets_tags (tags_id, tweets_id) VALUES (135, 50040);
INSERT INTO tweets_tags (tags_id, tweets_id) VALUES (126, 50040);
INSERT INTO tweets_tags (tags_id, tweets_id) VALUES (123, 50041);
INSERT INTO tweets_tags (tags_id, tweets_id) VALUES (122, 50041);
INSERT INTO tweets_tags (tags_id, tweets_id) VALUES (136, 50041);
INSERT INTO tweets_tags (tags_id, tweets_id) VALUES (123, 50042);
INSERT INTO tweets_tags (tags_id, tweets_id) VALUES (122, 50042);
INSERT INTO tweets_tags (tags_id, tweets_id) VALUES (135, 50042);
INSERT INTO tweets_tags (tags_id, tweets_id) VALUES (139, 50043);
INSERT INTO tweets_tags (tags_id, tweets_id) VALUES (122, 50043);
INSERT INTO tweets_tags (tags_id, tweets_id) VALUES (135, 50043);
INSERT INTO tweets_tags (tags_id, tweets_id) VALUES (129, 50044);
INSERT INTO tweets_tags (tags_id, tweets_id) VALUES (132, 50044);
INSERT INTO tweets_tags (tags_id, tweets_id) VALUES (133, 50044);
INSERT INTO tweets_tags (tags_id, tweets_id) VALUES (131, 50045);
INSERT INTO tweets_tags (tags_id, tweets_id) VALUES (123, 50045);
INSERT INTO tweets_tags (tags_id, tweets_id) VALUES (134, 50045);
INSERT INTO tweets_tags (tags_id, tweets_id) VALUES (125, 50046);
INSERT INTO tweets_tags (tags_id, tweets_id) VALUES (136, 50046);
INSERT INTO tweets_tags (tags_id, tweets_id) VALUES (140, 50046);
INSERT INTO tweets_tags (tags_id, tweets_id) VALUES (121, 50047);
INSERT INTO tweets_tags (tags_id, tweets_id) VALUES (134, 50047);
INSERT INTO tweets_tags (tags_id, tweets_id) VALUES (126, 50047);
INSERT INTO tweets_tags (tags_id, tweets_id) VALUES (127, 50048);
INSERT INTO tweets_tags (tags_id, tweets_id) VALUES (125, 50048);
INSERT INTO tweets_tags (tags_id, tweets_id) VALUES (123, 50048);
INSERT INTO tweets_tags (tags_id, tweets_id) VALUES (139, 50049);
INSERT INTO tweets_tags (tags_id, tweets_id) VALUES (122, 50049);
INSERT INTO tweets_tags (tags_id, tweets_id) VALUES (135, 50049);
INSERT INTO tweets_tags (tags_id, tweets_id) VALUES (123, 50050);
INSERT INTO tweets_tags (tags_id, tweets_id) VALUES (131, 50050);
INSERT INTO tweets_tags (tags_id, tweets_id) VALUES (130, 50050);
INSERT INTO tweets_tags (tags_id, tweets_id) VALUES (121, 50051);
INSERT INTO tweets_tags (tags_id, tweets_id) VALUES (126, 50051);
INSERT INTO tweets_tags (tags_id, tweets_id) VALUES (138, 50051);
INSERT INTO tweets_tags (tags_id, tweets_id) VALUES (135, 50052);
INSERT INTO tweets_tags (tags_id, tweets_id) VALUES (122, 50052);
INSERT INTO tweets_tags (tags_id, tweets_id) VALUES (131, 50052);
INSERT INTO tweets_tags (tags_id, tweets_id) VALUES (121, 50053);
INSERT INTO tweets_tags (tags_id, tweets_id) VALUES (122, 50053);
INSERT INTO tweets_tags (tags_id, tweets_id) VALUES (134, 50053);
INSERT INTO tweets_tags (tags_id, tweets_id) VALUES (140, 50054);
INSERT INTO tweets_tags (tags_id, tweets_id) VALUES (134, 50054);
INSERT INTO tweets_tags (tags_id, tweets_id) VALUES (131, 50054);
INSERT INTO tweets_tags (tags_id, tweets_id) VALUES (121, 50055);
INSERT INTO tweets_tags (tags_id, tweets_id) VALUES (134, 50055);
INSERT INTO tweets_tags (tags_id, tweets_id) VALUES (126, 50055);
INSERT INTO tweets_tags (tags_id, tweets_id) VALUES (121, 50056);
INSERT INTO tweets_tags (tags_id, tweets_id) VALUES (126, 50056);
INSERT INTO tweets_tags (tags_id, tweets_id) VALUES (138, 50056);
INSERT INTO tweets_tags (tags_id, tweets_id) VALUES (124, 50057);
INSERT INTO tweets_tags (tags_id, tweets_id) VALUES (128, 50057);
INSERT INTO tweets_tags (tags_id, tweets_id) VALUES (129, 50057);
INSERT INTO tweets_tags (tags_id, tweets_id) VALUES (126, 50058);
INSERT INTO tweets_tags (tags_id, tweets_id) VALUES (138, 50058);
INSERT INTO tweets_tags (tags_id, tweets_id) VALUES (125, 50058);
INSERT INTO tweets_tags (tags_id, tweets_id) VALUES (138, 50059);
INSERT INTO tweets_tags (tags_id, tweets_id) VALUES (126, 50059);
INSERT INTO tweets_tags (tags_id, tweets_id) VALUES (122, 50059);
INSERT INTO tweets_tags (tags_id, tweets_id) VALUES (132, 50060);
INSERT INTO tweets_tags (tags_id, tweets_id) VALUES (133, 50060);
INSERT INTO tweets_tags (tags_id, tweets_id) VALUES (126, 50060);
INSERT INTO tweets_tags (tags_id, tweets_id) VALUES (137, 50061);
INSERT INTO tweets_tags (tags_id, tweets_id) VALUES (125, 50061);
INSERT INTO tweets_tags (tags_id, tweets_id) VALUES (136, 50061);
INSERT INTO tweets_tags (tags_id, tweets_id) VALUES (122, 50062);
INSERT INTO tweets_tags (tags_id, tweets_id) VALUES (134, 50062);
INSERT INTO tweets_tags (tags_id, tweets_id) VALUES (135, 50062);
INSERT INTO tweets_tags (tags_id, tweets_id) VALUES (136, 50063);
INSERT INTO tweets_tags (tags_id, tweets_id) VALUES (137, 50063);
INSERT INTO tweets_tags (tags_id, tweets_id) VALUES (125, 50063);
INSERT INTO tweets_tags (tags_id, tweets_id) VALUES (130, 50064);
INSERT INTO tweets_tags (tags_id, tweets_id) VALUES (131, 50064);
INSERT INTO tweets_tags (tags_id, tweets_id) VALUES (123, 50064);
INSERT INTO tweets_tags (tags_id, tweets_id) VALUES (121, 50065);
INSERT INTO tweets_tags (tags_id, tweets_id) VALUES (122, 50065);
INSERT INTO tweets_tags (tags_id, tweets_id) VALUES (134, 50065);
INSERT INTO tweets_tags (tags_id, tweets_id) VALUES (123, 50066);
INSERT INTO tweets_tags (tags_id, tweets_id) VALUES (122, 50066);
INSERT INTO tweets_tags (tags_id, tweets_id) VALUES (136, 50066);
INSERT INTO tweets_tags (tags_id, tweets_id) VALUES (123, 50067);
INSERT INTO tweets_tags (tags_id, tweets_id) VALUES (132, 50067);
INSERT INTO tweets_tags (tags_id, tweets_id) VALUES (125, 50067);
INSERT INTO tweets_tags (tags_id, tweets_id) VALUES (128, 50068);
INSERT INTO tweets_tags (tags_id, tweets_id) VALUES (124, 50068);
INSERT INTO tweets_tags (tags_id, tweets_id) VALUES (129, 50068);
INSERT INTO tweets_tags (tags_id, tweets_id) VALUES (123, 50069);
INSERT INTO tweets_tags (tags_id, tweets_id) VALUES (122, 50069);
INSERT INTO tweets_tags (tags_id, tweets_id) VALUES (136, 50069);
INSERT INTO tweets_tags (tags_id, tweets_id) VALUES (122, 50070);
INSERT INTO tweets_tags (tags_id, tweets_id) VALUES (135, 50070);
INSERT INTO tweets_tags (tags_id, tweets_id) VALUES (126, 50070);
INSERT INTO tweets_tags (tags_id, tweets_id) VALUES (127, 50071);
INSERT INTO tweets_tags (tags_id, tweets_id) VALUES (121, 50071);
INSERT INTO tweets_tags (tags_id, tweets_id) VALUES (123, 50071);
INSERT INTO tweets_tags (tags_id, tweets_id) VALUES (123, 50072);
INSERT INTO tweets_tags (tags_id, tweets_id) VALUES (131, 50072);
INSERT INTO tweets_tags (tags_id, tweets_id) VALUES (130, 50072);
INSERT INTO tweets_tags (tags_id, tweets_id) VALUES (124, 50073);
INSERT INTO tweets_tags (tags_id, tweets_id) VALUES (128, 50073);
INSERT INTO tweets_tags (tags_id, tweets_id) VALUES (129, 50073);
INSERT INTO tweets_tags (tags_id, tweets_id) VALUES (132, 50074);
INSERT INTO tweets_tags (tags_id, tweets_id) VALUES (133, 50074);
INSERT INTO tweets_tags (tags_id, tweets_id) VALUES (129, 50074);
INSERT INTO tweets_tags (tags_id, tweets_id) VALUES (122, 50075);
INSERT INTO tweets_tags (tags_id, tweets_id) VALUES (135, 50075);
INSERT INTO tweets_tags (tags_id, tweets_id) VALUES (126, 50075);
INSERT INTO tweets_tags (tags_id, tweets_id) VALUES (122, 50076);
INSERT INTO tweets_tags (tags_id, tweets_id) VALUES (135, 50076);
INSERT INTO tweets_tags (tags_id, tweets_id) VALUES (126, 50076);
INSERT INTO tweets_tags (tags_id, tweets_id) VALUES (123, 50077);
INSERT INTO tweets_tags (tags_id, tweets_id) VALUES (122, 50077);
INSERT INTO tweets_tags (tags_id, tweets_id) VALUES (136, 50077);
INSERT INTO tweets_tags (tags_id, tweets_id) VALUES (138, 50078);
INSERT INTO tweets_tags (tags_id, tweets_id) VALUES (126, 50078);
INSERT INTO tweets_tags (tags_id, tweets_id) VALUES (122, 50078);
INSERT INTO tweets_tags (tags_id, tweets_id) VALUES (136, 50079);
INSERT INTO tweets_tags (tags_id, tweets_id) VALUES (137, 50079);
INSERT INTO tweets_tags (tags_id, tweets_id) VALUES (125, 50079);
INSERT INTO tweets_tags (tags_id, tweets_id) VALUES (135, 50080);
INSERT INTO tweets_tags (tags_id, tweets_id) VALUES (122, 50080);
INSERT INTO tweets_tags (tags_id, tweets_id) VALUES (131, 50080);
INSERT INTO tweets_tags (tags_id, tweets_id) VALUES (122, 50081);
INSERT INTO tweets_tags (tags_id, tweets_id) VALUES (135, 50081);
INSERT INTO tweets_tags (tags_id, tweets_id) VALUES (127, 50081);
INSERT INTO tweets_tags (tags_id, tweets_id) VALUES (130, 50082);
INSERT INTO tweets_tags (tags_id, tweets_id) VALUES (131, 50082);
INSERT INTO tweets_tags (tags_id, tweets_id) VALUES (123, 50082);
INSERT INTO tweets_tags (tags_id, tweets_id) VALUES (140, 50083);
INSERT INTO tweets_tags (tags_id, tweets_id) VALUES (125, 50083);
INSERT INTO tweets_tags (tags_id, tweets_id) VALUES (135, 50083);
INSERT INTO tweets_tags (tags_id, tweets_id) VALUES (121, 50084);
INSERT INTO tweets_tags (tags_id, tweets_id) VALUES (126, 50084);
INSERT INTO tweets_tags (tags_id, tweets_id) VALUES (138, 50084);
INSERT INTO tweets_tags (tags_id, tweets_id) VALUES (140, 50085);
INSERT INTO tweets_tags (tags_id, tweets_id) VALUES (134, 50085);
INSERT INTO tweets_tags (tags_id, tweets_id) VALUES (131, 50085);
INSERT INTO tweets_tags (tags_id, tweets_id) VALUES (132, 50086);
INSERT INTO tweets_tags (tags_id, tweets_id) VALUES (133, 50086);
INSERT INTO tweets_tags (tags_id, tweets_id) VALUES (126, 50086);
INSERT INTO tweets_tags (tags_id, tweets_id) VALUES (131, 50087);
INSERT INTO tweets_tags (tags_id, tweets_id) VALUES (123, 50087);
INSERT INTO tweets_tags (tags_id, tweets_id) VALUES (134, 50087);
INSERT INTO tweets_tags (tags_id, tweets_id) VALUES (137, 50088);
INSERT INTO tweets_tags (tags_id, tweets_id) VALUES (125, 50088);
INSERT INTO tweets_tags (tags_id, tweets_id) VALUES (136, 50088);
INSERT INTO tweets_tags (tags_id, tweets_id) VALUES (131, 50089);
INSERT INTO tweets_tags (tags_id, tweets_id) VALUES (123, 50089);
INSERT INTO tweets_tags (tags_id, tweets_id) VALUES (134, 50089);
INSERT INTO tweets_tags (tags_id, tweets_id) VALUES (128, 50090);
INSERT INTO tweets_tags (tags_id, tweets_id) VALUES (124, 50090);
INSERT INTO tweets_tags (tags_id, tweets_id) VALUES (129, 50090);
INSERT INTO tweets_tags (tags_id, tweets_id) VALUES (122, 50091);
INSERT INTO tweets_tags (tags_id, tweets_id) VALUES (134, 50091);
INSERT INTO tweets_tags (tags_id, tweets_id) VALUES (135, 50091);
INSERT INTO tweets_tags (tags_id, tweets_id) VALUES (123, 50092);
INSERT INTO tweets_tags (tags_id, tweets_id) VALUES (121, 50092);
INSERT INTO tweets_tags (tags_id, tweets_id) VALUES (140, 50092);
INSERT INTO tweets_tags (tags_id, tweets_id) VALUES (135, 50093);
INSERT INTO tweets_tags (tags_id, tweets_id) VALUES (122, 50093);
INSERT INTO tweets_tags (tags_id, tweets_id) VALUES (137, 50093);
INSERT INTO tweets_tags (tags_id, tweets_id) VALUES (128, 50094);
INSERT INTO tweets_tags (tags_id, tweets_id) VALUES (124, 50094);
INSERT INTO tweets_tags (tags_id, tweets_id) VALUES (129, 50094);
INSERT INTO tweets_tags (tags_id, tweets_id) VALUES (121, 50095);
INSERT INTO tweets_tags (tags_id, tweets_id) VALUES (122, 50095);
INSERT INTO tweets_tags (tags_id, tweets_id) VALUES (134, 50095);
INSERT INTO tweets_tags (tags_id, tweets_id) VALUES (121, 50096);
INSERT INTO tweets_tags (tags_id, tweets_id) VALUES (126, 50096);
INSERT INTO tweets_tags (tags_id, tweets_id) VALUES (138, 50096);
INSERT INTO tweets_tags (tags_id, tweets_id) VALUES (138, 50097);
INSERT INTO tweets_tags (tags_id, tweets_id) VALUES (126, 50097);
INSERT INTO tweets_tags (tags_id, tweets_id) VALUES (122, 50097);
INSERT INTO tweets_tags (tags_id, tweets_id) VALUES (138, 50098);
INSERT INTO tweets_tags (tags_id, tweets_id) VALUES (139, 50098);
INSERT INTO tweets_tags (tags_id, tweets_id) VALUES (126, 50098);
INSERT INTO tweets_tags (tags_id, tweets_id) VALUES (130, 50099);
INSERT INTO tweets_tags (tags_id, tweets_id) VALUES (131, 50099);
INSERT INTO tweets_tags (tags_id, tweets_id) VALUES (123, 50099);
INSERT INTO tweets_tags (tags_id, tweets_id) VALUES (130, 50100);
INSERT INTO tweets_tags (tags_id, tweets_id) VALUES (131, 50100);
INSERT INTO tweets_tags (tags_id, tweets_id) VALUES (123, 50100);
INSERT INTO tweets_tags (tags_id, tweets_id) VALUES (130, 50101);
INSERT INTO tweets_tags (tags_id, tweets_id) VALUES (131, 50101);
INSERT INTO tweets_tags (tags_id, tweets_id) VALUES (123, 50101);
INSERT INTO tweets_tags (tags_id, tweets_id) VALUES (121, 50102);
INSERT INTO tweets_tags (tags_id, tweets_id) VALUES (126, 50102);
INSERT INTO tweets_tags (tags_id, tweets_id) VALUES (138, 50102);
INSERT INTO tweets_tags (tags_id, tweets_id) VALUES (127, 50103);
INSERT INTO tweets_tags (tags_id, tweets_id) VALUES (121, 50103);
INSERT INTO tweets_tags (tags_id, tweets_id) VALUES (129, 50103);
INSERT INTO tweets_tags (tags_id, tweets_id) VALUES (122, 50104);
INSERT INTO tweets_tags (tags_id, tweets_id) VALUES (135, 50104);
INSERT INTO tweets_tags (tags_id, tweets_id) VALUES (127, 50104);
INSERT INTO tweets_tags (tags_id, tweets_id) VALUES (140, 50105);
INSERT INTO tweets_tags (tags_id, tweets_id) VALUES (125, 50105);
INSERT INTO tweets_tags (tags_id, tweets_id) VALUES (135, 50105);
INSERT INTO tweets_tags (tags_id, tweets_id) VALUES (131, 50106);
INSERT INTO tweets_tags (tags_id, tweets_id) VALUES (123, 50106);
INSERT INTO tweets_tags (tags_id, tweets_id) VALUES (134, 50106);
INSERT INTO tweets_tags (tags_id, tweets_id) VALUES (136, 50107);
INSERT INTO tweets_tags (tags_id, tweets_id) VALUES (137, 50107);
INSERT INTO tweets_tags (tags_id, tweets_id) VALUES (125, 50107);
INSERT INTO tweets_tags (tags_id, tweets_id) VALUES (130, 50108);
INSERT INTO tweets_tags (tags_id, tweets_id) VALUES (131, 50108);
INSERT INTO tweets_tags (tags_id, tweets_id) VALUES (123, 50108);
INSERT INTO tweets_tags (tags_id, tweets_id) VALUES (127, 50109);
INSERT INTO tweets_tags (tags_id, tweets_id) VALUES (125, 50109);
INSERT INTO tweets_tags (tags_id, tweets_id) VALUES (123, 50109);
INSERT INTO tweets_tags (tags_id, tweets_id) VALUES (138, 50110);
INSERT INTO tweets_tags (tags_id, tweets_id) VALUES (139, 50110);
INSERT INTO tweets_tags (tags_id, tweets_id) VALUES (126, 50110);
INSERT INTO tweets_tags (tags_id, tweets_id) VALUES (128, 50111);
INSERT INTO tweets_tags (tags_id, tweets_id) VALUES (124, 50111);
INSERT INTO tweets_tags (tags_id, tweets_id) VALUES (129, 50111);
INSERT INTO tweets_tags (tags_id, tweets_id) VALUES (123, 50112);
INSERT INTO tweets_tags (tags_id, tweets_id) VALUES (121, 50112);
INSERT INTO tweets_tags (tags_id, tweets_id) VALUES (140, 50112);
INSERT INTO tweets_tags (tags_id, tweets_id) VALUES (123, 50113);
INSERT INTO tweets_tags (tags_id, tweets_id) VALUES (131, 50113);
INSERT INTO tweets_tags (tags_id, tweets_id) VALUES (130, 50113);
INSERT INTO tweets_tags (tags_id, tweets_id) VALUES (132, 50114);
INSERT INTO tweets_tags (tags_id, tweets_id) VALUES (133, 50114);
INSERT INTO tweets_tags (tags_id, tweets_id) VALUES (129, 50114);
INSERT INTO tweets_tags (tags_id, tweets_id) VALUES (128, 50115);
INSERT INTO tweets_tags (tags_id, tweets_id) VALUES (124, 50115);
INSERT INTO tweets_tags (tags_id, tweets_id) VALUES (129, 50115);
INSERT INTO tweets_tags (tags_id, tweets_id) VALUES (123, 50116);
INSERT INTO tweets_tags (tags_id, tweets_id) VALUES (132, 50116);
INSERT INTO tweets_tags (tags_id, tweets_id) VALUES (125, 50116);
INSERT INTO tweets_tags (tags_id, tweets_id) VALUES (127, 50117);
INSERT INTO tweets_tags (tags_id, tweets_id) VALUES (140, 50117);
INSERT INTO tweets_tags (tags_id, tweets_id) VALUES (125, 50117);
INSERT INTO tweets_tags (tags_id, tweets_id) VALUES (124, 50118);
INSERT INTO tweets_tags (tags_id, tweets_id) VALUES (128, 50118);
INSERT INTO tweets_tags (tags_id, tweets_id) VALUES (129, 50118);
INSERT INTO tweets_tags (tags_id, tweets_id) VALUES (127, 50119);
INSERT INTO tweets_tags (tags_id, tweets_id) VALUES (125, 50119);
INSERT INTO tweets_tags (tags_id, tweets_id) VALUES (123, 50119);
INSERT INTO tweets_tags (tags_id, tweets_id) VALUES (122, 50120);
INSERT INTO tweets_tags (tags_id, tweets_id) VALUES (135, 50120);
INSERT INTO tweets_tags (tags_id, tweets_id) VALUES (127, 50120);
INSERT INTO tweets_tags (tags_id, tweets_id) VALUES (135, 50121);
INSERT INTO tweets_tags (tags_id, tweets_id) VALUES (122, 50121);
INSERT INTO tweets_tags (tags_id, tweets_id) VALUES (137, 50121);
INSERT INTO tweets_tags (tags_id, tweets_id) VALUES (132, 50122);
INSERT INTO tweets_tags (tags_id, tweets_id) VALUES (133, 50122);
INSERT INTO tweets_tags (tags_id, tweets_id) VALUES (129, 50122);
INSERT INTO tweets_tags (tags_id, tweets_id) VALUES (135, 50123);
INSERT INTO tweets_tags (tags_id, tweets_id) VALUES (122, 50123);
INSERT INTO tweets_tags (tags_id, tweets_id) VALUES (131, 50123);
INSERT INTO tweets_tags (tags_id, tweets_id) VALUES (127, 50124);
INSERT INTO tweets_tags (tags_id, tweets_id) VALUES (140, 50124);
INSERT INTO tweets_tags (tags_id, tweets_id) VALUES (125, 50124);
INSERT INTO tweets_tags (tags_id, tweets_id) VALUES (127, 50125);
INSERT INTO tweets_tags (tags_id, tweets_id) VALUES (121, 50125);
INSERT INTO tweets_tags (tags_id, tweets_id) VALUES (129, 50125);
INSERT INTO tweets_tags (tags_id, tweets_id) VALUES (121, 50126);
INSERT INTO tweets_tags (tags_id, tweets_id) VALUES (122, 50126);
INSERT INTO tweets_tags (tags_id, tweets_id) VALUES (134, 50126);
INSERT INTO tweets_tags (tags_id, tweets_id) VALUES (125, 50127);
INSERT INTO tweets_tags (tags_id, tweets_id) VALUES (136, 50127);
INSERT INTO tweets_tags (tags_id, tweets_id) VALUES (140, 50127);
INSERT INTO tweets_tags (tags_id, tweets_id) VALUES (138, 50128);
INSERT INTO tweets_tags (tags_id, tweets_id) VALUES (126, 50128);
INSERT INTO tweets_tags (tags_id, tweets_id) VALUES (122, 50128);
INSERT INTO tweets_tags (tags_id, tweets_id) VALUES (139, 50129);
INSERT INTO tweets_tags (tags_id, tweets_id) VALUES (122, 50129);
INSERT INTO tweets_tags (tags_id, tweets_id) VALUES (135, 50129);
INSERT INTO tweets_tags (tags_id, tweets_id) VALUES (122, 50130);
INSERT INTO tweets_tags (tags_id, tweets_id) VALUES (135, 50130);
INSERT INTO tweets_tags (tags_id, tweets_id) VALUES (127, 50130);
INSERT INTO tweets_tags (tags_id, tweets_id) VALUES (123, 50131);
INSERT INTO tweets_tags (tags_id, tweets_id) VALUES (131, 50131);
INSERT INTO tweets_tags (tags_id, tweets_id) VALUES (130, 50131);
INSERT INTO tweets_tags (tags_id, tweets_id) VALUES (132, 50132);
INSERT INTO tweets_tags (tags_id, tweets_id) VALUES (133, 50132);
INSERT INTO tweets_tags (tags_id, tweets_id) VALUES (129, 50132);
INSERT INTO tweets_tags (tags_id, tweets_id) VALUES (136, 50133);
INSERT INTO tweets_tags (tags_id, tweets_id) VALUES (137, 50133);
INSERT INTO tweets_tags (tags_id, tweets_id) VALUES (125, 50133);
INSERT INTO tweets_tags (tags_id, tweets_id) VALUES (127, 50134);
INSERT INTO tweets_tags (tags_id, tweets_id) VALUES (121, 50134);
INSERT INTO tweets_tags (tags_id, tweets_id) VALUES (129, 50134);
INSERT INTO tweets_tags (tags_id, tweets_id) VALUES (121, 50135);
INSERT INTO tweets_tags (tags_id, tweets_id) VALUES (126, 50135);
INSERT INTO tweets_tags (tags_id, tweets_id) VALUES (138, 50135);
INSERT INTO tweets_tags (tags_id, tweets_id) VALUES (123, 50136);
INSERT INTO tweets_tags (tags_id, tweets_id) VALUES (122, 50136);
INSERT INTO tweets_tags (tags_id, tweets_id) VALUES (136, 50136);
INSERT INTO tweets_tags (tags_id, tweets_id) VALUES (122, 50137);
INSERT INTO tweets_tags (tags_id, tweets_id) VALUES (135, 50137);
INSERT INTO tweets_tags (tags_id, tweets_id) VALUES (127, 50137);
INSERT INTO tweets_tags (tags_id, tweets_id) VALUES (137, 50138);
INSERT INTO tweets_tags (tags_id, tweets_id) VALUES (125, 50138);
INSERT INTO tweets_tags (tags_id, tweets_id) VALUES (136, 50138);
INSERT INTO tweets_tags (tags_id, tweets_id) VALUES (123, 50139);
INSERT INTO tweets_tags (tags_id, tweets_id) VALUES (121, 50139);
INSERT INTO tweets_tags (tags_id, tweets_id) VALUES (140, 50139);
INSERT INTO tweets_tags (tags_id, tweets_id) VALUES (123, 50140);
INSERT INTO tweets_tags (tags_id, tweets_id) VALUES (122, 50140);
INSERT INTO tweets_tags (tags_id, tweets_id) VALUES (136, 50140);
INSERT INTO tweets_tags (tags_id, tweets_id) VALUES (123, 50141);
INSERT INTO tweets_tags (tags_id, tweets_id) VALUES (122, 50141);
INSERT INTO tweets_tags (tags_id, tweets_id) VALUES (136, 50141);
INSERT INTO tweets_tags (tags_id, tweets_id) VALUES (136, 50142);
INSERT INTO tweets_tags (tags_id, tweets_id) VALUES (137, 50142);
INSERT INTO tweets_tags (tags_id, tweets_id) VALUES (125, 50142);
INSERT INTO tweets_tags (tags_id, tweets_id) VALUES (125, 50143);
INSERT INTO tweets_tags (tags_id, tweets_id) VALUES (136, 50143);
INSERT INTO tweets_tags (tags_id, tweets_id) VALUES (140, 50143);
INSERT INTO tweets_tags (tags_id, tweets_id) VALUES (128, 50144);
INSERT INTO tweets_tags (tags_id, tweets_id) VALUES (124, 50144);
INSERT INTO tweets_tags (tags_id, tweets_id) VALUES (129, 50144);
INSERT INTO tweets_tags (tags_id, tweets_id) VALUES (138, 50145);
INSERT INTO tweets_tags (tags_id, tweets_id) VALUES (139, 50145);
INSERT INTO tweets_tags (tags_id, tweets_id) VALUES (126, 50145);
INSERT INTO tweets_tags (tags_id, tweets_id) VALUES (140, 50146);
INSERT INTO tweets_tags (tags_id, tweets_id) VALUES (134, 50146);
INSERT INTO tweets_tags (tags_id, tweets_id) VALUES (131, 50146);
INSERT INTO tweets_tags (tags_id, tweets_id) VALUES (130, 50147);
INSERT INTO tweets_tags (tags_id, tweets_id) VALUES (131, 50147);
INSERT INTO tweets_tags (tags_id, tweets_id) VALUES (123, 50147);
INSERT INTO tweets_tags (tags_id, tweets_id) VALUES (121, 50148);
INSERT INTO tweets_tags (tags_id, tweets_id) VALUES (122, 50148);
INSERT INTO tweets_tags (tags_id, tweets_id) VALUES (134, 50148);
INSERT INTO tweets_tags (tags_id, tweets_id) VALUES (140, 50149);
INSERT INTO tweets_tags (tags_id, tweets_id) VALUES (134, 50149);
INSERT INTO tweets_tags (tags_id, tweets_id) VALUES (131, 50149);
INSERT INTO tweets_tags (tags_id, tweets_id) VALUES (135, 50150);
INSERT INTO tweets_tags (tags_id, tweets_id) VALUES (122, 50150);
INSERT INTO tweets_tags (tags_id, tweets_id) VALUES (131, 50150);
INSERT INTO tweets_tags (tags_id, tweets_id) VALUES (123, 50151);
INSERT INTO tweets_tags (tags_id, tweets_id) VALUES (122, 50151);
INSERT INTO tweets_tags (tags_id, tweets_id) VALUES (136, 50151);
INSERT INTO tweets_tags (tags_id, tweets_id) VALUES (122, 50152);
INSERT INTO tweets_tags (tags_id, tweets_id) VALUES (135, 50152);
INSERT INTO tweets_tags (tags_id, tweets_id) VALUES (126, 50152);
INSERT INTO tweets_tags (tags_id, tweets_id) VALUES (123, 50153);
INSERT INTO tweets_tags (tags_id, tweets_id) VALUES (132, 50153);
INSERT INTO tweets_tags (tags_id, tweets_id) VALUES (125, 50153);
INSERT INTO tweets_tags (tags_id, tweets_id) VALUES (137, 50154);
INSERT INTO tweets_tags (tags_id, tweets_id) VALUES (125, 50154);
INSERT INTO tweets_tags (tags_id, tweets_id) VALUES (136, 50154);
INSERT INTO tweets_tags (tags_id, tweets_id) VALUES (123, 50155);
INSERT INTO tweets_tags (tags_id, tweets_id) VALUES (131, 50155);
INSERT INTO tweets_tags (tags_id, tweets_id) VALUES (130, 50155);
INSERT INTO tweets_tags (tags_id, tweets_id) VALUES (138, 50156);
INSERT INTO tweets_tags (tags_id, tweets_id) VALUES (126, 50156);
INSERT INTO tweets_tags (tags_id, tweets_id) VALUES (122, 50156);
INSERT INTO tweets_tags (tags_id, tweets_id) VALUES (139, 50157);
INSERT INTO tweets_tags (tags_id, tweets_id) VALUES (122, 50157);
INSERT INTO tweets_tags (tags_id, tweets_id) VALUES (135, 50157);
INSERT INTO tweets_tags (tags_id, tweets_id) VALUES (123, 50158);
INSERT INTO tweets_tags (tags_id, tweets_id) VALUES (122, 50158);
INSERT INTO tweets_tags (tags_id, tweets_id) VALUES (136, 50158);
INSERT INTO tweets_tags (tags_id, tweets_id) VALUES (127, 50159);
INSERT INTO tweets_tags (tags_id, tweets_id) VALUES (121, 50159);
INSERT INTO tweets_tags (tags_id, tweets_id) VALUES (123, 50159);
INSERT INTO tweets_tags (tags_id, tweets_id) VALUES (122, 50160);
INSERT INTO tweets_tags (tags_id, tweets_id) VALUES (135, 50160);
INSERT INTO tweets_tags (tags_id, tweets_id) VALUES (126, 50160);
INSERT INTO tweets_tags (tags_id, tweets_id) VALUES (122, 50161);
INSERT INTO tweets_tags (tags_id, tweets_id) VALUES (135, 50161);
INSERT INTO tweets_tags (tags_id, tweets_id) VALUES (127, 50161);
INSERT INTO tweets_tags (tags_id, tweets_id) VALUES (121, 50162);
INSERT INTO tweets_tags (tags_id, tweets_id) VALUES (132, 50162);
INSERT INTO tweets_tags (tags_id, tweets_id) VALUES (126, 50162);
INSERT INTO tweets_tags (tags_id, tweets_id) VALUES (123, 50163);
INSERT INTO tweets_tags (tags_id, tweets_id) VALUES (132, 50163);
INSERT INTO tweets_tags (tags_id, tweets_id) VALUES (125, 50163);
INSERT INTO tweets_tags (tags_id, tweets_id) VALUES (129, 50164);
INSERT INTO tweets_tags (tags_id, tweets_id) VALUES (132, 50164);
INSERT INTO tweets_tags (tags_id, tweets_id) VALUES (133, 50164);
INSERT INTO tweets_tags (tags_id, tweets_id) VALUES (132, 50165);
INSERT INTO tweets_tags (tags_id, tweets_id) VALUES (133, 50165);
INSERT INTO tweets_tags (tags_id, tweets_id) VALUES (126, 50165);
INSERT INTO tweets_tags (tags_id, tweets_id) VALUES (122, 50166);
INSERT INTO tweets_tags (tags_id, tweets_id) VALUES (134, 50166);
INSERT INTO tweets_tags (tags_id, tweets_id) VALUES (135, 50166);
INSERT INTO tweets_tags (tags_id, tweets_id) VALUES (122, 50167);
INSERT INTO tweets_tags (tags_id, tweets_id) VALUES (134, 50167);
INSERT INTO tweets_tags (tags_id, tweets_id) VALUES (135, 50167);
INSERT INTO tweets_tags (tags_id, tweets_id) VALUES (127, 50168);
INSERT INTO tweets_tags (tags_id, tweets_id) VALUES (121, 50168);
INSERT INTO tweets_tags (tags_id, tweets_id) VALUES (129, 50168);
INSERT INTO tweets_tags (tags_id, tweets_id) VALUES (135, 50169);
INSERT INTO tweets_tags (tags_id, tweets_id) VALUES (122, 50169);
INSERT INTO tweets_tags (tags_id, tweets_id) VALUES (131, 50169);
INSERT INTO tweets_tags (tags_id, tweets_id) VALUES (127, 50170);
INSERT INTO tweets_tags (tags_id, tweets_id) VALUES (140, 50170);
INSERT INTO tweets_tags (tags_id, tweets_id) VALUES (125, 50170);
INSERT INTO tweets_tags (tags_id, tweets_id) VALUES (130, 50171);
INSERT INTO tweets_tags (tags_id, tweets_id) VALUES (131, 50171);
INSERT INTO tweets_tags (tags_id, tweets_id) VALUES (123, 50171);
INSERT INTO tweets_tags (tags_id, tweets_id) VALUES (127, 50172);
INSERT INTO tweets_tags (tags_id, tweets_id) VALUES (125, 50172);
INSERT INTO tweets_tags (tags_id, tweets_id) VALUES (123, 50172);
INSERT INTO tweets_tags (tags_id, tweets_id) VALUES (140, 50173);
INSERT INTO tweets_tags (tags_id, tweets_id) VALUES (134, 50173);
INSERT INTO tweets_tags (tags_id, tweets_id) VALUES (131, 50173);
INSERT INTO tweets_tags (tags_id, tweets_id) VALUES (140, 50174);
INSERT INTO tweets_tags (tags_id, tweets_id) VALUES (134, 50174);
INSERT INTO tweets_tags (tags_id, tweets_id) VALUES (131, 50174);
INSERT INTO tweets_tags (tags_id, tweets_id) VALUES (130, 50175);
INSERT INTO tweets_tags (tags_id, tweets_id) VALUES (131, 50175);
INSERT INTO tweets_tags (tags_id, tweets_id) VALUES (123, 50175);
INSERT INTO tweets_tags (tags_id, tweets_id) VALUES (130, 50176);
INSERT INTO tweets_tags (tags_id, tweets_id) VALUES (131, 50176);
INSERT INTO tweets_tags (tags_id, tweets_id) VALUES (123, 50176);
INSERT INTO tweets_tags (tags_id, tweets_id) VALUES (140, 50177);
INSERT INTO tweets_tags (tags_id, tweets_id) VALUES (125, 50177);
INSERT INTO tweets_tags (tags_id, tweets_id) VALUES (135, 50177);
INSERT INTO tweets_tags (tags_id, tweets_id) VALUES (130, 50178);
INSERT INTO tweets_tags (tags_id, tweets_id) VALUES (131, 50178);
INSERT INTO tweets_tags (tags_id, tweets_id) VALUES (123, 50178);
INSERT INTO tweets_tags (tags_id, tweets_id) VALUES (121, 50179);
INSERT INTO tweets_tags (tags_id, tweets_id) VALUES (122, 50179);
INSERT INTO tweets_tags (tags_id, tweets_id) VALUES (134, 50179);
INSERT INTO tweets_tags (tags_id, tweets_id) VALUES (127, 50180);
INSERT INTO tweets_tags (tags_id, tweets_id) VALUES (121, 50180);
INSERT INTO tweets_tags (tags_id, tweets_id) VALUES (123, 50180);
INSERT INTO tweets_tags (tags_id, tweets_id) VALUES (122, 50181);
INSERT INTO tweets_tags (tags_id, tweets_id) VALUES (135, 50181);
INSERT INTO tweets_tags (tags_id, tweets_id) VALUES (126, 50181);
INSERT INTO tweets_tags (tags_id, tweets_id) VALUES (130, 50182);
INSERT INTO tweets_tags (tags_id, tweets_id) VALUES (131, 50182);
INSERT INTO tweets_tags (tags_id, tweets_id) VALUES (123, 50182);
INSERT INTO tweets_tags (tags_id, tweets_id) VALUES (138, 50183);
INSERT INTO tweets_tags (tags_id, tweets_id) VALUES (126, 50183);
INSERT INTO tweets_tags (tags_id, tweets_id) VALUES (122, 50183);
INSERT INTO tweets_tags (tags_id, tweets_id) VALUES (122, 50184);
INSERT INTO tweets_tags (tags_id, tweets_id) VALUES (134, 50184);
INSERT INTO tweets_tags (tags_id, tweets_id) VALUES (135, 50184);
INSERT INTO tweets_tags (tags_id, tweets_id) VALUES (123, 50185);
INSERT INTO tweets_tags (tags_id, tweets_id) VALUES (121, 50185);
INSERT INTO tweets_tags (tags_id, tweets_id) VALUES (140, 50185);
INSERT INTO tweets_tags (tags_id, tweets_id) VALUES (130, 50186);
INSERT INTO tweets_tags (tags_id, tweets_id) VALUES (131, 50186);
INSERT INTO tweets_tags (tags_id, tweets_id) VALUES (123, 50186);
INSERT INTO tweets_tags (tags_id, tweets_id) VALUES (130, 50187);
INSERT INTO tweets_tags (tags_id, tweets_id) VALUES (131, 50187);
INSERT INTO tweets_tags (tags_id, tweets_id) VALUES (123, 50187);
INSERT INTO tweets_tags (tags_id, tweets_id) VALUES (122, 50188);
INSERT INTO tweets_tags (tags_id, tweets_id) VALUES (135, 50188);
INSERT INTO tweets_tags (tags_id, tweets_id) VALUES (127, 50188);
INSERT INTO tweets_tags (tags_id, tweets_id) VALUES (135, 50189);
INSERT INTO tweets_tags (tags_id, tweets_id) VALUES (122, 50189);
INSERT INTO tweets_tags (tags_id, tweets_id) VALUES (131, 50189);
INSERT INTO tweets_tags (tags_id, tweets_id) VALUES (132, 50190);
INSERT INTO tweets_tags (tags_id, tweets_id) VALUES (133, 50190);
INSERT INTO tweets_tags (tags_id, tweets_id) VALUES (126, 50190);
INSERT INTO tweets_tags (tags_id, tweets_id) VALUES (135, 50191);
INSERT INTO tweets_tags (tags_id, tweets_id) VALUES (122, 50191);
INSERT INTO tweets_tags (tags_id, tweets_id) VALUES (137, 50191);
INSERT INTO tweets_tags (tags_id, tweets_id) VALUES (123, 50192);
INSERT INTO tweets_tags (tags_id, tweets_id) VALUES (131, 50192);
INSERT INTO tweets_tags (tags_id, tweets_id) VALUES (130, 50192);
INSERT INTO tweets_tags (tags_id, tweets_id) VALUES (126, 50193);
INSERT INTO tweets_tags (tags_id, tweets_id) VALUES (138, 50193);
INSERT INTO tweets_tags (tags_id, tweets_id) VALUES (125, 50193);
INSERT INTO tweets_tags (tags_id, tweets_id) VALUES (139, 50194);
INSERT INTO tweets_tags (tags_id, tweets_id) VALUES (122, 50194);
INSERT INTO tweets_tags (tags_id, tweets_id) VALUES (135, 50194);
INSERT INTO tweets_tags (tags_id, tweets_id) VALUES (131, 50195);
INSERT INTO tweets_tags (tags_id, tweets_id) VALUES (123, 50195);
INSERT INTO tweets_tags (tags_id, tweets_id) VALUES (134, 50195);
INSERT INTO tweets_tags (tags_id, tweets_id) VALUES (131, 50196);
INSERT INTO tweets_tags (tags_id, tweets_id) VALUES (123, 50196);
INSERT INTO tweets_tags (tags_id, tweets_id) VALUES (134, 50196);
INSERT INTO tweets_tags (tags_id, tweets_id) VALUES (138, 50197);
INSERT INTO tweets_tags (tags_id, tweets_id) VALUES (126, 50197);
INSERT INTO tweets_tags (tags_id, tweets_id) VALUES (122, 50197);
INSERT INTO tweets_tags (tags_id, tweets_id) VALUES (121, 50198);
INSERT INTO tweets_tags (tags_id, tweets_id) VALUES (122, 50198);
INSERT INTO tweets_tags (tags_id, tweets_id) VALUES (134, 50198);
INSERT INTO tweets_tags (tags_id, tweets_id) VALUES (136, 50199);
INSERT INTO tweets_tags (tags_id, tweets_id) VALUES (137, 50199);
INSERT INTO tweets_tags (tags_id, tweets_id) VALUES (125, 50199);
INSERT INTO tweets_tags (tags_id, tweets_id) VALUES (135, 50200);
INSERT INTO tweets_tags (tags_id, tweets_id) VALUES (122, 50200);
INSERT INTO tweets_tags (tags_id, tweets_id) VALUES (137, 50200);
INSERT INTO tweets_tags (tags_id, tweets_id) VALUES (130, 50201);
INSERT INTO tweets_tags (tags_id, tweets_id) VALUES (131, 50201);
INSERT INTO tweets_tags (tags_id, tweets_id) VALUES (123, 50201);
INSERT INTO tweets_tags (tags_id, tweets_id) VALUES (122, 50202);
INSERT INTO tweets_tags (tags_id, tweets_id) VALUES (135, 50202);
INSERT INTO tweets_tags (tags_id, tweets_id) VALUES (126, 50202);
INSERT INTO tweets_tags (tags_id, tweets_id) VALUES (128, 50203);
INSERT INTO tweets_tags (tags_id, tweets_id) VALUES (124, 50203);
INSERT INTO tweets_tags (tags_id, tweets_id) VALUES (129, 50203);
INSERT INTO tweets_tags (tags_id, tweets_id) VALUES (138, 50204);
INSERT INTO tweets_tags (tags_id, tweets_id) VALUES (126, 50204);
INSERT INTO tweets_tags (tags_id, tweets_id) VALUES (122, 50204);
INSERT INTO tweets_tags (tags_id, tweets_id) VALUES (125, 50205);
INSERT INTO tweets_tags (tags_id, tweets_id) VALUES (136, 50205);
INSERT INTO tweets_tags (tags_id, tweets_id) VALUES (140, 50205);
INSERT INTO tweets_tags (tags_id, tweets_id) VALUES (132, 50206);
INSERT INTO tweets_tags (tags_id, tweets_id) VALUES (133, 50206);
INSERT INTO tweets_tags (tags_id, tweets_id) VALUES (129, 50206);
INSERT INTO tweets_tags (tags_id, tweets_id) VALUES (140, 50207);
INSERT INTO tweets_tags (tags_id, tweets_id) VALUES (125, 50207);
INSERT INTO tweets_tags (tags_id, tweets_id) VALUES (135, 50207);
INSERT INTO tweets_tags (tags_id, tweets_id) VALUES (127, 50208);
INSERT INTO tweets_tags (tags_id, tweets_id) VALUES (121, 50208);
INSERT INTO tweets_tags (tags_id, tweets_id) VALUES (123, 50208);
INSERT INTO tweets_tags (tags_id, tweets_id) VALUES (130, 50209);
INSERT INTO tweets_tags (tags_id, tweets_id) VALUES (131, 50209);
INSERT INTO tweets_tags (tags_id, tweets_id) VALUES (123, 50209);
INSERT INTO tweets_tags (tags_id, tweets_id) VALUES (136, 50210);
INSERT INTO tweets_tags (tags_id, tweets_id) VALUES (137, 50210);
INSERT INTO tweets_tags (tags_id, tweets_id) VALUES (125, 50210);
INSERT INTO tweets_tags (tags_id, tweets_id) VALUES (123, 50211);
INSERT INTO tweets_tags (tags_id, tweets_id) VALUES (122, 50211);
INSERT INTO tweets_tags (tags_id, tweets_id) VALUES (136, 50211);
INSERT INTO tweets_tags (tags_id, tweets_id) VALUES (130, 50212);
INSERT INTO tweets_tags (tags_id, tweets_id) VALUES (131, 50212);
INSERT INTO tweets_tags (tags_id, tweets_id) VALUES (123, 50212);
INSERT INTO tweets_tags (tags_id, tweets_id) VALUES (128, 50213);
INSERT INTO tweets_tags (tags_id, tweets_id) VALUES (124, 50213);
INSERT INTO tweets_tags (tags_id, tweets_id) VALUES (129, 50213);
INSERT INTO tweets_tags (tags_id, tweets_id) VALUES (121, 50214);
INSERT INTO tweets_tags (tags_id, tweets_id) VALUES (126, 50214);
INSERT INTO tweets_tags (tags_id, tweets_id) VALUES (138, 50214);
INSERT INTO tweets_tags (tags_id, tweets_id) VALUES (125, 50215);
INSERT INTO tweets_tags (tags_id, tweets_id) VALUES (136, 50215);
INSERT INTO tweets_tags (tags_id, tweets_id) VALUES (140, 50215);
INSERT INTO tweets_tags (tags_id, tweets_id) VALUES (132, 50216);
INSERT INTO tweets_tags (tags_id, tweets_id) VALUES (133, 50216);
INSERT INTO tweets_tags (tags_id, tweets_id) VALUES (126, 50216);
INSERT INTO tweets_tags (tags_id, tweets_id) VALUES (135, 50217);
INSERT INTO tweets_tags (tags_id, tweets_id) VALUES (122, 50217);
INSERT INTO tweets_tags (tags_id, tweets_id) VALUES (137, 50217);
INSERT INTO tweets_tags (tags_id, tweets_id) VALUES (132, 50218);
INSERT INTO tweets_tags (tags_id, tweets_id) VALUES (133, 50218);
INSERT INTO tweets_tags (tags_id, tweets_id) VALUES (129, 50218);
INSERT INTO tweets_tags (tags_id, tweets_id) VALUES (121, 50219);
INSERT INTO tweets_tags (tags_id, tweets_id) VALUES (134, 50219);
INSERT INTO tweets_tags (tags_id, tweets_id) VALUES (126, 50219);
INSERT INTO tweets_tags (tags_id, tweets_id) VALUES (140, 50220);
INSERT INTO tweets_tags (tags_id, tweets_id) VALUES (125, 50220);
INSERT INTO tweets_tags (tags_id, tweets_id) VALUES (135, 50220);
INSERT INTO tweets_tags (tags_id, tweets_id) VALUES (123, 50221);
INSERT INTO tweets_tags (tags_id, tweets_id) VALUES (131, 50221);
INSERT INTO tweets_tags (tags_id, tweets_id) VALUES (130, 50221);
INSERT INTO tweets_tags (tags_id, tweets_id) VALUES (140, 50222);
INSERT INTO tweets_tags (tags_id, tweets_id) VALUES (125, 50222);
INSERT INTO tweets_tags (tags_id, tweets_id) VALUES (135, 50222);
INSERT INTO tweets_tags (tags_id, tweets_id) VALUES (127, 50223);
INSERT INTO tweets_tags (tags_id, tweets_id) VALUES (121, 50223);
INSERT INTO tweets_tags (tags_id, tweets_id) VALUES (123, 50223);
INSERT INTO tweets_tags (tags_id, tweets_id) VALUES (136, 50224);
INSERT INTO tweets_tags (tags_id, tweets_id) VALUES (137, 50224);
INSERT INTO tweets_tags (tags_id, tweets_id) VALUES (125, 50224);
INSERT INTO tweets_tags (tags_id, tweets_id) VALUES (121, 50225);
INSERT INTO tweets_tags (tags_id, tweets_id) VALUES (122, 50225);
INSERT INTO tweets_tags (tags_id, tweets_id) VALUES (134, 50225);
INSERT INTO tweets_tags (tags_id, tweets_id) VALUES (121, 50226);
INSERT INTO tweets_tags (tags_id, tweets_id) VALUES (126, 50226);
INSERT INTO tweets_tags (tags_id, tweets_id) VALUES (138, 50226);
INSERT INTO tweets_tags (tags_id, tweets_id) VALUES (121, 50227);
INSERT INTO tweets_tags (tags_id, tweets_id) VALUES (132, 50227);
INSERT INTO tweets_tags (tags_id, tweets_id) VALUES (126, 50227);
INSERT INTO tweets_tags (tags_id, tweets_id) VALUES (122, 50228);
INSERT INTO tweets_tags (tags_id, tweets_id) VALUES (135, 50228);
INSERT INTO tweets_tags (tags_id, tweets_id) VALUES (126, 50228);
INSERT INTO tweets_tags (tags_id, tweets_id) VALUES (135, 50229);
INSERT INTO tweets_tags (tags_id, tweets_id) VALUES (122, 50229);
INSERT INTO tweets_tags (tags_id, tweets_id) VALUES (131, 50229);
INSERT INTO tweets_tags (tags_id, tweets_id) VALUES (121, 50230);
INSERT INTO tweets_tags (tags_id, tweets_id) VALUES (122, 50230);
INSERT INTO tweets_tags (tags_id, tweets_id) VALUES (134, 50230);
INSERT INTO tweets_tags (tags_id, tweets_id) VALUES (122, 50231);
INSERT INTO tweets_tags (tags_id, tweets_id) VALUES (135, 50231);
INSERT INTO tweets_tags (tags_id, tweets_id) VALUES (126, 50231);
INSERT INTO tweets_tags (tags_id, tweets_id) VALUES (128, 50232);
INSERT INTO tweets_tags (tags_id, tweets_id) VALUES (124, 50232);
INSERT INTO tweets_tags (tags_id, tweets_id) VALUES (129, 50232);
INSERT INTO tweets_tags (tags_id, tweets_id) VALUES (127, 50233);
INSERT INTO tweets_tags (tags_id, tweets_id) VALUES (121, 50233);
INSERT INTO tweets_tags (tags_id, tweets_id) VALUES (129, 50233);
INSERT INTO tweets_tags (tags_id, tweets_id) VALUES (123, 50234);
INSERT INTO tweets_tags (tags_id, tweets_id) VALUES (122, 50234);
INSERT INTO tweets_tags (tags_id, tweets_id) VALUES (135, 50234);
INSERT INTO tweets_tags (tags_id, tweets_id) VALUES (140, 50235);
INSERT INTO tweets_tags (tags_id, tweets_id) VALUES (125, 50235);
INSERT INTO tweets_tags (tags_id, tweets_id) VALUES (135, 50235);
INSERT INTO tweets_tags (tags_id, tweets_id) VALUES (129, 50236);
INSERT INTO tweets_tags (tags_id, tweets_id) VALUES (132, 50236);
INSERT INTO tweets_tags (tags_id, tweets_id) VALUES (133, 50236);
INSERT INTO tweets_tags (tags_id, tweets_id) VALUES (129, 50237);
INSERT INTO tweets_tags (tags_id, tweets_id) VALUES (132, 50237);
INSERT INTO tweets_tags (tags_id, tweets_id) VALUES (133, 50237);
INSERT INTO tweets_tags (tags_id, tweets_id) VALUES (140, 50238);
INSERT INTO tweets_tags (tags_id, tweets_id) VALUES (125, 50238);
INSERT INTO tweets_tags (tags_id, tweets_id) VALUES (135, 50238);
INSERT INTO tweets_tags (tags_id, tweets_id) VALUES (140, 50239);
INSERT INTO tweets_tags (tags_id, tweets_id) VALUES (134, 50239);
INSERT INTO tweets_tags (tags_id, tweets_id) VALUES (131, 50239);
INSERT INTO tweets_tags (tags_id, tweets_id) VALUES (124, 50240);
INSERT INTO tweets_tags (tags_id, tweets_id) VALUES (128, 50240);
INSERT INTO tweets_tags (tags_id, tweets_id) VALUES (129, 50240);
INSERT INTO tweets_tags (tags_id, tweets_id) VALUES (123, 50241);
INSERT INTO tweets_tags (tags_id, tweets_id) VALUES (122, 50241);
INSERT INTO tweets_tags (tags_id, tweets_id) VALUES (136, 50241);
INSERT INTO tweets_tags (tags_id, tweets_id) VALUES (123, 50242);
INSERT INTO tweets_tags (tags_id, tweets_id) VALUES (131, 50242);
INSERT INTO tweets_tags (tags_id, tweets_id) VALUES (130, 50242);
INSERT INTO tweets_tags (tags_id, tweets_id) VALUES (124, 50243);
INSERT INTO tweets_tags (tags_id, tweets_id) VALUES (128, 50243);
INSERT INTO tweets_tags (tags_id, tweets_id) VALUES (129, 50243);
INSERT INTO tweets_tags (tags_id, tweets_id) VALUES (128, 50244);
INSERT INTO tweets_tags (tags_id, tweets_id) VALUES (124, 50244);
INSERT INTO tweets_tags (tags_id, tweets_id) VALUES (129, 50244);
INSERT INTO tweets_tags (tags_id, tweets_id) VALUES (132, 50245);
INSERT INTO tweets_tags (tags_id, tweets_id) VALUES (133, 50245);
INSERT INTO tweets_tags (tags_id, tweets_id) VALUES (129, 50245);
INSERT INTO tweets_tags (tags_id, tweets_id) VALUES (123, 50246);
INSERT INTO tweets_tags (tags_id, tweets_id) VALUES (122, 50246);
INSERT INTO tweets_tags (tags_id, tweets_id) VALUES (136, 50246);
INSERT INTO tweets_tags (tags_id, tweets_id) VALUES (126, 50247);
INSERT INTO tweets_tags (tags_id, tweets_id) VALUES (138, 50247);
INSERT INTO tweets_tags (tags_id, tweets_id) VALUES (125, 50247);
INSERT INTO tweets_tags (tags_id, tweets_id) VALUES (127, 50248);
INSERT INTO tweets_tags (tags_id, tweets_id) VALUES (125, 50248);
INSERT INTO tweets_tags (tags_id, tweets_id) VALUES (123, 50248);
INSERT INTO tweets_tags (tags_id, tweets_id) VALUES (122, 50249);
INSERT INTO tweets_tags (tags_id, tweets_id) VALUES (135, 50249);
INSERT INTO tweets_tags (tags_id, tweets_id) VALUES (126, 50249);
INSERT INTO tweets_tags (tags_id, tweets_id) VALUES (122, 50250);
INSERT INTO tweets_tags (tags_id, tweets_id) VALUES (135, 50250);
INSERT INTO tweets_tags (tags_id, tweets_id) VALUES (126, 50250);
INSERT INTO tweets_tags (tags_id, tweets_id) VALUES (132, 50251);
INSERT INTO tweets_tags (tags_id, tweets_id) VALUES (133, 50251);
INSERT INTO tweets_tags (tags_id, tweets_id) VALUES (126, 50251);
INSERT INTO tweets_tags (tags_id, tweets_id) VALUES (121, 50252);
INSERT INTO tweets_tags (tags_id, tweets_id) VALUES (132, 50252);
INSERT INTO tweets_tags (tags_id, tweets_id) VALUES (126, 50252);
INSERT INTO tweets_tags (tags_id, tweets_id) VALUES (123, 50253);
INSERT INTO tweets_tags (tags_id, tweets_id) VALUES (122, 50253);
INSERT INTO tweets_tags (tags_id, tweets_id) VALUES (136, 50253);
INSERT INTO tweets_tags (tags_id, tweets_id) VALUES (132, 50254);
INSERT INTO tweets_tags (tags_id, tweets_id) VALUES (133, 50254);
INSERT INTO tweets_tags (tags_id, tweets_id) VALUES (126, 50254);
INSERT INTO tweets_tags (tags_id, tweets_id) VALUES (130, 50255);
INSERT INTO tweets_tags (tags_id, tweets_id) VALUES (131, 50255);
INSERT INTO tweets_tags (tags_id, tweets_id) VALUES (123, 50255);
INSERT INTO tweets_tags (tags_id, tweets_id) VALUES (123, 50256);
INSERT INTO tweets_tags (tags_id, tweets_id) VALUES (122, 50256);
INSERT INTO tweets_tags (tags_id, tweets_id) VALUES (135, 50256);
INSERT INTO tweets_tags (tags_id, tweets_id) VALUES (121, 50257);
INSERT INTO tweets_tags (tags_id, tweets_id) VALUES (134, 50257);
INSERT INTO tweets_tags (tags_id, tweets_id) VALUES (126, 50257);
INSERT INTO tweets_tags (tags_id, tweets_id) VALUES (136, 50258);
INSERT INTO tweets_tags (tags_id, tweets_id) VALUES (137, 50258);
INSERT INTO tweets_tags (tags_id, tweets_id) VALUES (125, 50258);
INSERT INTO tweets_tags (tags_id, tweets_id) VALUES (122, 50259);
INSERT INTO tweets_tags (tags_id, tweets_id) VALUES (135, 50259);
INSERT INTO tweets_tags (tags_id, tweets_id) VALUES (127, 50259);
INSERT INTO tweets_tags (tags_id, tweets_id) VALUES (121, 50260);
INSERT INTO tweets_tags (tags_id, tweets_id) VALUES (132, 50260);
INSERT INTO tweets_tags (tags_id, tweets_id) VALUES (126, 50260);
INSERT INTO tweets_tags (tags_id, tweets_id) VALUES (132, 50261);
INSERT INTO tweets_tags (tags_id, tweets_id) VALUES (133, 50261);
INSERT INTO tweets_tags (tags_id, tweets_id) VALUES (129, 50261);
INSERT INTO tweets_tags (tags_id, tweets_id) VALUES (123, 50262);
INSERT INTO tweets_tags (tags_id, tweets_id) VALUES (122, 50262);
INSERT INTO tweets_tags (tags_id, tweets_id) VALUES (136, 50262);
INSERT INTO tweets_tags (tags_id, tweets_id) VALUES (138, 50263);
INSERT INTO tweets_tags (tags_id, tweets_id) VALUES (126, 50263);
INSERT INTO tweets_tags (tags_id, tweets_id) VALUES (122, 50263);
INSERT INTO tweets_tags (tags_id, tweets_id) VALUES (140, 50264);
INSERT INTO tweets_tags (tags_id, tweets_id) VALUES (125, 50264);
INSERT INTO tweets_tags (tags_id, tweets_id) VALUES (135, 50264);
INSERT INTO tweets_tags (tags_id, tweets_id) VALUES (124, 50265);
INSERT INTO tweets_tags (tags_id, tweets_id) VALUES (128, 50265);
INSERT INTO tweets_tags (tags_id, tweets_id) VALUES (129, 50265);
INSERT INTO tweets_tags (tags_id, tweets_id) VALUES (130, 50266);
INSERT INTO tweets_tags (tags_id, tweets_id) VALUES (131, 50266);
INSERT INTO tweets_tags (tags_id, tweets_id) VALUES (123, 50266);
INSERT INTO tweets_tags (tags_id, tweets_id) VALUES (132, 50267);
INSERT INTO tweets_tags (tags_id, tweets_id) VALUES (133, 50267);
INSERT INTO tweets_tags (tags_id, tweets_id) VALUES (126, 50267);
INSERT INTO tweets_tags (tags_id, tweets_id) VALUES (124, 50268);
INSERT INTO tweets_tags (tags_id, tweets_id) VALUES (128, 50268);
INSERT INTO tweets_tags (tags_id, tweets_id) VALUES (129, 50268);
INSERT INTO tweets_tags (tags_id, tweets_id) VALUES (128, 50269);
INSERT INTO tweets_tags (tags_id, tweets_id) VALUES (124, 50269);
INSERT INTO tweets_tags (tags_id, tweets_id) VALUES (129, 50269);
INSERT INTO tweets_tags (tags_id, tweets_id) VALUES (123, 50270);
INSERT INTO tweets_tags (tags_id, tweets_id) VALUES (122, 50270);
INSERT INTO tweets_tags (tags_id, tweets_id) VALUES (136, 50270);
INSERT INTO tweets_tags (tags_id, tweets_id) VALUES (131, 50271);
INSERT INTO tweets_tags (tags_id, tweets_id) VALUES (123, 50271);
INSERT INTO tweets_tags (tags_id, tweets_id) VALUES (134, 50271);
INSERT INTO tweets_tags (tags_id, tweets_id) VALUES (128, 50272);
INSERT INTO tweets_tags (tags_id, tweets_id) VALUES (124, 50272);
INSERT INTO tweets_tags (tags_id, tweets_id) VALUES (129, 50272);
INSERT INTO tweets_tags (tags_id, tweets_id) VALUES (138, 50273);
INSERT INTO tweets_tags (tags_id, tweets_id) VALUES (126, 50273);
INSERT INTO tweets_tags (tags_id, tweets_id) VALUES (122, 50273);
INSERT INTO tweets_tags (tags_id, tweets_id) VALUES (140, 50274);
INSERT INTO tweets_tags (tags_id, tweets_id) VALUES (134, 50274);
INSERT INTO tweets_tags (tags_id, tweets_id) VALUES (131, 50274);
INSERT INTO tweets_tags (tags_id, tweets_id) VALUES (130, 50275);
INSERT INTO tweets_tags (tags_id, tweets_id) VALUES (131, 50275);
INSERT INTO tweets_tags (tags_id, tweets_id) VALUES (123, 50275);
INSERT INTO tweets_tags (tags_id, tweets_id) VALUES (131, 50276);
INSERT INTO tweets_tags (tags_id, tweets_id) VALUES (123, 50276);
INSERT INTO tweets_tags (tags_id, tweets_id) VALUES (134, 50276);
INSERT INTO tweets_tags (tags_id, tweets_id) VALUES (123, 50277);
INSERT INTO tweets_tags (tags_id, tweets_id) VALUES (122, 50277);
INSERT INTO tweets_tags (tags_id, tweets_id) VALUES (136, 50277);
INSERT INTO tweets_tags (tags_id, tweets_id) VALUES (123, 50278);
INSERT INTO tweets_tags (tags_id, tweets_id) VALUES (122, 50278);
INSERT INTO tweets_tags (tags_id, tweets_id) VALUES (136, 50278);
INSERT INTO tweets_tags (tags_id, tweets_id) VALUES (137, 50279);
INSERT INTO tweets_tags (tags_id, tweets_id) VALUES (125, 50279);
INSERT INTO tweets_tags (tags_id, tweets_id) VALUES (136, 50279);
INSERT INTO tweets_tags (tags_id, tweets_id) VALUES (135, 50280);
INSERT INTO tweets_tags (tags_id, tweets_id) VALUES (122, 50280);
INSERT INTO tweets_tags (tags_id, tweets_id) VALUES (131, 50280);
INSERT INTO tweets_tags (tags_id, tweets_id) VALUES (135, 50281);
INSERT INTO tweets_tags (tags_id, tweets_id) VALUES (122, 50281);
INSERT INTO tweets_tags (tags_id, tweets_id) VALUES (137, 50281);
INSERT INTO tweets_tags (tags_id, tweets_id) VALUES (128, 50282);
INSERT INTO tweets_tags (tags_id, tweets_id) VALUES (124, 50282);
INSERT INTO tweets_tags (tags_id, tweets_id) VALUES (129, 50282);
INSERT INTO tweets_tags (tags_id, tweets_id) VALUES (129, 50283);
INSERT INTO tweets_tags (tags_id, tweets_id) VALUES (132, 50283);
INSERT INTO tweets_tags (tags_id, tweets_id) VALUES (133, 50283);
INSERT INTO tweets_tags (tags_id, tweets_id) VALUES (124, 50284);
INSERT INTO tweets_tags (tags_id, tweets_id) VALUES (128, 50284);
INSERT INTO tweets_tags (tags_id, tweets_id) VALUES (129, 50284);
INSERT INTO tweets_tags (tags_id, tweets_id) VALUES (135, 50285);
INSERT INTO tweets_tags (tags_id, tweets_id) VALUES (122, 50285);
INSERT INTO tweets_tags (tags_id, tweets_id) VALUES (137, 50285);
INSERT INTO tweets_tags (tags_id, tweets_id) VALUES (127, 50286);
INSERT INTO tweets_tags (tags_id, tweets_id) VALUES (140, 50286);
INSERT INTO tweets_tags (tags_id, tweets_id) VALUES (125, 50286);
INSERT INTO tweets_tags (tags_id, tweets_id) VALUES (121, 50287);
INSERT INTO tweets_tags (tags_id, tweets_id) VALUES (122, 50287);
INSERT INTO tweets_tags (tags_id, tweets_id) VALUES (134, 50287);
INSERT INTO tweets_tags (tags_id, tweets_id) VALUES (121, 50288);
INSERT INTO tweets_tags (tags_id, tweets_id) VALUES (122, 50288);
INSERT INTO tweets_tags (tags_id, tweets_id) VALUES (134, 50288);
INSERT INTO tweets_tags (tags_id, tweets_id) VALUES (125, 50289);
INSERT INTO tweets_tags (tags_id, tweets_id) VALUES (136, 50289);
INSERT INTO tweets_tags (tags_id, tweets_id) VALUES (140, 50289);
INSERT INTO tweets_tags (tags_id, tweets_id) VALUES (137, 50290);
INSERT INTO tweets_tags (tags_id, tweets_id) VALUES (125, 50290);
INSERT INTO tweets_tags (tags_id, tweets_id) VALUES (136, 50290);
INSERT INTO tweets_tags (tags_id, tweets_id) VALUES (130, 50291);
INSERT INTO tweets_tags (tags_id, tweets_id) VALUES (131, 50291);
INSERT INTO tweets_tags (tags_id, tweets_id) VALUES (123, 50291);
INSERT INTO tweets_tags (tags_id, tweets_id) VALUES (132, 50292);
INSERT INTO tweets_tags (tags_id, tweets_id) VALUES (133, 50292);
INSERT INTO tweets_tags (tags_id, tweets_id) VALUES (129, 50292);
INSERT INTO tweets_tags (tags_id, tweets_id) VALUES (122, 50293);
INSERT INTO tweets_tags (tags_id, tweets_id) VALUES (135, 50293);
INSERT INTO tweets_tags (tags_id, tweets_id) VALUES (126, 50293);
INSERT INTO tweets_tags (tags_id, tweets_id) VALUES (130, 50294);
INSERT INTO tweets_tags (tags_id, tweets_id) VALUES (131, 50294);
INSERT INTO tweets_tags (tags_id, tweets_id) VALUES (123, 50294);
INSERT INTO tweets_tags (tags_id, tweets_id) VALUES (122, 50295);
INSERT INTO tweets_tags (tags_id, tweets_id) VALUES (135, 50295);
INSERT INTO tweets_tags (tags_id, tweets_id) VALUES (126, 50295);
INSERT INTO tweets_tags (tags_id, tweets_id) VALUES (124, 50296);
INSERT INTO tweets_tags (tags_id, tweets_id) VALUES (128, 50296);
INSERT INTO tweets_tags (tags_id, tweets_id) VALUES (129, 50296);
INSERT INTO tweets_tags (tags_id, tweets_id) VALUES (136, 50297);
INSERT INTO tweets_tags (tags_id, tweets_id) VALUES (137, 50297);
INSERT INTO tweets_tags (tags_id, tweets_id) VALUES (125, 50297);
INSERT INTO tweets_tags (tags_id, tweets_id) VALUES (124, 50298);
INSERT INTO tweets_tags (tags_id, tweets_id) VALUES (128, 50298);
INSERT INTO tweets_tags (tags_id, tweets_id) VALUES (129, 50298);
INSERT INTO tweets_tags (tags_id, tweets_id) VALUES (123, 50299);
INSERT INTO tweets_tags (tags_id, tweets_id) VALUES (122, 50299);
INSERT INTO tweets_tags (tags_id, tweets_id) VALUES (136, 50299);
INSERT INTO tweets_tags (tags_id, tweets_id) VALUES (135, 50300);
INSERT INTO tweets_tags (tags_id, tweets_id) VALUES (122, 50300);
INSERT INTO tweets_tags (tags_id, tweets_id) VALUES (137, 50300);
INSERT INTO tweets_tags (tags_id, tweets_id) VALUES (139, 50301);
INSERT INTO tweets_tags (tags_id, tweets_id) VALUES (122, 50301);
INSERT INTO tweets_tags (tags_id, tweets_id) VALUES (135, 50301);
INSERT INTO tweets_tags (tags_id, tweets_id) VALUES (127, 50302);
INSERT INTO tweets_tags (tags_id, tweets_id) VALUES (125, 50302);
INSERT INTO tweets_tags (tags_id, tweets_id) VALUES (123, 50302);
INSERT INTO tweets_tags (tags_id, tweets_id) VALUES (123, 50303);
INSERT INTO tweets_tags (tags_id, tweets_id) VALUES (131, 50303);
INSERT INTO tweets_tags (tags_id, tweets_id) VALUES (130, 50303);
INSERT INTO tweets_tags (tags_id, tweets_id) VALUES (121, 50304);
INSERT INTO tweets_tags (tags_id, tweets_id) VALUES (126, 50304);
INSERT INTO tweets_tags (tags_id, tweets_id) VALUES (138, 50304);
INSERT INTO tweets_tags (tags_id, tweets_id) VALUES (127, 50305);
INSERT INTO tweets_tags (tags_id, tweets_id) VALUES (125, 50305);
INSERT INTO tweets_tags (tags_id, tweets_id) VALUES (123, 50305);
INSERT INTO tweets_tags (tags_id, tweets_id) VALUES (127, 50306);
INSERT INTO tweets_tags (tags_id, tweets_id) VALUES (140, 50306);
INSERT INTO tweets_tags (tags_id, tweets_id) VALUES (125, 50306);
INSERT INTO tweets_tags (tags_id, tweets_id) VALUES (139, 50307);
INSERT INTO tweets_tags (tags_id, tweets_id) VALUES (122, 50307);
INSERT INTO tweets_tags (tags_id, tweets_id) VALUES (135, 50307);
INSERT INTO tweets_tags (tags_id, tweets_id) VALUES (125, 50308);
INSERT INTO tweets_tags (tags_id, tweets_id) VALUES (136, 50308);
INSERT INTO tweets_tags (tags_id, tweets_id) VALUES (140, 50308);
INSERT INTO tweets_tags (tags_id, tweets_id) VALUES (138, 50309);
INSERT INTO tweets_tags (tags_id, tweets_id) VALUES (139, 50309);
INSERT INTO tweets_tags (tags_id, tweets_id) VALUES (126, 50309);
INSERT INTO tweets_tags (tags_id, tweets_id) VALUES (129, 50310);
INSERT INTO tweets_tags (tags_id, tweets_id) VALUES (132, 50310);
INSERT INTO tweets_tags (tags_id, tweets_id) VALUES (133, 50310);
INSERT INTO tweets_tags (tags_id, tweets_id) VALUES (140, 50311);
INSERT INTO tweets_tags (tags_id, tweets_id) VALUES (134, 50311);
INSERT INTO tweets_tags (tags_id, tweets_id) VALUES (131, 50311);
INSERT INTO tweets_tags (tags_id, tweets_id) VALUES (121, 50312);
INSERT INTO tweets_tags (tags_id, tweets_id) VALUES (122, 50312);
INSERT INTO tweets_tags (tags_id, tweets_id) VALUES (134, 50312);
INSERT INTO tweets_tags (tags_id, tweets_id) VALUES (140, 50313);
INSERT INTO tweets_tags (tags_id, tweets_id) VALUES (125, 50313);
INSERT INTO tweets_tags (tags_id, tweets_id) VALUES (135, 50313);
INSERT INTO tweets_tags (tags_id, tweets_id) VALUES (124, 50314);
INSERT INTO tweets_tags (tags_id, tweets_id) VALUES (128, 50314);
INSERT INTO tweets_tags (tags_id, tweets_id) VALUES (129, 50314);
INSERT INTO tweets_tags (tags_id, tweets_id) VALUES (127, 50315);
INSERT INTO tweets_tags (tags_id, tweets_id) VALUES (125, 50315);
INSERT INTO tweets_tags (tags_id, tweets_id) VALUES (123, 50315);
INSERT INTO tweets_tags (tags_id, tweets_id) VALUES (130, 50316);
INSERT INTO tweets_tags (tags_id, tweets_id) VALUES (131, 50316);
INSERT INTO tweets_tags (tags_id, tweets_id) VALUES (123, 50316);
INSERT INTO tweets_tags (tags_id, tweets_id) VALUES (123, 50317);
INSERT INTO tweets_tags (tags_id, tweets_id) VALUES (122, 50317);
INSERT INTO tweets_tags (tags_id, tweets_id) VALUES (135, 50317);
INSERT INTO tweets_tags (tags_id, tweets_id) VALUES (127, 50318);
INSERT INTO tweets_tags (tags_id, tweets_id) VALUES (125, 50318);
INSERT INTO tweets_tags (tags_id, tweets_id) VALUES (123, 50318);
INSERT INTO tweets_tags (tags_id, tweets_id) VALUES (127, 50319);
INSERT INTO tweets_tags (tags_id, tweets_id) VALUES (121, 50319);
INSERT INTO tweets_tags (tags_id, tweets_id) VALUES (123, 50319);
INSERT INTO tweets_tags (tags_id, tweets_id) VALUES (122, 50320);
INSERT INTO tweets_tags (tags_id, tweets_id) VALUES (135, 50320);
INSERT INTO tweets_tags (tags_id, tweets_id) VALUES (127, 50320);
INSERT INTO tweets_tags (tags_id, tweets_id) VALUES (123, 50321);
INSERT INTO tweets_tags (tags_id, tweets_id) VALUES (122, 50321);
INSERT INTO tweets_tags (tags_id, tweets_id) VALUES (136, 50321);
INSERT INTO tweets_tags (tags_id, tweets_id) VALUES (135, 50322);
INSERT INTO tweets_tags (tags_id, tweets_id) VALUES (122, 50322);
INSERT INTO tweets_tags (tags_id, tweets_id) VALUES (131, 50322);
INSERT INTO tweets_tags (tags_id, tweets_id) VALUES (123, 50323);
INSERT INTO tweets_tags (tags_id, tweets_id) VALUES (122, 50323);
INSERT INTO tweets_tags (tags_id, tweets_id) VALUES (136, 50323);
INSERT INTO tweets_tags (tags_id, tweets_id) VALUES (124, 50324);
INSERT INTO tweets_tags (tags_id, tweets_id) VALUES (128, 50324);
INSERT INTO tweets_tags (tags_id, tweets_id) VALUES (129, 50324);
INSERT INTO tweets_tags (tags_id, tweets_id) VALUES (124, 50325);
INSERT INTO tweets_tags (tags_id, tweets_id) VALUES (128, 50325);
INSERT INTO tweets_tags (tags_id, tweets_id) VALUES (129, 50325);
INSERT INTO tweets_tags (tags_id, tweets_id) VALUES (130, 50326);
INSERT INTO tweets_tags (tags_id, tweets_id) VALUES (131, 50326);
INSERT INTO tweets_tags (tags_id, tweets_id) VALUES (123, 50326);
INSERT INTO tweets_tags (tags_id, tweets_id) VALUES (129, 50327);
INSERT INTO tweets_tags (tags_id, tweets_id) VALUES (132, 50327);
INSERT INTO tweets_tags (tags_id, tweets_id) VALUES (133, 50327);
INSERT INTO tweets_tags (tags_id, tweets_id) VALUES (138, 50328);
INSERT INTO tweets_tags (tags_id, tweets_id) VALUES (139, 50328);
INSERT INTO tweets_tags (tags_id, tweets_id) VALUES (126, 50328);
INSERT INTO tweets_tags (tags_id, tweets_id) VALUES (124, 50329);
INSERT INTO tweets_tags (tags_id, tweets_id) VALUES (128, 50329);
INSERT INTO tweets_tags (tags_id, tweets_id) VALUES (129, 50329);
INSERT INTO tweets_tags (tags_id, tweets_id) VALUES (122, 50330);
INSERT INTO tweets_tags (tags_id, tweets_id) VALUES (135, 50330);
INSERT INTO tweets_tags (tags_id, tweets_id) VALUES (126, 50330);
INSERT INTO tweets_tags (tags_id, tweets_id) VALUES (126, 50331);
INSERT INTO tweets_tags (tags_id, tweets_id) VALUES (138, 50331);
INSERT INTO tweets_tags (tags_id, tweets_id) VALUES (125, 50331);
INSERT INTO tweets_tags (tags_id, tweets_id) VALUES (124, 50332);
INSERT INTO tweets_tags (tags_id, tweets_id) VALUES (128, 50332);
INSERT INTO tweets_tags (tags_id, tweets_id) VALUES (129, 50332);
INSERT INTO tweets_tags (tags_id, tweets_id) VALUES (123, 50333);
INSERT INTO tweets_tags (tags_id, tweets_id) VALUES (121, 50333);
INSERT INTO tweets_tags (tags_id, tweets_id) VALUES (140, 50333);
INSERT INTO tweets_tags (tags_id, tweets_id) VALUES (123, 50334);
INSERT INTO tweets_tags (tags_id, tweets_id) VALUES (122, 50334);
INSERT INTO tweets_tags (tags_id, tweets_id) VALUES (136, 50334);
INSERT INTO tweets_tags (tags_id, tweets_id) VALUES (123, 50335);
INSERT INTO tweets_tags (tags_id, tweets_id) VALUES (121, 50335);
INSERT INTO tweets_tags (tags_id, tweets_id) VALUES (140, 50335);
INSERT INTO tweets_tags (tags_id, tweets_id) VALUES (137, 50336);
INSERT INTO tweets_tags (tags_id, tweets_id) VALUES (125, 50336);
INSERT INTO tweets_tags (tags_id, tweets_id) VALUES (136, 50336);
INSERT INTO tweets_tags (tags_id, tweets_id) VALUES (130, 50337);
INSERT INTO tweets_tags (tags_id, tweets_id) VALUES (131, 50337);
INSERT INTO tweets_tags (tags_id, tweets_id) VALUES (123, 50337);
INSERT INTO tweets_tags (tags_id, tweets_id) VALUES (131, 50338);
INSERT INTO tweets_tags (tags_id, tweets_id) VALUES (123, 50338);
INSERT INTO tweets_tags (tags_id, tweets_id) VALUES (134, 50338);
INSERT INTO tweets_tags (tags_id, tweets_id) VALUES (123, 50339);
INSERT INTO tweets_tags (tags_id, tweets_id) VALUES (131, 50339);
INSERT INTO tweets_tags (tags_id, tweets_id) VALUES (130, 50339);
INSERT INTO tweets_tags (tags_id, tweets_id) VALUES (130, 50340);
INSERT INTO tweets_tags (tags_id, tweets_id) VALUES (131, 50340);
INSERT INTO tweets_tags (tags_id, tweets_id) VALUES (123, 50340);
INSERT INTO tweets_tags (tags_id, tweets_id) VALUES (122, 50341);
INSERT INTO tweets_tags (tags_id, tweets_id) VALUES (135, 50341);
INSERT INTO tweets_tags (tags_id, tweets_id) VALUES (126, 50341);
INSERT INTO tweets_tags (tags_id, tweets_id) VALUES (135, 50342);
INSERT INTO tweets_tags (tags_id, tweets_id) VALUES (122, 50342);
INSERT INTO tweets_tags (tags_id, tweets_id) VALUES (131, 50342);
INSERT INTO tweets_tags (tags_id, tweets_id) VALUES (122, 50343);
INSERT INTO tweets_tags (tags_id, tweets_id) VALUES (135, 50343);
INSERT INTO tweets_tags (tags_id, tweets_id) VALUES (127, 50343);
INSERT INTO tweets_tags (tags_id, tweets_id) VALUES (121, 50344);
INSERT INTO tweets_tags (tags_id, tweets_id) VALUES (132, 50344);
INSERT INTO tweets_tags (tags_id, tweets_id) VALUES (126, 50344);
INSERT INTO tweets_tags (tags_id, tweets_id) VALUES (125, 50345);
INSERT INTO tweets_tags (tags_id, tweets_id) VALUES (136, 50345);
INSERT INTO tweets_tags (tags_id, tweets_id) VALUES (140, 50345);
INSERT INTO tweets_tags (tags_id, tweets_id) VALUES (132, 50346);
INSERT INTO tweets_tags (tags_id, tweets_id) VALUES (133, 50346);
INSERT INTO tweets_tags (tags_id, tweets_id) VALUES (129, 50346);
INSERT INTO tweets_tags (tags_id, tweets_id) VALUES (125, 50347);
INSERT INTO tweets_tags (tags_id, tweets_id) VALUES (136, 50347);
INSERT INTO tweets_tags (tags_id, tweets_id) VALUES (140, 50347);
INSERT INTO tweets_tags (tags_id, tweets_id) VALUES (127, 50348);
INSERT INTO tweets_tags (tags_id, tweets_id) VALUES (121, 50348);
INSERT INTO tweets_tags (tags_id, tweets_id) VALUES (123, 50348);
INSERT INTO tweets_tags (tags_id, tweets_id) VALUES (132, 50349);
INSERT INTO tweets_tags (tags_id, tweets_id) VALUES (133, 50349);
INSERT INTO tweets_tags (tags_id, tweets_id) VALUES (126, 50349);
INSERT INTO tweets_tags (tags_id, tweets_id) VALUES (137, 50350);
INSERT INTO tweets_tags (tags_id, tweets_id) VALUES (125, 50350);
INSERT INTO tweets_tags (tags_id, tweets_id) VALUES (136, 50350);
INSERT INTO tweets_tags (tags_id, tweets_id) VALUES (135, 50351);
INSERT INTO tweets_tags (tags_id, tweets_id) VALUES (122, 50351);
INSERT INTO tweets_tags (tags_id, tweets_id) VALUES (131, 50351);
INSERT INTO tweets_tags (tags_id, tweets_id) VALUES (128, 50352);
INSERT INTO tweets_tags (tags_id, tweets_id) VALUES (124, 50352);
INSERT INTO tweets_tags (tags_id, tweets_id) VALUES (129, 50352);
INSERT INTO tweets_tags (tags_id, tweets_id) VALUES (130, 50353);
INSERT INTO tweets_tags (tags_id, tweets_id) VALUES (131, 50353);
INSERT INTO tweets_tags (tags_id, tweets_id) VALUES (123, 50353);
INSERT INTO tweets_tags (tags_id, tweets_id) VALUES (130, 50354);
INSERT INTO tweets_tags (tags_id, tweets_id) VALUES (131, 50354);
INSERT INTO tweets_tags (tags_id, tweets_id) VALUES (123, 50354);
INSERT INTO tweets_tags (tags_id, tweets_id) VALUES (138, 50355);
INSERT INTO tweets_tags (tags_id, tweets_id) VALUES (126, 50355);
INSERT INTO tweets_tags (tags_id, tweets_id) VALUES (122, 50355);
INSERT INTO tweets_tags (tags_id, tweets_id) VALUES (122, 50356);
INSERT INTO tweets_tags (tags_id, tweets_id) VALUES (134, 50356);
INSERT INTO tweets_tags (tags_id, tweets_id) VALUES (135, 50356);
INSERT INTO tweets_tags (tags_id, tweets_id) VALUES (123, 50357);
INSERT INTO tweets_tags (tags_id, tweets_id) VALUES (122, 50357);
INSERT INTO tweets_tags (tags_id, tweets_id) VALUES (136, 50357);
INSERT INTO tweets_tags (tags_id, tweets_id) VALUES (127, 50358);
INSERT INTO tweets_tags (tags_id, tweets_id) VALUES (125, 50358);
INSERT INTO tweets_tags (tags_id, tweets_id) VALUES (123, 50358);
INSERT INTO tweets_tags (tags_id, tweets_id) VALUES (121, 50359);
INSERT INTO tweets_tags (tags_id, tweets_id) VALUES (132, 50359);
INSERT INTO tweets_tags (tags_id, tweets_id) VALUES (126, 50359);
INSERT INTO tweets_tags (tags_id, tweets_id) VALUES (126, 50360);
INSERT INTO tweets_tags (tags_id, tweets_id) VALUES (138, 50360);
INSERT INTO tweets_tags (tags_id, tweets_id) VALUES (125, 50360);
INSERT INTO tweets_tags (tags_id, tweets_id) VALUES (130, 50361);
INSERT INTO tweets_tags (tags_id, tweets_id) VALUES (131, 50361);
INSERT INTO tweets_tags (tags_id, tweets_id) VALUES (123, 50361);
INSERT INTO tweets_tags (tags_id, tweets_id) VALUES (131, 50362);
INSERT INTO tweets_tags (tags_id, tweets_id) VALUES (123, 50362);
INSERT INTO tweets_tags (tags_id, tweets_id) VALUES (134, 50362);
INSERT INTO tweets_tags (tags_id, tweets_id) VALUES (130, 50363);
INSERT INTO tweets_tags (tags_id, tweets_id) VALUES (131, 50363);
INSERT INTO tweets_tags (tags_id, tweets_id) VALUES (123, 50363);
INSERT INTO tweets_tags (tags_id, tweets_id) VALUES (132, 50364);
INSERT INTO tweets_tags (tags_id, tweets_id) VALUES (133, 50364);
INSERT INTO tweets_tags (tags_id, tweets_id) VALUES (129, 50364);
INSERT INTO tweets_tags (tags_id, tweets_id) VALUES (130, 50365);
INSERT INTO tweets_tags (tags_id, tweets_id) VALUES (131, 50365);
INSERT INTO tweets_tags (tags_id, tweets_id) VALUES (123, 50365);
INSERT INTO tweets_tags (tags_id, tweets_id) VALUES (122, 50366);
INSERT INTO tweets_tags (tags_id, tweets_id) VALUES (135, 50366);
INSERT INTO tweets_tags (tags_id, tweets_id) VALUES (126, 50366);
INSERT INTO tweets_tags (tags_id, tweets_id) VALUES (124, 50367);
INSERT INTO tweets_tags (tags_id, tweets_id) VALUES (128, 50367);
INSERT INTO tweets_tags (tags_id, tweets_id) VALUES (129, 50367);
INSERT INTO tweets_tags (tags_id, tweets_id) VALUES (127, 50368);
INSERT INTO tweets_tags (tags_id, tweets_id) VALUES (125, 50368);
INSERT INTO tweets_tags (tags_id, tweets_id) VALUES (123, 50368);
INSERT INTO tweets_tags (tags_id, tweets_id) VALUES (125, 50369);
INSERT INTO tweets_tags (tags_id, tweets_id) VALUES (136, 50369);
INSERT INTO tweets_tags (tags_id, tweets_id) VALUES (140, 50369);
INSERT INTO tweets_tags (tags_id, tweets_id) VALUES (127, 50370);
INSERT INTO tweets_tags (tags_id, tweets_id) VALUES (125, 50370);
INSERT INTO tweets_tags (tags_id, tweets_id) VALUES (123, 50370);
INSERT INTO tweets_tags (tags_id, tweets_id) VALUES (122, 50371);
INSERT INTO tweets_tags (tags_id, tweets_id) VALUES (135, 50371);
INSERT INTO tweets_tags (tags_id, tweets_id) VALUES (126, 50371);
INSERT INTO tweets_tags (tags_id, tweets_id) VALUES (123, 50372);
INSERT INTO tweets_tags (tags_id, tweets_id) VALUES (121, 50372);
INSERT INTO tweets_tags (tags_id, tweets_id) VALUES (140, 50372);
INSERT INTO tweets_tags (tags_id, tweets_id) VALUES (130, 50373);
INSERT INTO tweets_tags (tags_id, tweets_id) VALUES (131, 50373);
INSERT INTO tweets_tags (tags_id, tweets_id) VALUES (123, 50373);
INSERT INTO tweets_tags (tags_id, tweets_id) VALUES (122, 50374);
INSERT INTO tweets_tags (tags_id, tweets_id) VALUES (135, 50374);
INSERT INTO tweets_tags (tags_id, tweets_id) VALUES (126, 50374);
INSERT INTO tweets_tags (tags_id, tweets_id) VALUES (135, 50375);
INSERT INTO tweets_tags (tags_id, tweets_id) VALUES (122, 50375);
INSERT INTO tweets_tags (tags_id, tweets_id) VALUES (131, 50375);
INSERT INTO tweets_tags (tags_id, tweets_id) VALUES (135, 50376);
INSERT INTO tweets_tags (tags_id, tweets_id) VALUES (122, 50376);
INSERT INTO tweets_tags (tags_id, tweets_id) VALUES (131, 50376);
INSERT INTO tweets_tags (tags_id, tweets_id) VALUES (123, 50377);
INSERT INTO tweets_tags (tags_id, tweets_id) VALUES (122, 50377);
INSERT INTO tweets_tags (tags_id, tweets_id) VALUES (135, 50377);
INSERT INTO tweets_tags (tags_id, tweets_id) VALUES (122, 50378);
INSERT INTO tweets_tags (tags_id, tweets_id) VALUES (135, 50378);
INSERT INTO tweets_tags (tags_id, tweets_id) VALUES (126, 50378);
INSERT INTO tweets_tags (tags_id, tweets_id) VALUES (128, 50379);
INSERT INTO tweets_tags (tags_id, tweets_id) VALUES (124, 50379);
INSERT INTO tweets_tags (tags_id, tweets_id) VALUES (129, 50379);
INSERT INTO tweets_tags (tags_id, tweets_id) VALUES (123, 50380);
INSERT INTO tweets_tags (tags_id, tweets_id) VALUES (122, 50380);
INSERT INTO tweets_tags (tags_id, tweets_id) VALUES (136, 50380);
INSERT INTO tweets_tags (tags_id, tweets_id) VALUES (136, 50381);
INSERT INTO tweets_tags (tags_id, tweets_id) VALUES (137, 50381);
INSERT INTO tweets_tags (tags_id, tweets_id) VALUES (125, 50381);
INSERT INTO tweets_tags (tags_id, tweets_id) VALUES (137, 50382);
INSERT INTO tweets_tags (tags_id, tweets_id) VALUES (125, 50382);
INSERT INTO tweets_tags (tags_id, tweets_id) VALUES (136, 50382);
INSERT INTO tweets_tags (tags_id, tweets_id) VALUES (128, 50383);
INSERT INTO tweets_tags (tags_id, tweets_id) VALUES (124, 50383);
INSERT INTO tweets_tags (tags_id, tweets_id) VALUES (129, 50383);
INSERT INTO tweets_tags (tags_id, tweets_id) VALUES (128, 50384);
INSERT INTO tweets_tags (tags_id, tweets_id) VALUES (124, 50384);
INSERT INTO tweets_tags (tags_id, tweets_id) VALUES (129, 50384);
INSERT INTO tweets_tags (tags_id, tweets_id) VALUES (130, 50385);
INSERT INTO tweets_tags (tags_id, tweets_id) VALUES (131, 50385);
INSERT INTO tweets_tags (tags_id, tweets_id) VALUES (123, 50385);
INSERT INTO tweets_tags (tags_id, tweets_id) VALUES (139, 50386);
INSERT INTO tweets_tags (tags_id, tweets_id) VALUES (122, 50386);
INSERT INTO tweets_tags (tags_id, tweets_id) VALUES (135, 50386);
INSERT INTO tweets_tags (tags_id, tweets_id) VALUES (127, 50387);
INSERT INTO tweets_tags (tags_id, tweets_id) VALUES (140, 50387);
INSERT INTO tweets_tags (tags_id, tweets_id) VALUES (125, 50387);
INSERT INTO tweets_tags (tags_id, tweets_id) VALUES (135, 50388);
INSERT INTO tweets_tags (tags_id, tweets_id) VALUES (122, 50388);
INSERT INTO tweets_tags (tags_id, tweets_id) VALUES (131, 50388);
INSERT INTO tweets_tags (tags_id, tweets_id) VALUES (135, 50389);
INSERT INTO tweets_tags (tags_id, tweets_id) VALUES (122, 50389);
INSERT INTO tweets_tags (tags_id, tweets_id) VALUES (131, 50389);
INSERT INTO tweets_tags (tags_id, tweets_id) VALUES (123, 50390);
INSERT INTO tweets_tags (tags_id, tweets_id) VALUES (131, 50390);
INSERT INTO tweets_tags (tags_id, tweets_id) VALUES (130, 50390);
INSERT INTO tweets_tags (tags_id, tweets_id) VALUES (122, 50391);
INSERT INTO tweets_tags (tags_id, tweets_id) VALUES (135, 50391);
INSERT INTO tweets_tags (tags_id, tweets_id) VALUES (126, 50391);
INSERT INTO tweets_tags (tags_id, tweets_id) VALUES (122, 50392);
INSERT INTO tweets_tags (tags_id, tweets_id) VALUES (135, 50392);
INSERT INTO tweets_tags (tags_id, tweets_id) VALUES (127, 50392);
INSERT INTO tweets_tags (tags_id, tweets_id) VALUES (121, 50393);
INSERT INTO tweets_tags (tags_id, tweets_id) VALUES (122, 50393);
INSERT INTO tweets_tags (tags_id, tweets_id) VALUES (134, 50393);
INSERT INTO tweets_tags (tags_id, tweets_id) VALUES (138, 50394);
INSERT INTO tweets_tags (tags_id, tweets_id) VALUES (126, 50394);
INSERT INTO tweets_tags (tags_id, tweets_id) VALUES (122, 50394);
INSERT INTO tweets_tags (tags_id, tweets_id) VALUES (130, 50395);
INSERT INTO tweets_tags (tags_id, tweets_id) VALUES (131, 50395);
INSERT INTO tweets_tags (tags_id, tweets_id) VALUES (123, 50395);
INSERT INTO tweets_tags (tags_id, tweets_id) VALUES (127, 50396);
INSERT INTO tweets_tags (tags_id, tweets_id) VALUES (125, 50396);
INSERT INTO tweets_tags (tags_id, tweets_id) VALUES (123, 50396);
INSERT INTO tweets_tags (tags_id, tweets_id) VALUES (122, 50397);
INSERT INTO tweets_tags (tags_id, tweets_id) VALUES (135, 50397);
INSERT INTO tweets_tags (tags_id, tweets_id) VALUES (127, 50397);
INSERT INTO tweets_tags (tags_id, tweets_id) VALUES (123, 50398);
INSERT INTO tweets_tags (tags_id, tweets_id) VALUES (122, 50398);
INSERT INTO tweets_tags (tags_id, tweets_id) VALUES (136, 50398);
INSERT INTO tweets_tags (tags_id, tweets_id) VALUES (137, 50399);
INSERT INTO tweets_tags (tags_id, tweets_id) VALUES (125, 50399);
INSERT INTO tweets_tags (tags_id, tweets_id) VALUES (136, 50399);
INSERT INTO tweets_tags (tags_id, tweets_id) VALUES (141, 50400);
INSERT INTO tweets_tags (tags_id, tweets_id) VALUES (121, 50400);
INSERT INTO tweets_tags (tags_id, tweets_id) VALUES (122, 50400);
INSERT INTO tweets_tags (tags_id, tweets_id) VALUES (141, 50401);
INSERT INTO tweets_tags (tags_id, tweets_id) VALUES (136, 50401);
INSERT INTO tweets_tags (tags_id, tweets_id) VALUES (135, 50401);
INSERT INTO tweets_tags (tags_id, tweets_id) VALUES (141, 50402);
INSERT INTO tweets_tags (tags_id, tweets_id) VALUES (122, 50402);
INSERT INTO tweets_tags (tags_id, tweets_id) VALUES (135, 50402);
INSERT INTO tweets_tags (tags_id, tweets_id) VALUES (141, 50403);
INSERT INTO tweets_tags (tags_id, tweets_id) VALUES (121, 50403);
INSERT INTO tweets_tags (tags_id, tweets_id) VALUES (122, 50403);
INSERT INTO tweets_tags (tags_id, tweets_id) VALUES (141, 50404);
INSERT INTO tweets_tags (tags_id, tweets_id) VALUES (136, 50404);
INSERT INTO tweets_tags (tags_id, tweets_id) VALUES (135, 50404);
INSERT INTO tweets_tags (tags_id, tweets_id) VALUES (142, 50405);
INSERT INTO tweets_tags (tags_id, tweets_id) VALUES (122, 50405);
INSERT INTO tweets_tags (tags_id, tweets_id) VALUES (135, 50405);
INSERT INTO tweets_tags (tags_id, tweets_id) VALUES (142, 50406);
INSERT INTO tweets_tags (tags_id, tweets_id) VALUES (123, 50406);
INSERT INTO tweets_tags (tags_id, tweets_id) VALUES (138, 50406);
INSERT INTO tweets_tags (tags_id, tweets_id) VALUES (142, 50407);
INSERT INTO tweets_tags (tags_id, tweets_id) VALUES (135, 50407);
INSERT INTO tweets_tags (tags_id, tweets_id) VALUES (125, 50407);
INSERT INTO tweets_tags (tags_id, tweets_id) VALUES (142, 50408);
INSERT INTO tweets_tags (tags_id, tweets_id) VALUES (122, 50408);
INSERT INTO tweets_tags (tags_id, tweets_id) VALUES (135, 50408);
INSERT INTO tweets_tags (tags_id, tweets_id) VALUES (142, 50409);
INSERT INTO tweets_tags (tags_id, tweets_id) VALUES (123, 50409);
INSERT INTO tweets_tags (tags_id, tweets_id) VALUES (138, 50409);
INSERT INTO tweets_tags (tags_id, tweets_id) VALUES (143, 50410);
INSERT INTO tweets_tags (tags_id, tweets_id) VALUES (125, 50410);
INSERT INTO tweets_tags (tags_id, tweets_id) VALUES (136, 50410);
INSERT INTO tweets_tags (tags_id, tweets_id) VALUES (143, 50411);
INSERT INTO tweets_tags (tags_id, tweets_id) VALUES (127, 50411);
INSERT INTO tweets_tags (tags_id, tweets_id) VALUES (135, 50411);
INSERT INTO tweets_tags (tags_id, tweets_id) VALUES (143, 50412);
INSERT INTO tweets_tags (tags_id, tweets_id) VALUES (123, 50412);
INSERT INTO tweets_tags (tags_id, tweets_id) VALUES (130, 50412);
INSERT INTO tweets_tags (tags_id, tweets_id) VALUES (143, 50413);
INSERT INTO tweets_tags (tags_id, tweets_id) VALUES (125, 50413);
INSERT INTO tweets_tags (tags_id, tweets_id) VALUES (136, 50413);
INSERT INTO tweets_tags (tags_id, tweets_id) VALUES (143, 50414);
INSERT INTO tweets_tags (tags_id, tweets_id) VALUES (127, 50414);
INSERT INTO tweets_tags (tags_id, tweets_id) VALUES (135, 50414);
INSERT INTO tweets_tags (tags_id, tweets_id) VALUES (144, 50415);
INSERT INTO tweets_tags (tags_id, tweets_id) VALUES (125, 50415);
INSERT INTO tweets_tags (tags_id, tweets_id) VALUES (135, 50415);
INSERT INTO tweets_tags (tags_id, tweets_id) VALUES (144, 50416);
INSERT INTO tweets_tags (tags_id, tweets_id) VALUES (140, 50416);
INSERT INTO tweets_tags (tags_id, tweets_id) VALUES (125, 50416);
INSERT INTO tweets_tags (tags_id, tweets_id) VALUES (144, 50417);
INSERT INTO tweets_tags (tags_id, tweets_id) VALUES (136, 50417);
INSERT INTO tweets_tags (tags_id, tweets_id) VALUES (144, 50418);
INSERT INTO tweets_tags (tags_id, tweets_id) VALUES (125, 50418);
INSERT INTO tweets_tags (tags_id, tweets_id) VALUES (135, 50418);
INSERT INTO tweets_tags (tags_id, tweets_id) VALUES (144, 50419);
INSERT INTO tweets_tags (tags_id, tweets_id) VALUES (140, 50419);
INSERT INTO tweets_tags (tags_id, tweets_id) VALUES (125, 50419);
INSERT INTO tweets_tags (tags_id, tweets_id) VALUES (145, 50420);
INSERT INTO tweets_tags (tags_id, tweets_id) VALUES (135, 50420);
INSERT INTO tweets_tags (tags_id, tweets_id) VALUES (131, 50420);
INSERT INTO tweets_tags (tags_id, tweets_id) VALUES (145, 50421);
INSERT INTO tweets_tags (tags_id, tweets_id) VALUES (123, 50421);
INSERT INTO tweets_tags (tags_id, tweets_id) VALUES (135, 50421);
INSERT INTO tweets_tags (tags_id, tweets_id) VALUES (145, 50422);
INSERT INTO tweets_tags (tags_id, tweets_id) VALUES (122, 50422);
INSERT INTO tweets_tags (tags_id, tweets_id) VALUES (130, 50422);
INSERT INTO tweets_tags (tags_id, tweets_id) VALUES (145, 50423);
INSERT INTO tweets_tags (tags_id, tweets_id) VALUES (135, 50423);
INSERT INTO tweets_tags (tags_id, tweets_id) VALUES (131, 50423);
INSERT INTO tweets_tags (tags_id, tweets_id) VALUES (145, 50424);
INSERT INTO tweets_tags (tags_id, tweets_id) VALUES (123, 50424);
INSERT INTO tweets_tags (tags_id, tweets_id) VALUES (135, 50424);
INSERT INTO tweets_tags (tags_id, tweets_id) VALUES (146, 50425);
INSERT INTO tweets_tags (tags_id, tweets_id) VALUES (127, 50425);
INSERT INTO tweets_tags (tags_id, tweets_id) VALUES (125, 50425);
INSERT INTO tweets_tags (tags_id, tweets_id) VALUES (146, 50426);
INSERT INTO tweets_tags (tags_id, tweets_id) VALUES (140, 50426);
INSERT INTO tweets_tags (tags_id, tweets_id) VALUES (127, 50426);
INSERT INTO tweets_tags (tags_id, tweets_id) VALUES (146, 50427);
INSERT INTO tweets_tags (tags_id, tweets_id) VALUES (134, 50427);
INSERT INTO tweets_tags (tags_id, tweets_id) VALUES (135, 50427);
INSERT INTO tweets_tags (tags_id, tweets_id) VALUES (146, 50428);
INSERT INTO tweets_tags (tags_id, tweets_id) VALUES (127, 50428);
INSERT INTO tweets_tags (tags_id, tweets_id) VALUES (125, 50428);
INSERT INTO tweets_tags (tags_id, tweets_id) VALUES (146, 50429);
INSERT INTO tweets_tags (tags_id, tweets_id) VALUES (140, 50429);
INSERT INTO tweets_tags (tags_id, tweets_id) VALUES (127, 50429);
INSERT INTO tweets_tags (tags_id, tweets_id) VALUES (147, 50430);
INSERT INTO tweets_tags (tags_id, tweets_id) VALUES (127, 50430);
INSERT INTO tweets_tags (tags_id, tweets_id) VALUES (121, 50430);
INSERT INTO tweets_tags (tags_id, tweets_id) VALUES (147, 50431);
INSERT INTO tweets_tags (tags_id, tweets_id) VALUES (127, 50431);
INSERT INTO tweets_tags (tags_id, tweets_id) VALUES (123, 50431);
INSERT INTO tweets_tags (tags_id, tweets_id) VALUES (147, 50432);
INSERT INTO tweets_tags (tags_id, tweets_id) VALUES (127, 50432);
INSERT INTO tweets_tags (tags_id, tweets_id) VALUES (146, 50432);
INSERT INTO tweets_tags (tags_id, tweets_id) VALUES (147, 50433);
INSERT INTO tweets_tags (tags_id, tweets_id) VALUES (127, 50433);
INSERT INTO tweets_tags (tags_id, tweets_id) VALUES (121, 50433);
INSERT INTO tweets_tags (tags_id, tweets_id) VALUES (147, 50434);
INSERT INTO tweets_tags (tags_id, tweets_id) VALUES (127, 50434);
INSERT INTO tweets_tags (tags_id, tweets_id) VALUES (123, 50434);
INSERT INTO tweets_tags (tags_id, tweets_id) VALUES (148, 50435);
INSERT INTO tweets_tags (tags_id, tweets_id) VALUES (125, 50435);
INSERT INTO tweets_tags (tags_id, tweets_id) VALUES (123, 50435);
INSERT INTO tweets_tags (tags_id, tweets_id) VALUES (148, 50436);
INSERT INTO tweets_tags (tags_id, tweets_id) VALUES (127, 50436);
INSERT INTO tweets_tags (tags_id, tweets_id) VALUES (132, 50436);
INSERT INTO tweets_tags (tags_id, tweets_id) VALUES (148, 50437);
INSERT INTO tweets_tags (tags_id, tweets_id) VALUES (146, 50437);
INSERT INTO tweets_tags (tags_id, tweets_id) VALUES (140, 50437);
INSERT INTO tweets_tags (tags_id, tweets_id) VALUES (148, 50438);
INSERT INTO tweets_tags (tags_id, tweets_id) VALUES (125, 50438);
INSERT INTO tweets_tags (tags_id, tweets_id) VALUES (123, 50438);
INSERT INTO tweets_tags (tags_id, tweets_id) VALUES (148, 50439);
INSERT INTO tweets_tags (tags_id, tweets_id) VALUES (127, 50439);
INSERT INTO tweets_tags (tags_id, tweets_id) VALUES (132, 50439);
INSERT INTO tweets_tags (tags_id, tweets_id) VALUES (149, 50440);
INSERT INTO tweets_tags (tags_id, tweets_id) VALUES (134, 50440);
INSERT INTO tweets_tags (tags_id, tweets_id) VALUES (121, 50440);
INSERT INTO tweets_tags (tags_id, tweets_id) VALUES (149, 50441);
INSERT INTO tweets_tags (tags_id, tweets_id) VALUES (122, 50441);
INSERT INTO tweets_tags (tags_id, tweets_id) VALUES (140, 50441);
INSERT INTO tweets_tags (tags_id, tweets_id) VALUES (149, 50442);
INSERT INTO tweets_tags (tags_id, tweets_id) VALUES (146, 50442);
INSERT INTO tweets_tags (tags_id, tweets_id) VALUES (135, 50442);
INSERT INTO tweets_tags (tags_id, tweets_id) VALUES (149, 50443);
INSERT INTO tweets_tags (tags_id, tweets_id) VALUES (134, 50443);
INSERT INTO tweets_tags (tags_id, tweets_id) VALUES (121, 50443);
INSERT INTO tweets_tags (tags_id, tweets_id) VALUES (149, 50444);
INSERT INTO tweets_tags (tags_id, tweets_id) VALUES (122, 50444);
INSERT INTO tweets_tags (tags_id, tweets_id) VALUES (140, 50444);
INSERT INTO tweets_tags (tags_id, tweets_id) VALUES (150, 50445);
INSERT INTO tweets_tags (tags_id, tweets_id) VALUES (122, 50445);
INSERT INTO tweets_tags (tags_id, tweets_id) VALUES (135, 50445);
INSERT INTO tweets_tags (tags_id, tweets_id) VALUES (150, 50446);
INSERT INTO tweets_tags (tags_id, tweets_id) VALUES (121, 50446);
INSERT INTO tweets_tags (tags_id, tweets_id) VALUES (136, 50446);
INSERT INTO tweets_tags (tags_id, tweets_id) VALUES (150, 50447);
INSERT INTO tweets_tags (tags_id, tweets_id) VALUES (137, 50447);
INSERT INTO tweets_tags (tags_id, tweets_id) VALUES (135, 50447);
INSERT INTO tweets_tags (tags_id, tweets_id) VALUES (150, 50448);
INSERT INTO tweets_tags (tags_id, tweets_id) VALUES (122, 50448);
INSERT INTO tweets_tags (tags_id, tweets_id) VALUES (135, 50448);
INSERT INTO tweets_tags (tags_id, tweets_id) VALUES (150, 50449);
INSERT INTO tweets_tags (tags_id, tweets_id) VALUES (121, 50449);
INSERT INTO tweets_tags (tags_id, tweets_id) VALUES (136, 50449);
UPDATE tags SET tweets_quantity = tweets_quantity + 68 WHERE id = 121;
UPDATE tags SET tweets_quantity = tweets_quantity + 156 WHERE id = 122;
UPDATE tags SET tweets_quantity = tweets_quantity + 135 WHERE id = 123;
UPDATE tags SET tweets_quantity = tweets_quantity + 36 WHERE id = 124;
UPDATE tags SET tweets_quantity = tweets_quantity + 85 WHERE id = 125;
UPDATE tags SET tweets_quantity = tweets_quantity + 80 WHERE id = 126;
UPDATE tags SET tweets_quantity = tweets_quantity + 60 WHERE id = 127;
UPDATE tags SET tweets_quantity = tweets_quantity + 36 WHERE id = 128;
UPDATE tags SET tweets_quantity = tweets_quantity + 60 WHERE id = 129;
UPDATE tags SET tweets_quantity = tweets_quantity + 50 WHERE id = 130;
UPDATE tags SET tweets_quantity = tweets_quantity + 87 WHERE id = 131;
UPDATE tags SET tweets_quantity = tweets_quantity + 42 WHERE id = 132;
UPDATE tags SET tweets_quantity = tweets_quantity + 28 WHERE id = 133;
UPDATE tags SET tweets_quantity = tweets_quantity + 55 WHERE id = 134;
UPDATE tags SET tweets_quantity = tweets_quantity + 115 WHERE id = 135;
UPDATE tags SET tweets_quantity = tweets_quantity + 67 WHERE id = 136;
UPDATE tags SET tweets_quantity = tweets_quantity + 32 WHERE id = 137;
UPDATE tags SET tweets_quantity = tweets_quantity + 37 WHERE id = 138;
UPDATE tags SET tweets_quantity = tweets_quantity + 15 WHERE id = 139;
UPDATE tags SET tweets_quantity = tweets_quantity + 52 WHERE id = 140;
UPDATE tags SET tweets_quantity = tweets_quantity + 5 WHERE id = 141;
UPDATE tags SET tweets_quantity = tweets_quantity + 5 WHERE id = 142;
UPDATE tags SET tweets_quantity = tweets_quantity + 5 WHERE id = 143;
UPDATE tags SET tweets_quantity = tweets_quantity + 5 WHERE id = 144;
UPDATE tags SET tweets_quantity = tweets_quantity + 5 WHERE id = 145;
UPDATE tags SET tweets_quantity = tweets_quantity + 8 WHERE id = 146;
UPDATE tags SET tweets_quantity = tweets_quantity + 5 WHERE id = 147;
UPDATE tags SET tweets_quantity = tweets_quantity + 5 WHERE id = 148;
UPDATE tags SET tweets_quantity = tweets_quantity + 5 WHERE id = 149;
UPDATE tags SET tweets_quantity = tweets_quantity + 5 WHERE id = 150;

-- like_tweets
INSERT INTO like_tweets (id, like_tweet_date, tweets_id, users_id) VALUES (50000, '2026-05-02 04:00:00', 50182, 362);
INSERT INTO like_tweets (id, like_tweet_date, tweets_id, users_id) VALUES (50001, '2026-04-27 04:00:00', 50125, 328);
INSERT INTO like_tweets (id, like_tweet_date, tweets_id, users_id) VALUES (50002, '2026-06-07 13:00:00', 50105, 145);
INSERT INTO like_tweets (id, like_tweet_date, tweets_id, users_id) VALUES (50003, '2026-06-05 13:00:00', 50193, 155);
INSERT INTO like_tweets (id, like_tweet_date, tweets_id, users_id) VALUES (50004, '2026-04-27 04:00:00', 50449, 338);
INSERT INTO like_tweets (id, like_tweet_date, tweets_id, users_id) VALUES (50005, '2026-05-03 04:00:00', 50089, 243);
INSERT INTO like_tweets (id, like_tweet_date, tweets_id, users_id) VALUES (50006, '2026-06-08 05:00:00', 50169, 308);
INSERT INTO like_tweets (id, like_tweet_date, tweets_id, users_id) VALUES (50007, '2026-06-08 10:00:00', 50141, 266);
INSERT INTO like_tweets (id, like_tweet_date, tweets_id, users_id) VALUES (50008, '2026-06-09 02:00:00', 50021, 374);
INSERT INTO like_tweets (id, like_tweet_date, tweets_id, users_id) VALUES (50009, '2026-06-09 08:00:00', 50427, 170);
INSERT INTO like_tweets (id, like_tweet_date, tweets_id, users_id) VALUES (50010, '2026-06-08 04:00:00', 50407, 340);
INSERT INTO like_tweets (id, like_tweet_date, tweets_id, users_id) VALUES (50011, '2026-06-07 12:00:00', 50147, 156);
INSERT INTO like_tweets (id, like_tweet_date, tweets_id, users_id) VALUES (50012, '2026-05-04 07:00:00', 50255, 183);
INSERT INTO like_tweets (id, like_tweet_date, tweets_id, users_id) VALUES (50013, '2026-05-21 11:00:00', 50348, 184);
INSERT INTO like_tweets (id, like_tweet_date, tweets_id, users_id) VALUES (50014, '2026-06-07 11:00:00', 50148, 191);
INSERT INTO like_tweets (id, like_tweet_date, tweets_id, users_id) VALUES (50015, '2026-05-29 14:00:00', 50249, 255);
INSERT INTO like_tweets (id, like_tweet_date, tweets_id, users_id) VALUES (50016, '2026-05-24 12:00:00', 50409, 258);
INSERT INTO like_tweets (id, like_tweet_date, tweets_id, users_id) VALUES (50017, '2026-06-07 14:00:00', 50232, 120);
INSERT INTO like_tweets (id, like_tweet_date, tweets_id, users_id) VALUES (50018, '2026-04-22 20:00:00', 50144, 171);
INSERT INTO like_tweets (id, like_tweet_date, tweets_id, users_id) VALUES (50019, '2026-05-28 18:00:00', 50250, 264);
INSERT INTO like_tweets (id, like_tweet_date, tweets_id, users_id) VALUES (50020, '2026-05-05 14:00:00', 50220, 288);
INSERT INTO like_tweets (id, like_tweet_date, tweets_id, users_id) VALUES (50021, '2026-05-09 08:00:00', 50025, 236);
INSERT INTO like_tweets (id, like_tweet_date, tweets_id, users_id) VALUES (50022, '2026-06-09 20:00:00', 50179, 253);
INSERT INTO like_tweets (id, like_tweet_date, tweets_id, users_id) VALUES (50023, '2026-05-07 20:00:00', 50340, 187);
INSERT INTO like_tweets (id, like_tweet_date, tweets_id, users_id) VALUES (50024, '2026-05-20 11:00:00', 50365, 246);
INSERT INTO like_tweets (id, like_tweet_date, tweets_id, users_id) VALUES (50025, '2026-05-09 05:00:00', 50375, 208);
INSERT INTO like_tweets (id, like_tweet_date, tweets_id, users_id) VALUES (50026, '2026-05-16 06:00:00', 50299, 141);
INSERT INTO like_tweets (id, like_tweet_date, tweets_id, users_id) VALUES (50027, '2026-06-09 20:00:00', 50112, 116);
INSERT INTO like_tweets (id, like_tweet_date, tweets_id, users_id) VALUES (50028, '2026-06-08 21:00:00', 50181, 235);
INSERT INTO like_tweets (id, like_tweet_date, tweets_id, users_id) VALUES (50029, '2026-05-07 09:00:00', 50216, 312);
INSERT INTO like_tweets (id, like_tweet_date, tweets_id, users_id) VALUES (50030, '2026-05-31 12:00:00', 50133, 262);
INSERT INTO like_tweets (id, like_tweet_date, tweets_id, users_id) VALUES (50031, '2026-06-09 01:00:00', 50088, 331);
INSERT INTO like_tweets (id, like_tweet_date, tweets_id, users_id) VALUES (50032, '2026-06-08 14:00:00', 50411, 179);
INSERT INTO like_tweets (id, like_tweet_date, tweets_id, users_id) VALUES (50033, '2026-05-16 22:00:00', 50128, 177);
INSERT INTO like_tweets (id, like_tweet_date, tweets_id, users_id) VALUES (50034, '2026-06-08 08:00:00', 50283, 210);
INSERT INTO like_tweets (id, like_tweet_date, tweets_id, users_id) VALUES (50035, '2026-05-13 20:00:00', 50156, 143);
INSERT INTO like_tweets (id, like_tweet_date, tweets_id, users_id) VALUES (50036, '2026-06-10 10:00:00', 50290, 344);
INSERT INTO like_tweets (id, like_tweet_date, tweets_id, users_id) VALUES (50037, '2026-05-10 03:00:00', 50093, 300);
INSERT INTO like_tweets (id, like_tweet_date, tweets_id, users_id) VALUES (50038, '2026-05-18 23:00:00', 50049, 178);
INSERT INTO like_tweets (id, like_tweet_date, tweets_id, users_id) VALUES (50039, '2026-06-10 04:00:00', 50226, 268);
INSERT INTO like_tweets (id, like_tweet_date, tweets_id, users_id) VALUES (50040, '2026-06-08 08:00:00', 50350, 291);
INSERT INTO like_tweets (id, like_tweet_date, tweets_id, users_id) VALUES (50041, '2026-06-09 07:00:00', 50181, 326);
INSERT INTO like_tweets (id, like_tweet_date, tweets_id, users_id) VALUES (50042, '2026-04-26 19:00:00', 50215, 318);
INSERT INTO like_tweets (id, like_tweet_date, tweets_id, users_id) VALUES (50043, '2026-05-30 10:00:00', 50014, 113);
INSERT INTO like_tweets (id, like_tweet_date, tweets_id, users_id) VALUES (50044, '2026-06-08 11:00:00', 50045, 179);
INSERT INTO like_tweets (id, like_tweet_date, tweets_id, users_id) VALUES (50045, '2026-06-08 06:00:00', 50402, 232);
INSERT INTO like_tweets (id, like_tweet_date, tweets_id, users_id) VALUES (50046, '2026-06-08 18:00:00', 50191, 173);
INSERT INTO like_tweets (id, like_tweet_date, tweets_id, users_id) VALUES (50047, '2026-04-29 20:00:00', 50289, 258);
INSERT INTO like_tweets (id, like_tweet_date, tweets_id, users_id) VALUES (50048, '2026-06-08 05:00:00', 50386, 309);
INSERT INTO like_tweets (id, like_tweet_date, tweets_id, users_id) VALUES (50049, '2026-05-21 11:00:00', 50206, 103);
INSERT INTO like_tweets (id, like_tweet_date, tweets_id, users_id) VALUES (50050, '2026-06-08 11:00:00', 50413, 373);
INSERT INTO like_tweets (id, like_tweet_date, tweets_id, users_id) VALUES (50051, '2026-06-07 04:00:00', 50429, 127);
INSERT INTO like_tweets (id, like_tweet_date, tweets_id, users_id) VALUES (50052, '2026-06-07 22:00:00', 50028, 246);
INSERT INTO like_tweets (id, like_tweet_date, tweets_id, users_id) VALUES (50053, '2026-05-29 06:00:00', 50170, 149);
INSERT INTO like_tweets (id, like_tweet_date, tweets_id, users_id) VALUES (50054, '2026-05-01 08:00:00', 50289, 354);
INSERT INTO like_tweets (id, like_tweet_date, tweets_id, users_id) VALUES (50055, '2026-05-15 14:00:00', 50442, 131);
INSERT INTO like_tweets (id, like_tweet_date, tweets_id, users_id) VALUES (50056, '2026-06-07 09:00:00', 50379, 369);
INSERT INTO like_tweets (id, like_tweet_date, tweets_id, users_id) VALUES (50057, '2026-06-04 22:00:00', 50359, 212);
INSERT INTO like_tweets (id, like_tweet_date, tweets_id, users_id) VALUES (50058, '2026-06-07 15:00:00', 50073, 361);
INSERT INTO like_tweets (id, like_tweet_date, tweets_id, users_id) VALUES (50059, '2026-06-09 02:00:00', 50114, 187);
INSERT INTO like_tweets (id, like_tweet_date, tweets_id, users_id) VALUES (50060, '2026-06-06 06:00:00', 50321, 267);
INSERT INTO like_tweets (id, like_tweet_date, tweets_id, users_id) VALUES (50061, '2026-06-07 03:00:00', 50412, 356);
INSERT INTO like_tweets (id, like_tweet_date, tweets_id, users_id) VALUES (50062, '2026-05-06 22:00:00', 50058, 134);
INSERT INTO like_tweets (id, like_tweet_date, tweets_id, users_id) VALUES (50063, '2026-06-10 03:00:00', 50078, 161);
INSERT INTO like_tweets (id, like_tweet_date, tweets_id, users_id) VALUES (50064, '2026-05-17 06:00:00', 50049, 234);
INSERT INTO like_tweets (id, like_tweet_date, tweets_id, users_id) VALUES (50065, '2026-04-23 06:00:00', 50053, 350);
INSERT INTO like_tweets (id, like_tweet_date, tweets_id, users_id) VALUES (50066, '2026-06-08 00:00:00', 50426, 366);
INSERT INTO like_tweets (id, like_tweet_date, tweets_id, users_id) VALUES (50067, '2026-06-07 11:00:00', 50200, 128);
INSERT INTO like_tweets (id, like_tweet_date, tweets_id, users_id) VALUES (50068, '2026-06-08 21:00:00', 50153, 315);
INSERT INTO like_tweets (id, like_tweet_date, tweets_id, users_id) VALUES (50069, '2026-06-09 10:00:00', 50094, 228);
INSERT INTO like_tweets (id, like_tweet_date, tweets_id, users_id) VALUES (50070, '2026-05-30 12:00:00', 50133, 332);
INSERT INTO like_tweets (id, like_tweet_date, tweets_id, users_id) VALUES (50071, '2026-05-11 01:00:00', 50221, 182);
INSERT INTO like_tweets (id, like_tweet_date, tweets_id, users_id) VALUES (50072, '2026-06-07 19:00:00', 50094, 180);
INSERT INTO like_tweets (id, like_tweet_date, tweets_id, users_id) VALUES (50073, '2026-04-27 13:00:00', 50087, 369);
INSERT INTO like_tweets (id, like_tweet_date, tweets_id, users_id) VALUES (50074, '2026-06-08 02:00:00', 50102, 351);
INSERT INTO like_tweets (id, like_tweet_date, tweets_id, users_id) VALUES (50075, '2026-06-06 09:00:00', 50148, 256);
INSERT INTO like_tweets (id, like_tweet_date, tweets_id, users_id) VALUES (50076, '2026-06-09 09:00:00', 50301, 360);
INSERT INTO like_tweets (id, like_tweet_date, tweets_id, users_id) VALUES (50077, '2026-06-04 10:00:00', 50341, 248);
INSERT INTO like_tweets (id, like_tweet_date, tweets_id, users_id) VALUES (50078, '2026-05-14 01:00:00', 50197, 154);
INSERT INTO like_tweets (id, like_tweet_date, tweets_id, users_id) VALUES (50079, '2026-06-06 08:00:00', 50213, 325);
INSERT INTO like_tweets (id, like_tweet_date, tweets_id, users_id) VALUES (50080, '2026-05-30 15:00:00', 50014, 253);
INSERT INTO like_tweets (id, like_tweet_date, tweets_id, users_id) VALUES (50081, '2026-04-26 14:00:00', 50061, 307);
INSERT INTO like_tweets (id, like_tweet_date, tweets_id, users_id) VALUES (50082, '2026-05-09 21:00:00', 50297, 263);
INSERT INTO like_tweets (id, like_tweet_date, tweets_id, users_id) VALUES (50083, '2026-05-10 06:00:00', 50330, 335);
INSERT INTO like_tweets (id, like_tweet_date, tweets_id, users_id) VALUES (50084, '2026-06-09 07:00:00', 50181, 179);
INSERT INTO like_tweets (id, like_tweet_date, tweets_id, users_id) VALUES (50085, '2026-05-28 04:00:00', 50370, 342);
INSERT INTO like_tweets (id, like_tweet_date, tweets_id, users_id) VALUES (50086, '2026-06-09 04:00:00', 50004, 189);
INSERT INTO like_tweets (id, like_tweet_date, tweets_id, users_id) VALUES (50087, '2026-04-23 22:00:00', 50256, 365);
INSERT INTO like_tweets (id, like_tweet_date, tweets_id, users_id) VALUES (50088, '2026-06-08 16:00:00', 50178, 376);
INSERT INTO like_tweets (id, like_tweet_date, tweets_id, users_id) VALUES (50089, '2026-05-25 15:00:00', 50262, 132);
INSERT INTO like_tweets (id, like_tweet_date, tweets_id, users_id) VALUES (50090, '2026-05-16 23:00:00', 50335, 185);
INSERT INTO like_tweets (id, like_tweet_date, tweets_id, users_id) VALUES (50091, '2026-05-17 12:00:00', 50335, 281);
INSERT INTO like_tweets (id, like_tweet_date, tweets_id, users_id) VALUES (50092, '2026-06-05 15:00:00', 50366, 179);
INSERT INTO like_tweets (id, like_tweet_date, tweets_id, users_id) VALUES (50093, '2026-06-03 00:00:00', 50401, 263);
INSERT INTO like_tweets (id, like_tweet_date, tweets_id, users_id) VALUES (50094, '2026-06-04 04:00:00', 50034, 355);
INSERT INTO like_tweets (id, like_tweet_date, tweets_id, users_id) VALUES (50095, '2026-06-08 13:00:00', 50241, 200);
INSERT INTO like_tweets (id, like_tweet_date, tweets_id, users_id) VALUES (50096, '2026-06-03 10:00:00', 50397, 377);
INSERT INTO like_tweets (id, like_tweet_date, tweets_id, users_id) VALUES (50097, '2026-06-07 00:00:00', 50066, 273);
INSERT INTO like_tweets (id, like_tweet_date, tweets_id, users_id) VALUES (50098, '2026-05-15 01:00:00', 50299, 314);
INSERT INTO like_tweets (id, like_tweet_date, tweets_id, users_id) VALUES (50099, '2026-04-26 11:00:00', 50023, 115);
INSERT INTO like_tweets (id, like_tweet_date, tweets_id, users_id) VALUES (50100, '2026-06-07 20:00:00', 50118, 149);
INSERT INTO like_tweets (id, like_tweet_date, tweets_id, users_id) VALUES (50101, '2026-05-03 13:00:00', 50255, 351);
INSERT INTO like_tweets (id, like_tweet_date, tweets_id, users_id) VALUES (50102, '2026-04-30 15:00:00', 50389, 226);
INSERT INTO like_tweets (id, like_tweet_date, tweets_id, users_id) VALUES (50103, '2026-04-25 04:00:00', 50053, 197);
INSERT INTO like_tweets (id, like_tweet_date, tweets_id, users_id) VALUES (50104, '2026-06-07 21:00:00', 50386, 323);
INSERT INTO like_tweets (id, like_tweet_date, tweets_id, users_id) VALUES (50105, '2026-06-07 21:00:00', 50031, 236);
INSERT INTO like_tweets (id, like_tweet_date, tweets_id, users_id) VALUES (50106, '2026-06-07 00:00:00', 50019, 137);
INSERT INTO like_tweets (id, like_tweet_date, tweets_id, users_id) VALUES (50107, '2026-06-07 12:00:00', 50390, 299);
INSERT INTO like_tweets (id, like_tweet_date, tweets_id, users_id) VALUES (50108, '2026-05-01 21:00:00', 50089, 272);
INSERT INTO like_tweets (id, like_tweet_date, tweets_id, users_id) VALUES (50109, '2026-06-09 07:00:00', 50357, 338);
INSERT INTO like_tweets (id, like_tweet_date, tweets_id, users_id) VALUES (50110, '2026-06-08 14:00:00', 50068, 210);
INSERT INTO like_tweets (id, like_tweet_date, tweets_id, users_id) VALUES (50111, '2026-06-09 20:00:00', 50129, 359);
INSERT INTO like_tweets (id, like_tweet_date, tweets_id, users_id) VALUES (50112, '2026-06-07 23:00:00', 50347, 254);
INSERT INTO like_tweets (id, like_tweet_date, tweets_id, users_id) VALUES (50113, '2026-05-06 09:00:00', 50103, 190);
INSERT INTO like_tweets (id, like_tweet_date, tweets_id, users_id) VALUES (50114, '2026-06-06 15:00:00', 50416, 206);
INSERT INTO like_tweets (id, like_tweet_date, tweets_id, users_id) VALUES (50115, '2026-04-27 16:00:00', 50298, 112);
INSERT INTO like_tweets (id, like_tweet_date, tweets_id, users_id) VALUES (50116, '2026-04-25 17:00:00', 50104, 117);
INSERT INTO like_tweets (id, like_tweet_date, tweets_id, users_id) VALUES (50117, '2026-05-06 14:00:00', 50002, 292);
INSERT INTO like_tweets (id, like_tweet_date, tweets_id, users_id) VALUES (50118, '2026-06-09 08:00:00', 50290, 136);
INSERT INTO like_tweets (id, like_tweet_date, tweets_id, users_id) VALUES (50119, '2026-06-07 13:00:00', 50094, 362);
INSERT INTO like_tweets (id, like_tweet_date, tweets_id, users_id) VALUES (50120, '2026-06-08 04:00:00', 50426, 214);
INSERT INTO like_tweets (id, like_tweet_date, tweets_id, users_id) VALUES (50121, '2026-04-24 17:00:00', 50256, 288);
INSERT INTO like_tweets (id, like_tweet_date, tweets_id, users_id) VALUES (50122, '2026-06-07 14:00:00', 50316, 178);
INSERT INTO like_tweets (id, like_tweet_date, tweets_id, users_id) VALUES (50123, '2026-06-05 22:00:00', 50224, 326);
INSERT INTO like_tweets (id, like_tweet_date, tweets_id, users_id) VALUES (50124, '2026-06-07 18:00:00', 50447, 136);
INSERT INTO like_tweets (id, like_tweet_date, tweets_id, users_id) VALUES (50125, '2026-06-08 23:00:00', 50065, 372);
INSERT INTO like_tweets (id, like_tweet_date, tweets_id, users_id) VALUES (50126, '2026-06-05 02:00:00', 50051, 160);
INSERT INTO like_tweets (id, like_tweet_date, tweets_id, users_id) VALUES (50127, '2026-06-10 04:00:00', 50118, 126);
INSERT INTO like_tweets (id, like_tweet_date, tweets_id, users_id) VALUES (50128, '2026-06-07 04:00:00', 50169, 111);
INSERT INTO like_tweets (id, like_tweet_date, tweets_id, users_id) VALUES (50129, '2026-06-08 04:00:00', 50420, 256);
INSERT INTO like_tweets (id, like_tweet_date, tweets_id, users_id) VALUES (50130, '2026-05-29 19:00:00', 50199, 291);
INSERT INTO like_tweets (id, like_tweet_date, tweets_id, users_id) VALUES (50131, '2026-04-25 06:00:00', 50446, 188);
INSERT INTO like_tweets (id, like_tweet_date, tweets_id, users_id) VALUES (50132, '2026-06-09 00:00:00', 50038, 231);
INSERT INTO like_tweets (id, like_tweet_date, tweets_id, users_id) VALUES (50133, '2026-06-08 10:00:00', 50312, 364);
INSERT INTO like_tweets (id, like_tweet_date, tweets_id, users_id) VALUES (50134, '2026-06-10 00:00:00', 50204, 129);
INSERT INTO like_tweets (id, like_tweet_date, tweets_id, users_id) VALUES (50135, '2026-06-09 19:00:00', 50357, 156);
INSERT INTO like_tweets (id, like_tweet_date, tweets_id, users_id) VALUES (50136, '2026-04-24 02:00:00', 50134, 115);
INSERT INTO like_tweets (id, like_tweet_date, tweets_id, users_id) VALUES (50137, '2026-06-07 15:00:00', 50173, 323);
INSERT INTO like_tweets (id, like_tweet_date, tweets_id, users_id) VALUES (50138, '2026-06-05 20:00:00', 50102, 279);
INSERT INTO like_tweets (id, like_tweet_date, tweets_id, users_id) VALUES (50139, '2026-05-17 08:00:00', 50071, 212);
INSERT INTO like_tweets (id, like_tweet_date, tweets_id, users_id) VALUES (50140, '2026-06-07 11:00:00', 50418, 276);
INSERT INTO like_tweets (id, like_tweet_date, tweets_id, users_id) VALUES (50141, '2026-04-23 03:00:00', 50120, 360);
INSERT INTO like_tweets (id, like_tweet_date, tweets_id, users_id) VALUES (50142, '2026-06-07 22:00:00', 50412, 118);
INSERT INTO like_tweets (id, like_tweet_date, tweets_id, users_id) VALUES (50143, '2026-05-19 09:00:00', 50036, 321);
INSERT INTO like_tweets (id, like_tweet_date, tweets_id, users_id) VALUES (50144, '2026-04-24 15:00:00', 50282, 353);
INSERT INTO like_tweets (id, like_tweet_date, tweets_id, users_id) VALUES (50145, '2026-06-08 01:00:00', 50138, 121);
INSERT INTO like_tweets (id, like_tweet_date, tweets_id, users_id) VALUES (50146, '2026-04-27 15:00:00', 50018, 362);
INSERT INTO like_tweets (id, like_tweet_date, tweets_id, users_id) VALUES (50147, '2026-04-29 13:00:00', 50115, 287);
INSERT INTO like_tweets (id, like_tweet_date, tweets_id, users_id) VALUES (50148, '2026-06-08 16:00:00', 50244, 263);
INSERT INTO like_tweets (id, like_tweet_date, tweets_id, users_id) VALUES (50149, '2026-06-07 11:00:00', 50010, 128);
INSERT INTO like_tweets (id, like_tweet_date, tweets_id, users_id) VALUES (50150, '2026-05-21 09:00:00', 50396, 208);
INSERT INTO like_tweets (id, like_tweet_date, tweets_id, users_id) VALUES (50151, '2026-06-07 04:00:00', 50311, 302);
INSERT INTO like_tweets (id, like_tweet_date, tweets_id, users_id) VALUES (50152, '2026-04-24 05:00:00', 50282, 354);
INSERT INTO like_tweets (id, like_tweet_date, tweets_id, users_id) VALUES (50153, '2026-05-09 20:00:00', 50198, 301);
INSERT INTO like_tweets (id, like_tweet_date, tweets_id, users_id) VALUES (50154, '2026-05-08 12:00:00', 50220, 326);
INSERT INTO like_tweets (id, like_tweet_date, tweets_id, users_id) VALUES (50155, '2026-05-13 13:00:00', 50070, 159);
INSERT INTO like_tweets (id, like_tweet_date, tweets_id, users_id) VALUES (50156, '2026-06-09 10:00:00', 50060, 296);
INSERT INTO like_tweets (id, like_tweet_date, tweets_id, users_id) VALUES (50157, '2026-06-08 11:00:00', 50099, 283);
INSERT INTO like_tweets (id, like_tweet_date, tweets_id, users_id) VALUES (50158, '2026-04-26 15:00:00', 50029, 229);
INSERT INTO like_tweets (id, like_tweet_date, tweets_id, users_id) VALUES (50159, '2026-06-08 12:00:00', 50047, 105);
INSERT INTO like_tweets (id, like_tweet_date, tweets_id, users_id) VALUES (50160, '2026-06-06 10:00:00', 50211, 123);
INSERT INTO like_tweets (id, like_tweet_date, tweets_id, users_id) VALUES (50161, '2026-06-07 15:00:00', 50447, 235);
INSERT INTO like_tweets (id, like_tweet_date, tweets_id, users_id) VALUES (50162, '2026-05-24 18:00:00', 50039, 129);
INSERT INTO like_tweets (id, like_tweet_date, tweets_id, users_id) VALUES (50163, '2026-06-05 10:00:00', 50224, 200);
INSERT INTO like_tweets (id, like_tweet_date, tweets_id, users_id) VALUES (50164, '2026-06-07 09:00:00', 50022, 268);
INSERT INTO like_tweets (id, like_tweet_date, tweets_id, users_id) VALUES (50165, '2026-06-06 06:00:00', 50308, 233);
INSERT INTO like_tweets (id, like_tweet_date, tweets_id, users_id) VALUES (50166, '2026-06-07 17:00:00', 50066, 311);
INSERT INTO like_tweets (id, like_tweet_date, tweets_id, users_id) VALUES (50167, '2026-04-24 16:00:00', 50336, 170);
INSERT INTO like_tweets (id, like_tweet_date, tweets_id, users_id) VALUES (50168, '2026-05-26 23:00:00', 50039, 236);
INSERT INTO like_tweets (id, like_tweet_date, tweets_id, users_id) VALUES (50169, '2026-06-08 10:00:00', 50105, 361);
INSERT INTO like_tweets (id, like_tweet_date, tweets_id, users_id) VALUES (50170, '2026-06-09 21:00:00', 50439, 220);
INSERT INTO like_tweets (id, like_tweet_date, tweets_id, users_id) VALUES (50171, '2026-05-21 15:00:00', 50365, 262);
INSERT INTO like_tweets (id, like_tweet_date, tweets_id, users_id) VALUES (50172, '2026-06-07 22:00:00', 50399, 257);
INSERT INTO like_tweets (id, like_tweet_date, tweets_id, users_id) VALUES (50173, '2026-05-22 18:00:00', 50269, 244);
INSERT INTO like_tweets (id, like_tweet_date, tweets_id, users_id) VALUES (50174, '2026-06-07 20:00:00', 50357, 365);
INSERT INTO like_tweets (id, like_tweet_date, tweets_id, users_id) VALUES (50175, '2026-05-19 18:00:00', 50027, 285);
INSERT INTO like_tweets (id, like_tweet_date, tweets_id, users_id) VALUES (50176, '2026-06-08 20:00:00', 50361, 356);
INSERT INTO like_tweets (id, like_tweet_date, tweets_id, users_id) VALUES (50177, '2026-05-14 14:00:00', 50040, 212);
INSERT INTO like_tweets (id, like_tweet_date, tweets_id, users_id) VALUES (50178, '2026-04-29 09:00:00', 50430, 374);
INSERT INTO like_tweets (id, like_tweet_date, tweets_id, users_id) VALUES (50179, '2026-05-12 21:00:00', 50156, 215);
INSERT INTO like_tweets (id, like_tweet_date, tweets_id, users_id) VALUES (50180, '2026-06-06 13:00:00', 50190, 180);
INSERT INTO like_tweets (id, like_tweet_date, tweets_id, users_id) VALUES (50181, '2026-04-25 04:00:00', 50120, 333);
INSERT INTO like_tweets (id, like_tweet_date, tweets_id, users_id) VALUES (50182, '2026-05-09 13:00:00', 50058, 110);
INSERT INTO like_tweets (id, like_tweet_date, tweets_id, users_id) VALUES (50183, '2026-05-20 08:00:00', 50428, 117);
INSERT INTO like_tweets (id, like_tweet_date, tweets_id, users_id) VALUES (50184, '2026-05-29 14:00:00', 50142, 304);
INSERT INTO like_tweets (id, like_tweet_date, tweets_id, users_id) VALUES (50185, '2026-05-22 17:00:00', 50423, 143);
INSERT INTO like_tweets (id, like_tweet_date, tweets_id, users_id) VALUES (50186, '2026-05-30 15:00:00', 50142, 304);
INSERT INTO like_tweets (id, like_tweet_date, tweets_id, users_id) VALUES (50187, '2026-05-23 08:00:00', 50009, 303);
INSERT INTO like_tweets (id, like_tweet_date, tweets_id, users_id) VALUES (50188, '2026-05-23 15:00:00', 50227, 122);
INSERT INTO like_tweets (id, like_tweet_date, tweets_id, users_id) VALUES (50189, '2026-06-07 12:00:00', 50105, 302);
INSERT INTO like_tweets (id, like_tweet_date, tweets_id, users_id) VALUES (50190, '2026-06-10 06:00:00', 50337, 328);
INSERT INTO like_tweets (id, like_tweet_date, tweets_id, users_id) VALUES (50191, '2026-04-27 09:00:00', 50026, 264);
INSERT INTO like_tweets (id, like_tweet_date, tweets_id, users_id) VALUES (50192, '2026-06-07 13:00:00', 50277, 286);
INSERT INTO like_tweets (id, like_tweet_date, tweets_id, users_id) VALUES (50193, '2026-06-08 11:00:00', 50311, 280);
INSERT INTO like_tweets (id, like_tweet_date, tweets_id, users_id) VALUES (50194, '2026-06-07 03:00:00', 50414, 218);
INSERT INTO like_tweets (id, like_tweet_date, tweets_id, users_id) VALUES (50195, '2026-06-09 14:00:00', 50174, 330);
INSERT INTO like_tweets (id, like_tweet_date, tweets_id, users_id) VALUES (50196, '2026-06-07 05:00:00', 50400, 129);
INSERT INTO like_tweets (id, like_tweet_date, tweets_id, users_id) VALUES (50197, '2026-06-08 06:00:00', 50283, 306);
INSERT INTO like_tweets (id, like_tweet_date, tweets_id, users_id) VALUES (50198, '2026-06-09 19:00:00', 50439, 345);
INSERT INTO like_tweets (id, like_tweet_date, tweets_id, users_id) VALUES (50199, '2026-05-06 23:00:00', 50293, 373);
INSERT INTO like_tweets (id, like_tweet_date, tweets_id, users_id) VALUES (50200, '2026-06-06 22:00:00', 50083, 303);
INSERT INTO like_tweets (id, like_tweet_date, tweets_id, users_id) VALUES (50201, '2026-05-11 16:00:00', 50381, 229);
INSERT INTO like_tweets (id, like_tweet_date, tweets_id, users_id) VALUES (50202, '2026-05-01 12:00:00', 50007, 251);
INSERT INTO like_tweets (id, like_tweet_date, tweets_id, users_id) VALUES (50203, '2026-06-09 20:00:00', 50043, 235);
INSERT INTO like_tweets (id, like_tweet_date, tweets_id, users_id) VALUES (50204, '2026-06-07 16:00:00', 50151, 280);
INSERT INTO like_tweets (id, like_tweet_date, tweets_id, users_id) VALUES (50205, '2026-06-06 14:00:00', 50019, 248);
INSERT INTO like_tweets (id, like_tweet_date, tweets_id, users_id) VALUES (50206, '2026-04-29 15:00:00', 50137, 236);
INSERT INTO like_tweets (id, like_tweet_date, tweets_id, users_id) VALUES (50207, '2026-05-24 08:00:00', 50063, 265);
INSERT INTO like_tweets (id, like_tweet_date, tweets_id, users_id) VALUES (50208, '2026-05-19 20:00:00', 50428, 243);
INSERT INTO like_tweets (id, like_tweet_date, tweets_id, users_id) VALUES (50209, '2026-05-22 13:00:00', 50227, 344);
INSERT INTO like_tweets (id, like_tweet_date, tweets_id, users_id) VALUES (50210, '2026-06-08 23:00:00', 50225, 104);
INSERT INTO like_tweets (id, like_tweet_date, tweets_id, users_id) VALUES (50211, '2026-04-27 12:00:00', 50018, 291);
INSERT INTO like_tweets (id, like_tweet_date, tweets_id, users_id) VALUES (50212, '2026-06-04 13:00:00', 50326, 219);
INSERT INTO like_tweets (id, like_tweet_date, tweets_id, users_id) VALUES (50213, '2026-04-26 21:00:00', 50029, 140);
INSERT INTO like_tweets (id, like_tweet_date, tweets_id, users_id) VALUES (50214, '2026-06-07 03:00:00', 50312, 268);
INSERT INTO like_tweets (id, like_tweet_date, tweets_id, users_id) VALUES (50215, '2026-06-07 21:00:00', 50225, 200);
INSERT INTO like_tweets (id, like_tweet_date, tweets_id, users_id) VALUES (50216, '2026-06-08 17:00:00', 50392, 249);
INSERT INTO like_tweets (id, like_tweet_date, tweets_id, users_id) VALUES (50217, '2026-06-06 18:00:00', 50444, 361);
INSERT INTO like_tweets (id, like_tweet_date, tweets_id, users_id) VALUES (50218, '2026-06-06 23:00:00', 50116, 197);
INSERT INTO like_tweets (id, like_tweet_date, tweets_id, users_id) VALUES (50219, '2026-04-24 23:00:00', 50446, 125);
INSERT INTO like_tweets (id, like_tweet_date, tweets_id, users_id) VALUES (50220, '2026-05-07 21:00:00', 50058, 119);
INSERT INTO like_tweets (id, like_tweet_date, tweets_id, users_id) VALUES (50221, '2026-06-08 05:00:00', 50350, 367);
INSERT INTO like_tweets (id, like_tweet_date, tweets_id, users_id) VALUES (50222, '2026-06-07 16:00:00', 50296, 270);
INSERT INTO like_tweets (id, like_tweet_date, tweets_id, users_id) VALUES (50223, '2026-06-07 01:00:00', 50283, 224);
INSERT INTO like_tweets (id, like_tweet_date, tweets_id, users_id) VALUES (50224, '2026-05-21 01:00:00', 50365, 240);
INSERT INTO like_tweets (id, like_tweet_date, tweets_id, users_id) VALUES (50225, '2026-04-27 10:00:00', 50008, 288);
INSERT INTO like_tweets (id, like_tweet_date, tweets_id, users_id) VALUES (50226, '2026-06-08 08:00:00', 50367, 122);
INSERT INTO like_tweets (id, like_tweet_date, tweets_id, users_id) VALUES (50227, '2026-06-07 13:00:00', 50179, 155);
INSERT INTO like_tweets (id, like_tweet_date, tweets_id, users_id) VALUES (50228, '2026-04-27 04:00:00', 50259, 335);
INSERT INTO like_tweets (id, like_tweet_date, tweets_id, users_id) VALUES (50229, '2026-05-11 11:00:00', 50261, 139);
INSERT INTO like_tweets (id, like_tweet_date, tweets_id, users_id) VALUES (50230, '2026-04-26 23:00:00', 50104, 274);
INSERT INTO like_tweets (id, like_tweet_date, tweets_id, users_id) VALUES (50231, '2026-04-30 14:00:00', 50424, 320);
INSERT INTO like_tweets (id, like_tweet_date, tweets_id, users_id) VALUES (50232, '2026-06-08 07:00:00', 50328, 326);
INSERT INTO like_tweets (id, like_tweet_date, tweets_id, users_id) VALUES (50233, '2026-06-08 15:00:00', 50073, 112);
INSERT INTO like_tweets (id, like_tweet_date, tweets_id, users_id) VALUES (50234, '2026-05-04 12:00:00', 50310, 292);
INSERT INTO like_tweets (id, like_tweet_date, tweets_id, users_id) VALUES (50235, '2026-06-09 01:00:00', 50208, 299);
INSERT INTO like_tweets (id, like_tweet_date, tweets_id, users_id) VALUES (50236, '2026-06-06 09:00:00', 50150, 115);
INSERT INTO like_tweets (id, like_tweet_date, tweets_id, users_id) VALUES (50237, '2026-06-08 06:00:00', 50188, 122);
INSERT INTO like_tweets (id, like_tweet_date, tweets_id, users_id) VALUES (50238, '2026-06-06 12:00:00', 50076, 113);
INSERT INTO like_tweets (id, like_tweet_date, tweets_id, users_id) VALUES (50239, '2026-06-08 18:00:00', 50311, 216);
INSERT INTO like_tweets (id, like_tweet_date, tweets_id, users_id) VALUES (50240, '2026-05-12 01:00:00', 50261, 368);
INSERT INTO like_tweets (id, like_tweet_date, tweets_id, users_id) VALUES (50241, '2026-05-11 02:00:00', 50110, 301);
INSERT INTO like_tweets (id, like_tweet_date, tweets_id, users_id) VALUES (50242, '2026-04-26 07:00:00', 50336, 184);
INSERT INTO like_tweets (id, like_tweet_date, tweets_id, users_id) VALUES (50243, '2026-06-07 18:00:00', 50390, 140);
INSERT INTO like_tweets (id, like_tweet_date, tweets_id, users_id) VALUES (50244, '2026-06-10 10:00:00', 50114, 365);
INSERT INTO like_tweets (id, like_tweet_date, tweets_id, users_id) VALUES (50245, '2026-05-09 18:00:00', 50375, 322);
INSERT INTO like_tweets (id, like_tweet_date, tweets_id, users_id) VALUES (50246, '2026-05-09 17:00:00', 50375, 170);
INSERT INTO like_tweets (id, like_tweet_date, tweets_id, users_id) VALUES (50247, '2026-04-29 09:00:00', 50408, 126);
INSERT INTO like_tweets (id, like_tweet_date, tweets_id, users_id) VALUES (50248, '2026-06-10 04:00:00', 50337, 376);
INSERT INTO like_tweets (id, like_tweet_date, tweets_id, users_id) VALUES (50249, '2026-06-07 22:00:00', 50225, 270);
INSERT INTO like_tweets (id, like_tweet_date, tweets_id, users_id) VALUES (50250, '2026-06-07 11:00:00', 50099, 258);
INSERT INTO like_tweets (id, like_tweet_date, tweets_id, users_id) VALUES (50251, '2026-05-04 10:00:00', 50168, 232);
INSERT INTO like_tweets (id, like_tweet_date, tweets_id, users_id) VALUES (50252, '2026-06-08 23:00:00', 50118, 341);
INSERT INTO like_tweets (id, like_tweet_date, tweets_id, users_id) VALUES (50253, '2026-05-02 21:00:00', 50383, 159);
INSERT INTO like_tweets (id, like_tweet_date, tweets_id, users_id) VALUES (50254, '2026-05-24 09:00:00', 50227, 317);
INSERT INTO like_tweets (id, like_tweet_date, tweets_id, users_id) VALUES (50255, '2026-05-16 20:00:00', 50040, 288);
INSERT INTO like_tweets (id, like_tweet_date, tweets_id, users_id) VALUES (50256, '2026-05-13 17:00:00', 50258, 139);
INSERT INTO like_tweets (id, like_tweet_date, tweets_id, users_id) VALUES (50257, '2026-05-27 16:00:00', 50334, 355);
INSERT INTO like_tweets (id, like_tweet_date, tweets_id, users_id) VALUES (50258, '2026-06-05 03:00:00', 50229, 322);
INSERT INTO like_tweets (id, like_tweet_date, tweets_id, users_id) VALUES (50259, '2026-06-10 04:00:00', 50291, 172);
INSERT INTO like_tweets (id, like_tweet_date, tweets_id, users_id) VALUES (50260, '2026-04-25 23:00:00', 50125, 316);
INSERT INTO like_tweets (id, like_tweet_date, tweets_id, users_id) VALUES (50261, '2026-05-04 06:00:00', 50310, 241);
INSERT INTO like_tweets (id, like_tweet_date, tweets_id, users_id) VALUES (50262, '2026-06-07 23:00:00', 50174, 268);
INSERT INTO like_tweets (id, like_tweet_date, tweets_id, users_id) VALUES (50263, '2026-06-02 02:00:00', 50041, 317);
INSERT INTO like_tweets (id, like_tweet_date, tweets_id, users_id) VALUES (50264, '2026-05-14 10:00:00', 50258, 183);
INSERT INTO like_tweets (id, like_tweet_date, tweets_id, users_id) VALUES (50265, '2026-05-14 05:00:00', 50323, 209);
INSERT INTO like_tweets (id, like_tweet_date, tweets_id, users_id) VALUES (50266, '2026-06-04 10:00:00', 50448, 340);
INSERT INTO like_tweets (id, like_tweet_date, tweets_id, users_id) VALUES (50267, '2026-06-07 22:00:00', 50085, 161);
INSERT INTO like_tweets (id, like_tweet_date, tweets_id, users_id) VALUES (50268, '2026-04-24 10:00:00', 50134, 348);
INSERT INTO like_tweets (id, like_tweet_date, tweets_id, users_id) VALUES (50269, '2026-05-25 14:00:00', 50064, 117);
INSERT INTO like_tweets (id, like_tweet_date, tweets_id, users_id) VALUES (50270, '2026-06-06 02:00:00', 50012, 193);
INSERT INTO like_tweets (id, like_tweet_date, tweets_id, users_id) VALUES (50271, '2026-06-08 10:00:00', 50067, 371);
INSERT INTO like_tweets (id, like_tweet_date, tweets_id, users_id) VALUES (50272, '2026-05-11 01:00:00', 50198, 324);
INSERT INTO like_tweets (id, like_tweet_date, tweets_id, users_id) VALUES (50273, '2026-06-10 08:00:00', 50065, 313);
INSERT INTO like_tweets (id, like_tweet_date, tweets_id, users_id) VALUES (50274, '2026-06-07 09:00:00', 50123, 258);
INSERT INTO like_tweets (id, like_tweet_date, tweets_id, users_id) VALUES (50275, '2026-04-27 08:00:00', 50172, 280);
INSERT INTO like_tweets (id, like_tweet_date, tweets_id, users_id) VALUES (50276, '2026-06-07 22:00:00', 50369, 123);
INSERT INTO like_tweets (id, like_tweet_date, tweets_id, users_id) VALUES (50277, '2026-06-08 01:00:00', 50378, 289);
INSERT INTO like_tweets (id, like_tweet_date, tweets_id, users_id) VALUES (50278, '2026-06-04 16:00:00', 50209, 338);
INSERT INTO like_tweets (id, like_tweet_date, tweets_id, users_id) VALUES (50279, '2026-06-06 14:00:00', 50148, 352);
INSERT INTO like_tweets (id, like_tweet_date, tweets_id, users_id) VALUES (50280, '2026-05-09 15:00:00', 50375, 201);
INSERT INTO like_tweets (id, like_tweet_date, tweets_id, users_id) VALUES (50281, '2026-06-05 18:00:00', 50042, 185);
INSERT INTO like_tweets (id, like_tweet_date, tweets_id, users_id) VALUES (50282, '2026-06-08 16:00:00', 50303, 297);
INSERT INTO like_tweets (id, like_tweet_date, tweets_id, users_id) VALUES (50283, '2026-05-02 17:00:00', 50194, 272);
INSERT INTO like_tweets (id, like_tweet_date, tweets_id, users_id) VALUES (50284, '2026-06-08 06:00:00', 50090, 368);
INSERT INTO like_tweets (id, like_tweet_date, tweets_id, users_id) VALUES (50285, '2026-06-07 01:00:00', 50395, 149);
INSERT INTO like_tweets (id, like_tweet_date, tweets_id, users_id) VALUES (50286, '2026-06-07 08:00:00', 50152, 360);
INSERT INTO like_tweets (id, like_tweet_date, tweets_id, users_id) VALUES (50287, '2026-05-02 11:00:00', 50024, 373);
INSERT INTO like_tweets (id, like_tweet_date, tweets_id, users_id) VALUES (50288, '2026-06-09 17:00:00', 50296, 368);
INSERT INTO like_tweets (id, like_tweet_date, tweets_id, users_id) VALUES (50289, '2026-05-01 21:00:00', 50146, 273);
INSERT INTO like_tweets (id, like_tweet_date, tweets_id, users_id) VALUES (50290, '2026-05-11 12:00:00', 50163, 199);
INSERT INTO like_tweets (id, like_tweet_date, tweets_id, users_id) VALUES (50291, '2026-06-09 14:00:00', 50021, 215);
INSERT INTO like_tweets (id, like_tweet_date, tweets_id, users_id) VALUES (50292, '2026-06-08 13:00:00', 50265, 250);
INSERT INTO like_tweets (id, like_tweet_date, tweets_id, users_id) VALUES (50293, '2026-06-08 14:00:00', 50050, 285);
INSERT INTO like_tweets (id, like_tweet_date, tweets_id, users_id) VALUES (50294, '2026-06-08 00:00:00', 50084, 160);
INSERT INTO like_tweets (id, like_tweet_date, tweets_id, users_id) VALUES (50295, '2026-05-14 23:00:00', 50140, 357);
INSERT INTO like_tweets (id, like_tweet_date, tweets_id, users_id) VALUES (50296, '2026-06-09 00:00:00', 50114, 194);
INSERT INTO like_tweets (id, like_tweet_date, tweets_id, users_id) VALUES (50297, '2026-04-28 17:00:00', 50132, 154);
INSERT INTO like_tweets (id, like_tweet_date, tweets_id, users_id) VALUES (50298, '2026-06-03 02:00:00', 50341, 250);
INSERT INTO like_tweets (id, like_tweet_date, tweets_id, users_id) VALUES (50299, '2026-05-19 02:00:00', 50049, 213);

-- retweets
INSERT INTO retweets (id, retweet_date, tweets_id, users_id) VALUES (65000, '2026-06-07 16:00:00', 50429, 368);
INSERT INTO retweets (id, retweet_date, tweets_id, users_id) VALUES (65001, '2026-05-31 03:00:00', 50014, 120);
INSERT INTO retweets (id, retweet_date, tweets_id, users_id) VALUES (65002, '2026-06-05 15:00:00', 50275, 207);
INSERT INTO retweets (id, retweet_date, tweets_id, users_id) VALUES (65003, '2026-05-30 18:00:00', 50250, 113);
INSERT INTO retweets (id, retweet_date, tweets_id, users_id) VALUES (65004, '2026-04-28 02:00:00', 50104, 252);
INSERT INTO retweets (id, retweet_date, tweets_id, users_id) VALUES (65005, '2026-05-03 00:00:00', 50218, 335);
INSERT INTO retweets (id, retweet_date, tweets_id, users_id) VALUES (65006, '2026-05-24 21:00:00', 50064, 340);
INSERT INTO retweets (id, retweet_date, tweets_id, users_id) VALUES (65007, '2026-05-02 09:00:00', 50056, 161);
INSERT INTO retweets (id, retweet_date, tweets_id, users_id) VALUES (65008, '2026-05-12 09:00:00', 50221, 360);
INSERT INTO retweets (id, retweet_date, tweets_id, users_id) VALUES (65009, '2026-05-09 18:00:00', 50044, 178);
INSERT INTO retweets (id, retweet_date, tweets_id, users_id) VALUES (65010, '2026-05-26 19:00:00', 50374, 159);
INSERT INTO retweets (id, retweet_date, tweets_id, users_id) VALUES (65011, '2026-06-08 18:00:00', 50411, 140);
INSERT INTO retweets (id, retweet_date, tweets_id, users_id) VALUES (65012, '2026-06-03 20:00:00', 50372, 138);
INSERT INTO retweets (id, retweet_date, tweets_id, users_id) VALUES (65013, '2026-06-05 01:00:00', 50080, 367);
INSERT INTO retweets (id, retweet_date, tweets_id, users_id) VALUES (65014, '2026-06-10 19:00:00', 50141, 340);
INSERT INTO retweets (id, retweet_date, tweets_id, users_id) VALUES (65015, '2026-06-10 10:00:00', 50376, 370);
INSERT INTO retweets (id, retweet_date, tweets_id, users_id) VALUES (65016, '2026-06-05 20:00:00', 50397, 137);
INSERT INTO retweets (id, retweet_date, tweets_id, users_id) VALUES (65017, '2026-05-08 21:00:00', 50352, 269);
INSERT INTO retweets (id, retweet_date, tweets_id, users_id) VALUES (65018, '2026-05-14 18:00:00', 50221, 151);
INSERT INTO retweets (id, retweet_date, tweets_id, users_id) VALUES (65019, '2026-05-06 03:00:00', 50406, 374);
INSERT INTO retweets (id, retweet_date, tweets_id, users_id) VALUES (65020, '2026-06-10 18:00:00', 50097, 118);
INSERT INTO retweets (id, retweet_date, tweets_id, users_id) VALUES (65021, '2026-06-07 14:00:00', 50321, 104);
INSERT INTO retweets (id, retweet_date, tweets_id, users_id) VALUES (65022, '2026-05-12 10:00:00', 50070, 300);
INSERT INTO retweets (id, retweet_date, tweets_id, users_id) VALUES (65023, '2026-06-08 18:00:00', 50344, 208);
INSERT INTO retweets (id, retweet_date, tweets_id, users_id) VALUES (65024, '2026-06-05 00:00:00', 50240, 185);
INSERT INTO retweets (id, retweet_date, tweets_id, users_id) VALUES (65025, '2026-06-10 02:00:00', 50416, 203);
INSERT INTO retweets (id, retweet_date, tweets_id, users_id) VALUES (65026, '2026-06-08 03:00:00', 50254, 252);
INSERT INTO retweets (id, retweet_date, tweets_id, users_id) VALUES (65027, '2026-05-04 13:00:00', 50101, 145);
INSERT INTO retweets (id, retweet_date, tweets_id, users_id) VALUES (65028, '2026-05-20 23:00:00', 50438, 217);
INSERT INTO retweets (id, retweet_date, tweets_id, users_id) VALUES (65029, '2026-06-10 00:00:00', 50222, 134);
INSERT INTO retweets (id, retweet_date, tweets_id, users_id) VALUES (65030, '2026-06-02 02:00:00', 50285, 214);
INSERT INTO retweets (id, retweet_date, tweets_id, users_id) VALUES (65031, '2026-05-12 00:00:00', 50091, 119);
INSERT INTO retweets (id, retweet_date, tweets_id, users_id) VALUES (65032, '2026-05-11 23:00:00', 50352, 242);
INSERT INTO retweets (id, retweet_date, tweets_id, users_id) VALUES (65033, '2026-05-03 19:00:00', 50194, 228);
INSERT INTO retweets (id, retweet_date, tweets_id, users_id) VALUES (65034, '2026-06-09 11:00:00', 50178, 355);
INSERT INTO retweets (id, retweet_date, tweets_id, users_id) VALUES (65035, '2026-04-25 22:00:00', 50336, 200);
INSERT INTO retweets (id, retweet_date, tweets_id, users_id) VALUES (65036, '2026-04-29 18:00:00', 50430, 226);
INSERT INTO retweets (id, retweet_date, tweets_id, users_id) VALUES (65037, '2026-05-19 14:00:00', 50342, 356);
INSERT INTO retweets (id, retweet_date, tweets_id, users_id) VALUES (65038, '2026-06-09 13:00:00', 50407, 308);
INSERT INTO retweets (id, retweet_date, tweets_id, users_id) VALUES (65039, '2026-05-03 15:00:00', 50182, 354);
INSERT INTO retweets (id, retweet_date, tweets_id, users_id) VALUES (65040, '2026-05-16 19:00:00', 50049, 220);
INSERT INTO retweets (id, retweet_date, tweets_id, users_id) VALUES (65041, '2026-06-09 19:00:00', 50386, 255);
INSERT INTO retweets (id, retweet_date, tweets_id, users_id) VALUES (65042, '2026-06-08 20:00:00', 50228, 274);
INSERT INTO retweets (id, retweet_date, tweets_id, users_id) VALUES (65043, '2026-05-29 10:00:00', 50339, 325);
INSERT INTO retweets (id, retweet_date, tweets_id, users_id) VALUES (65044, '2026-06-08 12:00:00', 50090, 345);
INSERT INTO retweets (id, retweet_date, tweets_id, users_id) VALUES (65045, '2026-04-26 07:00:00', 50338, 158);
INSERT INTO retweets (id, retweet_date, tweets_id, users_id) VALUES (65046, '2026-06-10 05:00:00', 50356, 311);
INSERT INTO retweets (id, retweet_date, tweets_id, users_id) VALUES (65047, '2026-06-10 00:00:00', 50065, 355);
INSERT INTO retweets (id, retweet_date, tweets_id, users_id) VALUES (65048, '2026-04-27 01:00:00', 50307, 318);
INSERT INTO retweets (id, retweet_date, tweets_id, users_id) VALUES (65049, '2026-04-24 08:00:00', 50120, 114);
INSERT INTO retweets (id, retweet_date, tweets_id, users_id) VALUES (65050, '2026-04-30 18:00:00', 50137, 367);
INSERT INTO retweets (id, retweet_date, tweets_id, users_id) VALUES (65051, '2026-06-04 16:00:00', 50435, 317);
INSERT INTO retweets (id, retweet_date, tweets_id, users_id) VALUES (65052, '2026-06-08 21:00:00', 50287, 273);
INSERT INTO retweets (id, retweet_date, tweets_id, users_id) VALUES (65053, '2026-06-08 02:00:00', 50345, 270);
INSERT INTO retweets (id, retweet_date, tweets_id, users_id) VALUES (65054, '2026-06-09 03:00:00', 50200, 334);
INSERT INTO retweets (id, retweet_date, tweets_id, users_id) VALUES (65055, '2026-06-07 10:00:00', 50204, 241);
INSERT INTO retweets (id, retweet_date, tweets_id, users_id) VALUES (65056, '2026-05-03 12:00:00', 50137, 356);
INSERT INTO retweets (id, retweet_date, tweets_id, users_id) VALUES (65057, '2026-06-10 18:00:00', 50112, 281);
INSERT INTO retweets (id, retweet_date, tweets_id, users_id) VALUES (65058, '2026-05-10 23:00:00', 50419, 123);
INSERT INTO retweets (id, retweet_date, tweets_id, users_id) VALUES (65059, '2026-06-05 03:00:00', 50229, 317);
INSERT INTO retweets (id, retweet_date, tweets_id, users_id) VALUES (65060, '2026-05-08 11:00:00', 50293, 193);
INSERT INTO retweets (id, retweet_date, tweets_id, users_id) VALUES (65061, '2026-06-09 20:00:00', 50105, 156);
INSERT INTO retweets (id, retweet_date, tweets_id, users_id) VALUES (65062, '2026-06-07 12:00:00', 50312, 276);
INSERT INTO retweets (id, retweet_date, tweets_id, users_id) VALUES (65063, '2026-06-11 10:00:00', 50309, 110);
INSERT INTO retweets (id, retweet_date, tweets_id, users_id) VALUES (65064, '2026-06-07 20:00:00', 50010, 302);
INSERT INTO retweets (id, retweet_date, tweets_id, users_id) VALUES (65065, '2026-06-08 13:00:00', 50399, 278);
INSERT INTO retweets (id, retweet_date, tweets_id, users_id) VALUES (65066, '2026-06-10 20:00:00', 50392, 132);
INSERT INTO retweets (id, retweet_date, tweets_id, users_id) VALUES (65067, '2026-05-09 18:00:00', 50025, 373);
INSERT INTO retweets (id, retweet_date, tweets_id, users_id) VALUES (65068, '2026-05-16 17:00:00', 50185, 209);
INSERT INTO retweets (id, retweet_date, tweets_id, users_id) VALUES (65069, '2026-06-10 14:00:00', 50429, 310);
INSERT INTO retweets (id, retweet_date, tweets_id, users_id) VALUES (65070, '2026-06-06 13:00:00', 50117, 256);
INSERT INTO retweets (id, retweet_date, tweets_id, users_id) VALUES (65071, '2026-06-08 02:00:00', 50191, 277);
INSERT INTO retweets (id, retweet_date, tweets_id, users_id) VALUES (65072, '2026-05-11 00:00:00', 50110, 235);
INSERT INTO retweets (id, retweet_date, tweets_id, users_id) VALUES (65073, '2026-04-27 19:00:00', 50018, 110);
INSERT INTO retweets (id, retweet_date, tweets_id, users_id) VALUES (65074, '2026-05-05 05:00:00', 50052, 364);
INSERT INTO retweets (id, retweet_date, tweets_id, users_id) VALUES (65075, '2026-05-16 21:00:00', 50405, 356);
INSERT INTO retweets (id, retweet_date, tweets_id, users_id) VALUES (65076, '2026-06-04 21:00:00', 50080, 252);
INSERT INTO retweets (id, retweet_date, tweets_id, users_id) VALUES (65077, '2026-06-09 02:00:00', 50012, 225);
INSERT INTO retweets (id, retweet_date, tweets_id, users_id) VALUES (65078, '2026-06-06 01:00:00', 50395, 234);
INSERT INTO retweets (id, retweet_date, tweets_id, users_id) VALUES (65079, '2026-05-03 08:00:00', 50139, 171);
INSERT INTO retweets (id, retweet_date, tweets_id, users_id) VALUES (65080, '2026-05-15 19:00:00', 50335, 313);
INSERT INTO retweets (id, retweet_date, tweets_id, users_id) VALUES (65081, '2026-06-07 15:00:00', 50418, 246);
INSERT INTO retweets (id, retweet_date, tweets_id, users_id) VALUES (65082, '2026-05-26 19:00:00', 50039, 137);
INSERT INTO retweets (id, retweet_date, tweets_id, users_id) VALUES (65083, '2026-06-07 16:00:00', 50369, 320);
INSERT INTO retweets (id, retweet_date, tweets_id, users_id) VALUES (65084, '2026-04-30 14:00:00', 50007, 185);
INSERT INTO retweets (id, retweet_date, tweets_id, users_id) VALUES (65085, '2026-06-07 20:00:00', 50376, 308);
INSERT INTO retweets (id, retweet_date, tweets_id, users_id) VALUES (65086, '2026-06-09 07:00:00', 50425, 267);
INSERT INTO retweets (id, retweet_date, tweets_id, users_id) VALUES (65087, '2026-05-19 02:00:00', 50217, 370);
INSERT INTO retweets (id, retweet_date, tweets_id, users_id) VALUES (65088, '2026-05-03 16:00:00', 50154, 248);
INSERT INTO retweets (id, retweet_date, tweets_id, users_id) VALUES (65089, '2026-05-05 12:00:00', 50103, 151);
INSERT INTO retweets (id, retweet_date, tweets_id, users_id) VALUES (65090, '2026-05-17 03:00:00', 50335, 349);
INSERT INTO retweets (id, retweet_date, tweets_id, users_id) VALUES (65091, '2026-05-10 13:00:00', 50149, 327);
INSERT INTO retweets (id, retweet_date, tweets_id, users_id) VALUES (65092, '2026-06-10 09:00:00', 50113, 316);
INSERT INTO retweets (id, retweet_date, tweets_id, users_id) VALUES (65093, '2026-05-29 13:00:00', 50142, 355);
INSERT INTO retweets (id, retweet_date, tweets_id, users_id) VALUES (65094, '2026-06-03 12:00:00', 50359, 367);
INSERT INTO retweets (id, retweet_date, tweets_id, users_id) VALUES (65095, '2026-05-18 16:00:00', 50195, 108);
INSERT INTO retweets (id, retweet_date, tweets_id, users_id) VALUES (65096, '2026-06-04 02:00:00', 50372, 309);
INSERT INTO retweets (id, retweet_date, tweets_id, users_id) VALUES (65097, '2026-06-09 19:00:00', 50390, 155);
INSERT INTO retweets (id, retweet_date, tweets_id, users_id) VALUES (65098, '2026-06-09 15:00:00', 50114, 112);
INSERT INTO retweets (id, retweet_date, tweets_id, users_id) VALUES (65099, '2026-06-09 10:00:00', 50394, 226);
INSERT INTO retweets (id, retweet_date, tweets_id, users_id) VALUES (65100, '2026-05-08 02:00:00', 50189, 352);
INSERT INTO retweets (id, retweet_date, tweets_id, users_id) VALUES (65101, '2026-06-07 17:00:00', 50055, 267);
INSERT INTO retweets (id, retweet_date, tweets_id, users_id) VALUES (65102, '2026-06-07 11:00:00', 50073, 142);
INSERT INTO retweets (id, retweet_date, tweets_id, users_id) VALUES (65103, '2026-06-08 14:00:00', 50287, 194);
INSERT INTO retweets (id, retweet_date, tweets_id, users_id) VALUES (65104, '2026-05-18 03:00:00', 50442, 358);
INSERT INTO retweets (id, retweet_date, tweets_id, users_id) VALUES (65105, '2026-04-24 04:00:00', 50127, 142);
INSERT INTO retweets (id, retweet_date, tweets_id, users_id) VALUES (65106, '2026-05-21 19:00:00', 50206, 350);
INSERT INTO retweets (id, retweet_date, tweets_id, users_id) VALUES (65107, '2026-05-27 01:00:00', 50370, 227);
INSERT INTO retweets (id, retweet_date, tweets_id, users_id) VALUES (65108, '2026-06-08 17:00:00', 50392, 360);
INSERT INTO retweets (id, retweet_date, tweets_id, users_id) VALUES (65109, '2026-06-11 10:00:00', 50210, 267);
INSERT INTO retweets (id, retweet_date, tweets_id, users_id) VALUES (65110, '2026-04-27 00:00:00', 50172, 185);
INSERT INTO retweets (id, retweet_date, tweets_id, users_id) VALUES (65111, '2026-06-06 07:00:00', 50164, 316);
INSERT INTO retweets (id, retweet_date, tweets_id, users_id) VALUES (65112, '2026-05-02 14:00:00', 50137, 215);
INSERT INTO retweets (id, retweet_date, tweets_id, users_id) VALUES (65113, '2026-05-07 08:00:00', 50406, 358);
INSERT INTO retweets (id, retweet_date, tweets_id, users_id) VALUES (65114, '2026-05-05 08:00:00', 50255, 268);
INSERT INTO retweets (id, retweet_date, tweets_id, users_id) VALUES (65115, '2026-04-25 06:00:00', 50120, 272);
INSERT INTO retweets (id, retweet_date, tweets_id, users_id) VALUES (65116, '2026-05-28 12:00:00', 50362, 355);
INSERT INTO retweets (id, retweet_date, tweets_id, users_id) VALUES (65117, '2026-05-30 05:00:00', 50284, 141);
INSERT INTO retweets (id, retweet_date, tweets_id, users_id) VALUES (65118, '2026-05-21 00:00:00', 50217, 139);
INSERT INTO retweets (id, retweet_date, tweets_id, users_id) VALUES (65119, '2026-06-08 06:00:00', 50065, 106);
INSERT INTO retweets (id, retweet_date, tweets_id, users_id) VALUES (65120, '2026-04-26 07:00:00', 50266, 170);
INSERT INTO retweets (id, retweet_date, tweets_id, users_id) VALUES (65121, '2026-05-02 09:00:00', 50101, 332);
INSERT INTO retweets (id, retweet_date, tweets_id, users_id) VALUES (65122, '2026-06-07 08:00:00', 50019, 325);
INSERT INTO retweets (id, retweet_date, tweets_id, users_id) VALUES (65123, '2026-04-27 07:00:00', 50087, 376);
INSERT INTO retweets (id, retweet_date, tweets_id, users_id) VALUES (65124, '2026-05-16 14:00:00', 50071, 322);
INSERT INTO retweets (id, retweet_date, tweets_id, users_id) VALUES (65125, '2026-06-07 23:00:00', 50004, 259);
INSERT INTO retweets (id, retweet_date, tweets_id, users_id) VALUES (65126, '2026-06-11 06:00:00', 50222, 258);
INSERT INTO retweets (id, retweet_date, tweets_id, users_id) VALUES (65127, '2026-06-06 06:00:00', 50346, 246);
INSERT INTO retweets (id, retweet_date, tweets_id, users_id) VALUES (65128, '2026-06-10 01:00:00', 50165, 298);
INSERT INTO retweets (id, retweet_date, tweets_id, users_id) VALUES (65129, '2026-05-04 15:00:00', 50332, 192);
INSERT INTO retweets (id, retweet_date, tweets_id, users_id) VALUES (65130, '2026-06-09 13:00:00', 50148, 375);
INSERT INTO retweets (id, retweet_date, tweets_id, users_id) VALUES (65131, '2026-04-27 19:00:00', 50104, 298);
INSERT INTO retweets (id, retweet_date, tweets_id, users_id) VALUES (65132, '2026-06-10 02:00:00', 50309, 236);
INSERT INTO retweets (id, retweet_date, tweets_id, users_id) VALUES (65133, '2026-06-08 05:00:00', 50236, 215);
INSERT INTO retweets (id, retweet_date, tweets_id, users_id) VALUES (65134, '2026-06-08 05:00:00', 50382, 177);
INSERT INTO retweets (id, retweet_date, tweets_id, users_id) VALUES (65135, '2026-05-29 15:00:00', 50268, 350);
INSERT INTO retweets (id, retweet_date, tweets_id, users_id) VALUES (65136, '2026-05-08 14:00:00', 50162, 321);
INSERT INTO retweets (id, retweet_date, tweets_id, users_id) VALUES (65137, '2026-06-06 08:00:00', 50076, 348);
INSERT INTO retweets (id, retweet_date, tweets_id, users_id) VALUES (65138, '2026-05-08 04:00:00', 50002, 267);
INSERT INTO retweets (id, retweet_date, tweets_id, users_id) VALUES (65139, '2026-06-09 12:00:00', 50096, 210);
INSERT INTO retweets (id, retweet_date, tweets_id, users_id) VALUES (65140, '2026-05-15 00:00:00', 50048, 342);
INSERT INTO retweets (id, retweet_date, tweets_id, users_id) VALUES (65141, '2026-05-16 13:00:00', 50048, 131);
INSERT INTO retweets (id, retweet_date, tweets_id, users_id) VALUES (65142, '2026-05-10 08:00:00', 50239, 188);
INSERT INTO retweets (id, retweet_date, tweets_id, users_id) VALUES (65143, '2026-06-09 01:00:00', 50179, 223);
INSERT INTO retweets (id, retweet_date, tweets_id, users_id) VALUES (65144, '2026-06-07 07:00:00', 50321, 107);
INSERT INTO retweets (id, retweet_date, tweets_id, users_id) VALUES (65145, '2026-05-14 22:00:00', 50140, 253);
INSERT INTO retweets (id, retweet_date, tweets_id, users_id) VALUES (65146, '2026-05-16 17:00:00', 50299, 264);
INSERT INTO retweets (id, retweet_date, tweets_id, users_id) VALUES (65147, '2026-05-01 07:00:00', 50319, 314);
INSERT INTO retweets (id, retweet_date, tweets_id, users_id) VALUES (65148, '2026-06-07 21:00:00', 50287, 211);
INSERT INTO retweets (id, retweet_date, tweets_id, users_id) VALUES (65149, '2026-06-06 20:00:00', 50303, 186);

-- follow clusters (user_subscriptions)
INSERT IGNORE INTO user_subscriptions (subscriber_id, user_id) VALUES (100, 114);
INSERT IGNORE INTO user_subscriptions (subscriber_id, user_id) VALUES (100, 118);
INSERT IGNORE INTO user_subscriptions (subscriber_id, user_id) VALUES (100, 112);
INSERT IGNORE INTO user_subscriptions (subscriber_id, user_id) VALUES (100, 117);
INSERT IGNORE INTO user_subscriptions (subscriber_id, user_id) VALUES (100, 195);
INSERT IGNORE INTO user_subscriptions (subscriber_id, user_id) VALUES (101, 107);
INSERT IGNORE INTO user_subscriptions (subscriber_id, user_id) VALUES (101, 109);
INSERT IGNORE INTO user_subscriptions (subscriber_id, user_id) VALUES (101, 192);
INSERT IGNORE INTO user_subscriptions (subscriber_id, user_id) VALUES (101, 196);
INSERT IGNORE INTO user_subscriptions (subscriber_id, user_id) VALUES (101, 183);
INSERT IGNORE INTO user_subscriptions (subscriber_id, user_id) VALUES (102, 180);
INSERT IGNORE INTO user_subscriptions (subscriber_id, user_id) VALUES (102, 195);
INSERT IGNORE INTO user_subscriptions (subscriber_id, user_id) VALUES (102, 196);
INSERT IGNORE INTO user_subscriptions (subscriber_id, user_id) VALUES (102, 197);
INSERT IGNORE INTO user_subscriptions (subscriber_id, user_id) VALUES (102, 118);
INSERT IGNORE INTO user_subscriptions (subscriber_id, user_id) VALUES (103, 170);
INSERT IGNORE INTO user_subscriptions (subscriber_id, user_id) VALUES (103, 189);
INSERT IGNORE INTO user_subscriptions (subscriber_id, user_id) VALUES (103, 114);
INSERT IGNORE INTO user_subscriptions (subscriber_id, user_id) VALUES (103, 111);
INSERT IGNORE INTO user_subscriptions (subscriber_id, user_id) VALUES (103, 100);
INSERT IGNORE INTO user_subscriptions (subscriber_id, user_id) VALUES (104, 115);
INSERT IGNORE INTO user_subscriptions (subscriber_id, user_id) VALUES (104, 114);
INSERT IGNORE INTO user_subscriptions (subscriber_id, user_id) VALUES (104, 106);
INSERT IGNORE INTO user_subscriptions (subscriber_id, user_id) VALUES (104, 170);
INSERT IGNORE INTO user_subscriptions (subscriber_id, user_id) VALUES (104, 110);
INSERT IGNORE INTO user_subscriptions (subscriber_id, user_id) VALUES (105, 110);
INSERT IGNORE INTO user_subscriptions (subscriber_id, user_id) VALUES (105, 111);
INSERT IGNORE INTO user_subscriptions (subscriber_id, user_id) VALUES (105, 189);
INSERT IGNORE INTO user_subscriptions (subscriber_id, user_id) VALUES (105, 100);
INSERT IGNORE INTO user_subscriptions (subscriber_id, user_id) VALUES (105, 179);
INSERT IGNORE INTO user_subscriptions (subscriber_id, user_id) VALUES (106, 104);
INSERT IGNORE INTO user_subscriptions (subscriber_id, user_id) VALUES (106, 103);
INSERT IGNORE INTO user_subscriptions (subscriber_id, user_id) VALUES (106, 109);
INSERT IGNORE INTO user_subscriptions (subscriber_id, user_id) VALUES (106, 191);
INSERT IGNORE INTO user_subscriptions (subscriber_id, user_id) VALUES (106, 187);
INSERT IGNORE INTO user_subscriptions (subscriber_id, user_id) VALUES (107, 186);
INSERT IGNORE INTO user_subscriptions (subscriber_id, user_id) VALUES (107, 189);
INSERT IGNORE INTO user_subscriptions (subscriber_id, user_id) VALUES (107, 179);
INSERT IGNORE INTO user_subscriptions (subscriber_id, user_id) VALUES (107, 178);
INSERT IGNORE INTO user_subscriptions (subscriber_id, user_id) VALUES (107, 191);
INSERT IGNORE INTO user_subscriptions (subscriber_id, user_id) VALUES (108, 107);
INSERT IGNORE INTO user_subscriptions (subscriber_id, user_id) VALUES (108, 116);
INSERT IGNORE INTO user_subscriptions (subscriber_id, user_id) VALUES (108, 194);
INSERT IGNORE INTO user_subscriptions (subscriber_id, user_id) VALUES (108, 184);
INSERT IGNORE INTO user_subscriptions (subscriber_id, user_id) VALUES (108, 183);
INSERT IGNORE INTO user_subscriptions (subscriber_id, user_id) VALUES (109, 183);
INSERT IGNORE INTO user_subscriptions (subscriber_id, user_id) VALUES (109, 189);
INSERT IGNORE INTO user_subscriptions (subscriber_id, user_id) VALUES (109, 181);
INSERT IGNORE INTO user_subscriptions (subscriber_id, user_id) VALUES (109, 178);
INSERT IGNORE INTO user_subscriptions (subscriber_id, user_id) VALUES (109, 192);
INSERT IGNORE INTO user_subscriptions (subscriber_id, user_id) VALUES (110, 179);
INSERT IGNORE INTO user_subscriptions (subscriber_id, user_id) VALUES (110, 192);
INSERT IGNORE INTO user_subscriptions (subscriber_id, user_id) VALUES (110, 105);
INSERT IGNORE INTO user_subscriptions (subscriber_id, user_id) VALUES (110, 197);
INSERT IGNORE INTO user_subscriptions (subscriber_id, user_id) VALUES (110, 114);
INSERT IGNORE INTO user_subscriptions (subscriber_id, user_id) VALUES (111, 110);
INSERT IGNORE INTO user_subscriptions (subscriber_id, user_id) VALUES (111, 171);
INSERT IGNORE INTO user_subscriptions (subscriber_id, user_id) VALUES (111, 118);
INSERT IGNORE INTO user_subscriptions (subscriber_id, user_id) VALUES (111, 109);
INSERT IGNORE INTO user_subscriptions (subscriber_id, user_id) VALUES (111, 186);
INSERT IGNORE INTO user_subscriptions (subscriber_id, user_id) VALUES (112, 194);
INSERT IGNORE INTO user_subscriptions (subscriber_id, user_id) VALUES (112, 187);
INSERT IGNORE INTO user_subscriptions (subscriber_id, user_id) VALUES (112, 190);
INSERT IGNORE INTO user_subscriptions (subscriber_id, user_id) VALUES (112, 117);
INSERT IGNORE INTO user_subscriptions (subscriber_id, user_id) VALUES (112, 107);
INSERT IGNORE INTO user_subscriptions (subscriber_id, user_id) VALUES (113, 194);
INSERT IGNORE INTO user_subscriptions (subscriber_id, user_id) VALUES (113, 186);
INSERT IGNORE INTO user_subscriptions (subscriber_id, user_id) VALUES (113, 181);
INSERT IGNORE INTO user_subscriptions (subscriber_id, user_id) VALUES (113, 111);
INSERT IGNORE INTO user_subscriptions (subscriber_id, user_id) VALUES (113, 101);
INSERT IGNORE INTO user_subscriptions (subscriber_id, user_id) VALUES (114, 182);
INSERT IGNORE INTO user_subscriptions (subscriber_id, user_id) VALUES (114, 188);
INSERT IGNORE INTO user_subscriptions (subscriber_id, user_id) VALUES (114, 181);
INSERT IGNORE INTO user_subscriptions (subscriber_id, user_id) VALUES (114, 186);
INSERT IGNORE INTO user_subscriptions (subscriber_id, user_id) VALUES (114, 113);
INSERT IGNORE INTO user_subscriptions (subscriber_id, user_id) VALUES (115, 170);
INSERT IGNORE INTO user_subscriptions (subscriber_id, user_id) VALUES (115, 194);
INSERT IGNORE INTO user_subscriptions (subscriber_id, user_id) VALUES (115, 112);
INSERT IGNORE INTO user_subscriptions (subscriber_id, user_id) VALUES (115, 183);
INSERT IGNORE INTO user_subscriptions (subscriber_id, user_id) VALUES (115, 182);
INSERT IGNORE INTO user_subscriptions (subscriber_id, user_id) VALUES (116, 111);
INSERT IGNORE INTO user_subscriptions (subscriber_id, user_id) VALUES (116, 100);
INSERT IGNORE INTO user_subscriptions (subscriber_id, user_id) VALUES (116, 112);
INSERT IGNORE INTO user_subscriptions (subscriber_id, user_id) VALUES (116, 187);
INSERT IGNORE INTO user_subscriptions (subscriber_id, user_id) VALUES (116, 182);
INSERT IGNORE INTO user_subscriptions (subscriber_id, user_id) VALUES (117, 192);
INSERT IGNORE INTO user_subscriptions (subscriber_id, user_id) VALUES (117, 112);
INSERT IGNORE INTO user_subscriptions (subscriber_id, user_id) VALUES (117, 100);
INSERT IGNORE INTO user_subscriptions (subscriber_id, user_id) VALUES (117, 196);
INSERT IGNORE INTO user_subscriptions (subscriber_id, user_id) VALUES (117, 178);
INSERT IGNORE INTO user_subscriptions (subscriber_id, user_id) VALUES (118, 180);
INSERT IGNORE INTO user_subscriptions (subscriber_id, user_id) VALUES (118, 106);
INSERT IGNORE INTO user_subscriptions (subscriber_id, user_id) VALUES (118, 182);
INSERT IGNORE INTO user_subscriptions (subscriber_id, user_id) VALUES (118, 116);
INSERT IGNORE INTO user_subscriptions (subscriber_id, user_id) VALUES (118, 191);
INSERT IGNORE INTO user_subscriptions (subscriber_id, user_id) VALUES (119, 100);
INSERT IGNORE INTO user_subscriptions (subscriber_id, user_id) VALUES (119, 197);
INSERT IGNORE INTO user_subscriptions (subscriber_id, user_id) VALUES (119, 117);
INSERT IGNORE INTO user_subscriptions (subscriber_id, user_id) VALUES (119, 102);
INSERT IGNORE INTO user_subscriptions (subscriber_id, user_id) VALUES (119, 189);
INSERT IGNORE INTO user_subscriptions (subscriber_id, user_id) VALUES (178, 184);
INSERT IGNORE INTO user_subscriptions (subscriber_id, user_id) VALUES (178, 102);
INSERT IGNORE INTO user_subscriptions (subscriber_id, user_id) VALUES (178, 116);
INSERT IGNORE INTO user_subscriptions (subscriber_id, user_id) VALUES (178, 117);
INSERT IGNORE INTO user_subscriptions (subscriber_id, user_id) VALUES (178, 171);
INSERT IGNORE INTO user_subscriptions (subscriber_id, user_id) VALUES (179, 103);
INSERT IGNORE INTO user_subscriptions (subscriber_id, user_id) VALUES (179, 195);
INSERT IGNORE INTO user_subscriptions (subscriber_id, user_id) VALUES (179, 101);
INSERT IGNORE INTO user_subscriptions (subscriber_id, user_id) VALUES (179, 189);
INSERT IGNORE INTO user_subscriptions (subscriber_id, user_id) VALUES (179, 197);
INSERT IGNORE INTO user_subscriptions (subscriber_id, user_id) VALUES (180, 171);
INSERT IGNORE INTO user_subscriptions (subscriber_id, user_id) VALUES (180, 188);
INSERT IGNORE INTO user_subscriptions (subscriber_id, user_id) VALUES (180, 190);
INSERT IGNORE INTO user_subscriptions (subscriber_id, user_id) VALUES (180, 111);
INSERT IGNORE INTO user_subscriptions (subscriber_id, user_id) VALUES (180, 189);
INSERT IGNORE INTO user_subscriptions (subscriber_id, user_id) VALUES (181, 193);
INSERT IGNORE INTO user_subscriptions (subscriber_id, user_id) VALUES (181, 106);
INSERT IGNORE INTO user_subscriptions (subscriber_id, user_id) VALUES (181, 102);
INSERT IGNORE INTO user_subscriptions (subscriber_id, user_id) VALUES (181, 182);
INSERT IGNORE INTO user_subscriptions (subscriber_id, user_id) VALUES (181, 101);
INSERT IGNORE INTO user_subscriptions (subscriber_id, user_id) VALUES (182, 170);
INSERT IGNORE INTO user_subscriptions (subscriber_id, user_id) VALUES (182, 109);
INSERT IGNORE INTO user_subscriptions (subscriber_id, user_id) VALUES (182, 111);
INSERT IGNORE INTO user_subscriptions (subscriber_id, user_id) VALUES (182, 108);
INSERT IGNORE INTO user_subscriptions (subscriber_id, user_id) VALUES (182, 105);
INSERT IGNORE INTO user_subscriptions (subscriber_id, user_id) VALUES (183, 185);
INSERT IGNORE INTO user_subscriptions (subscriber_id, user_id) VALUES (183, 107);
INSERT IGNORE INTO user_subscriptions (subscriber_id, user_id) VALUES (183, 103);
INSERT IGNORE INTO user_subscriptions (subscriber_id, user_id) VALUES (183, 187);
INSERT IGNORE INTO user_subscriptions (subscriber_id, user_id) VALUES (183, 171);
INSERT IGNORE INTO user_subscriptions (subscriber_id, user_id) VALUES (184, 103);
INSERT IGNORE INTO user_subscriptions (subscriber_id, user_id) VALUES (184, 178);
INSERT IGNORE INTO user_subscriptions (subscriber_id, user_id) VALUES (184, 106);
INSERT IGNORE INTO user_subscriptions (subscriber_id, user_id) VALUES (184, 193);
INSERT IGNORE INTO user_subscriptions (subscriber_id, user_id) VALUES (184, 117);
INSERT IGNORE INTO user_subscriptions (subscriber_id, user_id) VALUES (185, 112);
INSERT IGNORE INTO user_subscriptions (subscriber_id, user_id) VALUES (185, 170);
INSERT IGNORE INTO user_subscriptions (subscriber_id, user_id) VALUES (185, 101);
INSERT IGNORE INTO user_subscriptions (subscriber_id, user_id) VALUES (185, 179);
INSERT IGNORE INTO user_subscriptions (subscriber_id, user_id) VALUES (185, 178);
INSERT IGNORE INTO user_subscriptions (subscriber_id, user_id) VALUES (186, 110);
INSERT IGNORE INTO user_subscriptions (subscriber_id, user_id) VALUES (186, 196);
INSERT IGNORE INTO user_subscriptions (subscriber_id, user_id) VALUES (186, 181);
INSERT IGNORE INTO user_subscriptions (subscriber_id, user_id) VALUES (186, 192);
INSERT IGNORE INTO user_subscriptions (subscriber_id, user_id) VALUES (186, 100);
INSERT IGNORE INTO user_subscriptions (subscriber_id, user_id) VALUES (187, 183);
INSERT IGNORE INTO user_subscriptions (subscriber_id, user_id) VALUES (187, 184);
INSERT IGNORE INTO user_subscriptions (subscriber_id, user_id) VALUES (187, 103);
INSERT IGNORE INTO user_subscriptions (subscriber_id, user_id) VALUES (187, 104);
INSERT IGNORE INTO user_subscriptions (subscriber_id, user_id) VALUES (187, 112);
INSERT IGNORE INTO user_subscriptions (subscriber_id, user_id) VALUES (188, 191);
INSERT IGNORE INTO user_subscriptions (subscriber_id, user_id) VALUES (188, 109);
INSERT IGNORE INTO user_subscriptions (subscriber_id, user_id) VALUES (188, 117);
INSERT IGNORE INTO user_subscriptions (subscriber_id, user_id) VALUES (188, 105);
INSERT IGNORE INTO user_subscriptions (subscriber_id, user_id) VALUES (188, 111);
INSERT IGNORE INTO user_subscriptions (subscriber_id, user_id) VALUES (189, 186);
INSERT IGNORE INTO user_subscriptions (subscriber_id, user_id) VALUES (189, 102);
INSERT IGNORE INTO user_subscriptions (subscriber_id, user_id) VALUES (189, 117);
INSERT IGNORE INTO user_subscriptions (subscriber_id, user_id) VALUES (189, 197);
INSERT IGNORE INTO user_subscriptions (subscriber_id, user_id) VALUES (189, 112);
INSERT IGNORE INTO user_subscriptions (subscriber_id, user_id) VALUES (190, 191);
INSERT IGNORE INTO user_subscriptions (subscriber_id, user_id) VALUES (190, 184);
INSERT IGNORE INTO user_subscriptions (subscriber_id, user_id) VALUES (190, 111);
INSERT IGNORE INTO user_subscriptions (subscriber_id, user_id) VALUES (190, 171);
INSERT IGNORE INTO user_subscriptions (subscriber_id, user_id) VALUES (190, 100);
INSERT IGNORE INTO user_subscriptions (subscriber_id, user_id) VALUES (191, 119);
INSERT IGNORE INTO user_subscriptions (subscriber_id, user_id) VALUES (191, 117);
INSERT IGNORE INTO user_subscriptions (subscriber_id, user_id) VALUES (191, 194);
INSERT IGNORE INTO user_subscriptions (subscriber_id, user_id) VALUES (191, 180);
INSERT IGNORE INTO user_subscriptions (subscriber_id, user_id) VALUES (191, 107);
INSERT IGNORE INTO user_subscriptions (subscriber_id, user_id) VALUES (192, 179);
INSERT IGNORE INTO user_subscriptions (subscriber_id, user_id) VALUES (192, 187);
INSERT IGNORE INTO user_subscriptions (subscriber_id, user_id) VALUES (192, 195);
INSERT IGNORE INTO user_subscriptions (subscriber_id, user_id) VALUES (192, 105);
INSERT IGNORE INTO user_subscriptions (subscriber_id, user_id) VALUES (192, 107);
INSERT IGNORE INTO user_subscriptions (subscriber_id, user_id) VALUES (193, 105);
INSERT IGNORE INTO user_subscriptions (subscriber_id, user_id) VALUES (193, 111);
INSERT IGNORE INTO user_subscriptions (subscriber_id, user_id) VALUES (193, 178);
INSERT IGNORE INTO user_subscriptions (subscriber_id, user_id) VALUES (193, 196);
INSERT IGNORE INTO user_subscriptions (subscriber_id, user_id) VALUES (193, 171);
INSERT IGNORE INTO user_subscriptions (subscriber_id, user_id) VALUES (194, 101);
INSERT IGNORE INTO user_subscriptions (subscriber_id, user_id) VALUES (194, 110);
INSERT IGNORE INTO user_subscriptions (subscriber_id, user_id) VALUES (194, 100);
INSERT IGNORE INTO user_subscriptions (subscriber_id, user_id) VALUES (194, 113);
INSERT IGNORE INTO user_subscriptions (subscriber_id, user_id) VALUES (194, 171);
INSERT IGNORE INTO user_subscriptions (subscriber_id, user_id) VALUES (195, 181);
INSERT IGNORE INTO user_subscriptions (subscriber_id, user_id) VALUES (195, 187);
INSERT IGNORE INTO user_subscriptions (subscriber_id, user_id) VALUES (195, 105);
INSERT IGNORE INTO user_subscriptions (subscriber_id, user_id) VALUES (195, 115);
INSERT IGNORE INTO user_subscriptions (subscriber_id, user_id) VALUES (195, 119);
INSERT IGNORE INTO user_subscriptions (subscriber_id, user_id) VALUES (196, 112);
INSERT IGNORE INTO user_subscriptions (subscriber_id, user_id) VALUES (196, 108);
INSERT IGNORE INTO user_subscriptions (subscriber_id, user_id) VALUES (196, 119);
INSERT IGNORE INTO user_subscriptions (subscriber_id, user_id) VALUES (196, 103);
INSERT IGNORE INTO user_subscriptions (subscriber_id, user_id) VALUES (196, 182);
INSERT IGNORE INTO user_subscriptions (subscriber_id, user_id) VALUES (197, 118);
INSERT IGNORE INTO user_subscriptions (subscriber_id, user_id) VALUES (197, 111);
INSERT IGNORE INTO user_subscriptions (subscriber_id, user_id) VALUES (197, 117);
INSERT IGNORE INTO user_subscriptions (subscriber_id, user_id) VALUES (197, 108);
INSERT IGNORE INTO user_subscriptions (subscriber_id, user_id) VALUES (197, 194);
INSERT IGNORE INTO user_subscriptions (subscriber_id, user_id) VALUES (120, 199);
INSERT IGNORE INTO user_subscriptions (subscriber_id, user_id) VALUES (120, 205);
INSERT IGNORE INTO user_subscriptions (subscriber_id, user_id) VALUES (120, 135);
INSERT IGNORE INTO user_subscriptions (subscriber_id, user_id) VALUES (120, 133);
INSERT IGNORE INTO user_subscriptions (subscriber_id, user_id) VALUES (120, 138);
INSERT IGNORE INTO user_subscriptions (subscriber_id, user_id) VALUES (121, 133);
INSERT IGNORE INTO user_subscriptions (subscriber_id, user_id) VALUES (121, 132);
INSERT IGNORE INTO user_subscriptions (subscriber_id, user_id) VALUES (121, 139);
INSERT IGNORE INTO user_subscriptions (subscriber_id, user_id) VALUES (121, 137);
INSERT IGNORE INTO user_subscriptions (subscriber_id, user_id) VALUES (121, 207);
INSERT IGNORE INTO user_subscriptions (subscriber_id, user_id) VALUES (122, 137);
INSERT IGNORE INTO user_subscriptions (subscriber_id, user_id) VALUES (122, 126);
INSERT IGNORE INTO user_subscriptions (subscriber_id, user_id) VALUES (122, 210);
INSERT IGNORE INTO user_subscriptions (subscriber_id, user_id) VALUES (122, 201);
INSERT IGNORE INTO user_subscriptions (subscriber_id, user_id) VALUES (122, 216);
INSERT IGNORE INTO user_subscriptions (subscriber_id, user_id) VALUES (123, 202);
INSERT IGNORE INTO user_subscriptions (subscriber_id, user_id) VALUES (123, 201);
INSERT IGNORE INTO user_subscriptions (subscriber_id, user_id) VALUES (123, 212);
INSERT IGNORE INTO user_subscriptions (subscriber_id, user_id) VALUES (123, 207);
INSERT IGNORE INTO user_subscriptions (subscriber_id, user_id) VALUES (123, 172);
INSERT IGNORE INTO user_subscriptions (subscriber_id, user_id) VALUES (124, 131);
INSERT IGNORE INTO user_subscriptions (subscriber_id, user_id) VALUES (124, 122);
INSERT IGNORE INTO user_subscriptions (subscriber_id, user_id) VALUES (124, 216);
INSERT IGNORE INTO user_subscriptions (subscriber_id, user_id) VALUES (124, 203);
INSERT IGNORE INTO user_subscriptions (subscriber_id, user_id) VALUES (124, 130);
INSERT IGNORE INTO user_subscriptions (subscriber_id, user_id) VALUES (125, 213);
INSERT IGNORE INTO user_subscriptions (subscriber_id, user_id) VALUES (125, 215);
INSERT IGNORE INTO user_subscriptions (subscriber_id, user_id) VALUES (125, 134);
INSERT IGNORE INTO user_subscriptions (subscriber_id, user_id) VALUES (125, 206);
INSERT IGNORE INTO user_subscriptions (subscriber_id, user_id) VALUES (125, 201);
INSERT IGNORE INTO user_subscriptions (subscriber_id, user_id) VALUES (126, 139);
INSERT IGNORE INTO user_subscriptions (subscriber_id, user_id) VALUES (126, 134);
INSERT IGNORE INTO user_subscriptions (subscriber_id, user_id) VALUES (126, 200);
INSERT IGNORE INTO user_subscriptions (subscriber_id, user_id) VALUES (126, 211);
INSERT IGNORE INTO user_subscriptions (subscriber_id, user_id) VALUES (126, 214);
INSERT IGNORE INTO user_subscriptions (subscriber_id, user_id) VALUES (127, 138);
INSERT IGNORE INTO user_subscriptions (subscriber_id, user_id) VALUES (127, 125);
INSERT IGNORE INTO user_subscriptions (subscriber_id, user_id) VALUES (127, 211);
INSERT IGNORE INTO user_subscriptions (subscriber_id, user_id) VALUES (127, 134);
INSERT IGNORE INTO user_subscriptions (subscriber_id, user_id) VALUES (127, 137);
INSERT IGNORE INTO user_subscriptions (subscriber_id, user_id) VALUES (128, 134);
INSERT IGNORE INTO user_subscriptions (subscriber_id, user_id) VALUES (128, 208);
INSERT IGNORE INTO user_subscriptions (subscriber_id, user_id) VALUES (128, 137);
INSERT IGNORE INTO user_subscriptions (subscriber_id, user_id) VALUES (128, 122);
INSERT IGNORE INTO user_subscriptions (subscriber_id, user_id) VALUES (128, 127);
INSERT IGNORE INTO user_subscriptions (subscriber_id, user_id) VALUES (129, 212);
INSERT IGNORE INTO user_subscriptions (subscriber_id, user_id) VALUES (129, 172);
INSERT IGNORE INTO user_subscriptions (subscriber_id, user_id) VALUES (129, 132);
INSERT IGNORE INTO user_subscriptions (subscriber_id, user_id) VALUES (129, 209);
INSERT IGNORE INTO user_subscriptions (subscriber_id, user_id) VALUES (129, 128);
INSERT IGNORE INTO user_subscriptions (subscriber_id, user_id) VALUES (130, 208);
INSERT IGNORE INTO user_subscriptions (subscriber_id, user_id) VALUES (130, 216);
INSERT IGNORE INTO user_subscriptions (subscriber_id, user_id) VALUES (130, 199);
INSERT IGNORE INTO user_subscriptions (subscriber_id, user_id) VALUES (130, 202);
INSERT IGNORE INTO user_subscriptions (subscriber_id, user_id) VALUES (130, 215);
INSERT IGNORE INTO user_subscriptions (subscriber_id, user_id) VALUES (131, 203);
INSERT IGNORE INTO user_subscriptions (subscriber_id, user_id) VALUES (131, 216);
INSERT IGNORE INTO user_subscriptions (subscriber_id, user_id) VALUES (131, 122);
INSERT IGNORE INTO user_subscriptions (subscriber_id, user_id) VALUES (131, 199);
INSERT IGNORE INTO user_subscriptions (subscriber_id, user_id) VALUES (131, 126);
INSERT IGNORE INTO user_subscriptions (subscriber_id, user_id) VALUES (132, 172);
INSERT IGNORE INTO user_subscriptions (subscriber_id, user_id) VALUES (132, 201);
INSERT IGNORE INTO user_subscriptions (subscriber_id, user_id) VALUES (132, 120);
INSERT IGNORE INTO user_subscriptions (subscriber_id, user_id) VALUES (132, 130);
INSERT IGNORE INTO user_subscriptions (subscriber_id, user_id) VALUES (132, 205);
INSERT IGNORE INTO user_subscriptions (subscriber_id, user_id) VALUES (133, 209);
INSERT IGNORE INTO user_subscriptions (subscriber_id, user_id) VALUES (133, 200);
INSERT IGNORE INTO user_subscriptions (subscriber_id, user_id) VALUES (133, 126);
INSERT IGNORE INTO user_subscriptions (subscriber_id, user_id) VALUES (133, 131);
INSERT IGNORE INTO user_subscriptions (subscriber_id, user_id) VALUES (133, 201);
INSERT IGNORE INTO user_subscriptions (subscriber_id, user_id) VALUES (134, 198);
INSERT IGNORE INTO user_subscriptions (subscriber_id, user_id) VALUES (134, 130);
INSERT IGNORE INTO user_subscriptions (subscriber_id, user_id) VALUES (134, 208);
INSERT IGNORE INTO user_subscriptions (subscriber_id, user_id) VALUES (134, 213);
INSERT IGNORE INTO user_subscriptions (subscriber_id, user_id) VALUES (134, 131);
INSERT IGNORE INTO user_subscriptions (subscriber_id, user_id) VALUES (135, 121);
INSERT IGNORE INTO user_subscriptions (subscriber_id, user_id) VALUES (135, 207);
INSERT IGNORE INTO user_subscriptions (subscriber_id, user_id) VALUES (135, 171);
INSERT IGNORE INTO user_subscriptions (subscriber_id, user_id) VALUES (135, 208);
INSERT IGNORE INTO user_subscriptions (subscriber_id, user_id) VALUES (135, 216);
INSERT IGNORE INTO user_subscriptions (subscriber_id, user_id) VALUES (136, 215);
INSERT IGNORE INTO user_subscriptions (subscriber_id, user_id) VALUES (136, 206);
INSERT IGNORE INTO user_subscriptions (subscriber_id, user_id) VALUES (136, 204);
INSERT IGNORE INTO user_subscriptions (subscriber_id, user_id) VALUES (136, 209);
INSERT IGNORE INTO user_subscriptions (subscriber_id, user_id) VALUES (136, 135);
INSERT IGNORE INTO user_subscriptions (subscriber_id, user_id) VALUES (137, 136);
INSERT IGNORE INTO user_subscriptions (subscriber_id, user_id) VALUES (137, 202);
INSERT IGNORE INTO user_subscriptions (subscriber_id, user_id) VALUES (137, 217);
INSERT IGNORE INTO user_subscriptions (subscriber_id, user_id) VALUES (137, 200);
INSERT IGNORE INTO user_subscriptions (subscriber_id, user_id) VALUES (137, 209);
INSERT IGNORE INTO user_subscriptions (subscriber_id, user_id) VALUES (138, 204);
INSERT IGNORE INTO user_subscriptions (subscriber_id, user_id) VALUES (138, 198);
INSERT IGNORE INTO user_subscriptions (subscriber_id, user_id) VALUES (138, 122);
INSERT IGNORE INTO user_subscriptions (subscriber_id, user_id) VALUES (138, 134);
INSERT IGNORE INTO user_subscriptions (subscriber_id, user_id) VALUES (138, 211);
INSERT IGNORE INTO user_subscriptions (subscriber_id, user_id) VALUES (139, 126);
INSERT IGNORE INTO user_subscriptions (subscriber_id, user_id) VALUES (139, 205);
INSERT IGNORE INTO user_subscriptions (subscriber_id, user_id) VALUES (139, 206);
INSERT IGNORE INTO user_subscriptions (subscriber_id, user_id) VALUES (139, 137);
INSERT IGNORE INTO user_subscriptions (subscriber_id, user_id) VALUES (139, 215);
INSERT IGNORE INTO user_subscriptions (subscriber_id, user_id) VALUES (198, 204);
INSERT IGNORE INTO user_subscriptions (subscriber_id, user_id) VALUES (198, 216);
INSERT IGNORE INTO user_subscriptions (subscriber_id, user_id) VALUES (198, 121);
INSERT IGNORE INTO user_subscriptions (subscriber_id, user_id) VALUES (198, 130);
INSERT IGNORE INTO user_subscriptions (subscriber_id, user_id) VALUES (198, 211);
INSERT IGNORE INTO user_subscriptions (subscriber_id, user_id) VALUES (199, 130);
INSERT IGNORE INTO user_subscriptions (subscriber_id, user_id) VALUES (199, 139);
INSERT IGNORE INTO user_subscriptions (subscriber_id, user_id) VALUES (199, 217);
INSERT IGNORE INTO user_subscriptions (subscriber_id, user_id) VALUES (199, 212);
INSERT IGNORE INTO user_subscriptions (subscriber_id, user_id) VALUES (199, 132);
INSERT IGNORE INTO user_subscriptions (subscriber_id, user_id) VALUES (200, 215);
INSERT IGNORE INTO user_subscriptions (subscriber_id, user_id) VALUES (200, 128);
INSERT IGNORE INTO user_subscriptions (subscriber_id, user_id) VALUES (200, 199);
INSERT IGNORE INTO user_subscriptions (subscriber_id, user_id) VALUES (200, 123);
INSERT IGNORE INTO user_subscriptions (subscriber_id, user_id) VALUES (200, 125);
INSERT IGNORE INTO user_subscriptions (subscriber_id, user_id) VALUES (201, 139);
INSERT IGNORE INTO user_subscriptions (subscriber_id, user_id) VALUES (201, 129);
INSERT IGNORE INTO user_subscriptions (subscriber_id, user_id) VALUES (201, 200);
INSERT IGNORE INTO user_subscriptions (subscriber_id, user_id) VALUES (201, 208);
INSERT IGNORE INTO user_subscriptions (subscriber_id, user_id) VALUES (201, 204);
INSERT IGNORE INTO user_subscriptions (subscriber_id, user_id) VALUES (202, 130);
INSERT IGNORE INTO user_subscriptions (subscriber_id, user_id) VALUES (202, 208);
INSERT IGNORE INTO user_subscriptions (subscriber_id, user_id) VALUES (202, 120);
INSERT IGNORE INTO user_subscriptions (subscriber_id, user_id) VALUES (202, 129);
INSERT IGNORE INTO user_subscriptions (subscriber_id, user_id) VALUES (202, 132);
INSERT IGNORE INTO user_subscriptions (subscriber_id, user_id) VALUES (203, 131);
INSERT IGNORE INTO user_subscriptions (subscriber_id, user_id) VALUES (203, 139);
INSERT IGNORE INTO user_subscriptions (subscriber_id, user_id) VALUES (203, 125);
INSERT IGNORE INTO user_subscriptions (subscriber_id, user_id) VALUES (203, 135);
INSERT IGNORE INTO user_subscriptions (subscriber_id, user_id) VALUES (203, 133);
INSERT IGNORE INTO user_subscriptions (subscriber_id, user_id) VALUES (204, 206);
INSERT IGNORE INTO user_subscriptions (subscriber_id, user_id) VALUES (204, 125);
INSERT IGNORE INTO user_subscriptions (subscriber_id, user_id) VALUES (204, 135);
INSERT IGNORE INTO user_subscriptions (subscriber_id, user_id) VALUES (204, 129);
INSERT IGNORE INTO user_subscriptions (subscriber_id, user_id) VALUES (204, 214);
INSERT IGNORE INTO user_subscriptions (subscriber_id, user_id) VALUES (205, 201);
INSERT IGNORE INTO user_subscriptions (subscriber_id, user_id) VALUES (205, 120);
INSERT IGNORE INTO user_subscriptions (subscriber_id, user_id) VALUES (205, 209);
INSERT IGNORE INTO user_subscriptions (subscriber_id, user_id) VALUES (205, 130);
INSERT IGNORE INTO user_subscriptions (subscriber_id, user_id) VALUES (205, 200);
INSERT IGNORE INTO user_subscriptions (subscriber_id, user_id) VALUES (206, 126);
INSERT IGNORE INTO user_subscriptions (subscriber_id, user_id) VALUES (206, 209);
INSERT IGNORE INTO user_subscriptions (subscriber_id, user_id) VALUES (206, 214);
INSERT IGNORE INTO user_subscriptions (subscriber_id, user_id) VALUES (206, 203);
INSERT IGNORE INTO user_subscriptions (subscriber_id, user_id) VALUES (206, 133);
INSERT IGNORE INTO user_subscriptions (subscriber_id, user_id) VALUES (207, 209);
INSERT IGNORE INTO user_subscriptions (subscriber_id, user_id) VALUES (207, 202);
INSERT IGNORE INTO user_subscriptions (subscriber_id, user_id) VALUES (207, 208);
INSERT IGNORE INTO user_subscriptions (subscriber_id, user_id) VALUES (207, 135);
INSERT IGNORE INTO user_subscriptions (subscriber_id, user_id) VALUES (207, 126);
INSERT IGNORE INTO user_subscriptions (subscriber_id, user_id) VALUES (208, 202);
INSERT IGNORE INTO user_subscriptions (subscriber_id, user_id) VALUES (208, 128);
INSERT IGNORE INTO user_subscriptions (subscriber_id, user_id) VALUES (208, 198);
INSERT IGNORE INTO user_subscriptions (subscriber_id, user_id) VALUES (208, 203);
INSERT IGNORE INTO user_subscriptions (subscriber_id, user_id) VALUES (208, 138);
INSERT IGNORE INTO user_subscriptions (subscriber_id, user_id) VALUES (209, 205);
INSERT IGNORE INTO user_subscriptions (subscriber_id, user_id) VALUES (209, 217);
INSERT IGNORE INTO user_subscriptions (subscriber_id, user_id) VALUES (209, 203);
INSERT IGNORE INTO user_subscriptions (subscriber_id, user_id) VALUES (209, 213);
INSERT IGNORE INTO user_subscriptions (subscriber_id, user_id) VALUES (209, 124);
INSERT IGNORE INTO user_subscriptions (subscriber_id, user_id) VALUES (210, 200);
INSERT IGNORE INTO user_subscriptions (subscriber_id, user_id) VALUES (210, 209);
INSERT IGNORE INTO user_subscriptions (subscriber_id, user_id) VALUES (210, 216);
INSERT IGNORE INTO user_subscriptions (subscriber_id, user_id) VALUES (210, 121);
INSERT IGNORE INTO user_subscriptions (subscriber_id, user_id) VALUES (210, 134);
INSERT IGNORE INTO user_subscriptions (subscriber_id, user_id) VALUES (211, 217);
INSERT IGNORE INTO user_subscriptions (subscriber_id, user_id) VALUES (211, 131);
INSERT IGNORE INTO user_subscriptions (subscriber_id, user_id) VALUES (211, 135);
INSERT IGNORE INTO user_subscriptions (subscriber_id, user_id) VALUES (211, 201);
INSERT IGNORE INTO user_subscriptions (subscriber_id, user_id) VALUES (211, 199);
INSERT IGNORE INTO user_subscriptions (subscriber_id, user_id) VALUES (212, 210);
INSERT IGNORE INTO user_subscriptions (subscriber_id, user_id) VALUES (212, 120);
INSERT IGNORE INTO user_subscriptions (subscriber_id, user_id) VALUES (212, 171);
INSERT IGNORE INTO user_subscriptions (subscriber_id, user_id) VALUES (212, 217);
INSERT IGNORE INTO user_subscriptions (subscriber_id, user_id) VALUES (212, 203);
INSERT IGNORE INTO user_subscriptions (subscriber_id, user_id) VALUES (213, 124);
INSERT IGNORE INTO user_subscriptions (subscriber_id, user_id) VALUES (213, 134);
INSERT IGNORE INTO user_subscriptions (subscriber_id, user_id) VALUES (213, 128);
INSERT IGNORE INTO user_subscriptions (subscriber_id, user_id) VALUES (213, 209);
INSERT IGNORE INTO user_subscriptions (subscriber_id, user_id) VALUES (213, 132);
INSERT IGNORE INTO user_subscriptions (subscriber_id, user_id) VALUES (214, 122);
INSERT IGNORE INTO user_subscriptions (subscriber_id, user_id) VALUES (214, 133);
INSERT IGNORE INTO user_subscriptions (subscriber_id, user_id) VALUES (214, 139);
INSERT IGNORE INTO user_subscriptions (subscriber_id, user_id) VALUES (214, 205);
INSERT IGNORE INTO user_subscriptions (subscriber_id, user_id) VALUES (214, 125);
INSERT IGNORE INTO user_subscriptions (subscriber_id, user_id) VALUES (215, 199);
INSERT IGNORE INTO user_subscriptions (subscriber_id, user_id) VALUES (215, 202);
INSERT IGNORE INTO user_subscriptions (subscriber_id, user_id) VALUES (215, 131);
INSERT IGNORE INTO user_subscriptions (subscriber_id, user_id) VALUES (215, 205);
INSERT IGNORE INTO user_subscriptions (subscriber_id, user_id) VALUES (215, 129);
INSERT IGNORE INTO user_subscriptions (subscriber_id, user_id) VALUES (216, 138);
INSERT IGNORE INTO user_subscriptions (subscriber_id, user_id) VALUES (216, 139);
INSERT IGNORE INTO user_subscriptions (subscriber_id, user_id) VALUES (216, 202);
INSERT IGNORE INTO user_subscriptions (subscriber_id, user_id) VALUES (216, 208);
INSERT IGNORE INTO user_subscriptions (subscriber_id, user_id) VALUES (216, 122);
INSERT IGNORE INTO user_subscriptions (subscriber_id, user_id) VALUES (217, 136);
INSERT IGNORE INTO user_subscriptions (subscriber_id, user_id) VALUES (217, 204);
INSERT IGNORE INTO user_subscriptions (subscriber_id, user_id) VALUES (217, 131);
INSERT IGNORE INTO user_subscriptions (subscriber_id, user_id) VALUES (217, 130);
INSERT IGNORE INTO user_subscriptions (subscriber_id, user_id) VALUES (217, 203);
INSERT IGNORE INTO user_subscriptions (subscriber_id, user_id) VALUES (140, 232);
INSERT IGNORE INTO user_subscriptions (subscriber_id, user_id) VALUES (140, 147);
INSERT IGNORE INTO user_subscriptions (subscriber_id, user_id) VALUES (140, 228);
INSERT IGNORE INTO user_subscriptions (subscriber_id, user_id) VALUES (140, 146);
INSERT IGNORE INTO user_subscriptions (subscriber_id, user_id) VALUES (140, 221);
INSERT IGNORE INTO user_subscriptions (subscriber_id, user_id) VALUES (141, 147);
INSERT IGNORE INTO user_subscriptions (subscriber_id, user_id) VALUES (141, 224);
INSERT IGNORE INTO user_subscriptions (subscriber_id, user_id) VALUES (141, 140);
INSERT IGNORE INTO user_subscriptions (subscriber_id, user_id) VALUES (141, 151);
INSERT IGNORE INTO user_subscriptions (subscriber_id, user_id) VALUES (141, 219);
INSERT IGNORE INTO user_subscriptions (subscriber_id, user_id) VALUES (142, 149);
INSERT IGNORE INTO user_subscriptions (subscriber_id, user_id) VALUES (142, 235);
INSERT IGNORE INTO user_subscriptions (subscriber_id, user_id) VALUES (142, 231);
INSERT IGNORE INTO user_subscriptions (subscriber_id, user_id) VALUES (142, 223);
INSERT IGNORE INTO user_subscriptions (subscriber_id, user_id) VALUES (142, 228);
INSERT IGNORE INTO user_subscriptions (subscriber_id, user_id) VALUES (143, 140);
INSERT IGNORE INTO user_subscriptions (subscriber_id, user_id) VALUES (143, 230);
INSERT IGNORE INTO user_subscriptions (subscriber_id, user_id) VALUES (143, 224);
INSERT IGNORE INTO user_subscriptions (subscriber_id, user_id) VALUES (143, 226);
INSERT IGNORE INTO user_subscriptions (subscriber_id, user_id) VALUES (143, 144);
INSERT IGNORE INTO user_subscriptions (subscriber_id, user_id) VALUES (144, 218);
INSERT IGNORE INTO user_subscriptions (subscriber_id, user_id) VALUES (144, 226);
INSERT IGNORE INTO user_subscriptions (subscriber_id, user_id) VALUES (144, 157);
INSERT IGNORE INTO user_subscriptions (subscriber_id, user_id) VALUES (144, 174);
INSERT IGNORE INTO user_subscriptions (subscriber_id, user_id) VALUES (144, 148);
INSERT IGNORE INTO user_subscriptions (subscriber_id, user_id) VALUES (145, 237);
INSERT IGNORE INTO user_subscriptions (subscriber_id, user_id) VALUES (145, 227);
INSERT IGNORE INTO user_subscriptions (subscriber_id, user_id) VALUES (145, 231);
INSERT IGNORE INTO user_subscriptions (subscriber_id, user_id) VALUES (145, 222);
INSERT IGNORE INTO user_subscriptions (subscriber_id, user_id) VALUES (145, 229);
INSERT IGNORE INTO user_subscriptions (subscriber_id, user_id) VALUES (146, 220);
INSERT IGNORE INTO user_subscriptions (subscriber_id, user_id) VALUES (146, 233);
INSERT IGNORE INTO user_subscriptions (subscriber_id, user_id) VALUES (146, 222);
INSERT IGNORE INTO user_subscriptions (subscriber_id, user_id) VALUES (146, 148);
INSERT IGNORE INTO user_subscriptions (subscriber_id, user_id) VALUES (146, 152);
INSERT IGNORE INTO user_subscriptions (subscriber_id, user_id) VALUES (147, 226);
INSERT IGNORE INTO user_subscriptions (subscriber_id, user_id) VALUES (147, 233);
INSERT IGNORE INTO user_subscriptions (subscriber_id, user_id) VALUES (147, 223);
INSERT IGNORE INTO user_subscriptions (subscriber_id, user_id) VALUES (147, 145);
INSERT IGNORE INTO user_subscriptions (subscriber_id, user_id) VALUES (147, 150);
INSERT IGNORE INTO user_subscriptions (subscriber_id, user_id) VALUES (148, 140);
INSERT IGNORE INTO user_subscriptions (subscriber_id, user_id) VALUES (148, 220);
INSERT IGNORE INTO user_subscriptions (subscriber_id, user_id) VALUES (148, 236);
INSERT IGNORE INTO user_subscriptions (subscriber_id, user_id) VALUES (148, 157);
INSERT IGNORE INTO user_subscriptions (subscriber_id, user_id) VALUES (148, 153);
INSERT IGNORE INTO user_subscriptions (subscriber_id, user_id) VALUES (149, 231);
INSERT IGNORE INTO user_subscriptions (subscriber_id, user_id) VALUES (149, 173);
INSERT IGNORE INTO user_subscriptions (subscriber_id, user_id) VALUES (149, 228);
INSERT IGNORE INTO user_subscriptions (subscriber_id, user_id) VALUES (149, 226);
INSERT IGNORE INTO user_subscriptions (subscriber_id, user_id) VALUES (149, 143);
INSERT IGNORE INTO user_subscriptions (subscriber_id, user_id) VALUES (150, 228);
INSERT IGNORE INTO user_subscriptions (subscriber_id, user_id) VALUES (150, 159);
INSERT IGNORE INTO user_subscriptions (subscriber_id, user_id) VALUES (150, 142);
INSERT IGNORE INTO user_subscriptions (subscriber_id, user_id) VALUES (150, 147);
INSERT IGNORE INTO user_subscriptions (subscriber_id, user_id) VALUES (150, 230);
INSERT IGNORE INTO user_subscriptions (subscriber_id, user_id) VALUES (151, 228);
INSERT IGNORE INTO user_subscriptions (subscriber_id, user_id) VALUES (151, 222);
INSERT IGNORE INTO user_subscriptions (subscriber_id, user_id) VALUES (151, 143);
INSERT IGNORE INTO user_subscriptions (subscriber_id, user_id) VALUES (151, 237);
INSERT IGNORE INTO user_subscriptions (subscriber_id, user_id) VALUES (151, 157);
INSERT IGNORE INTO user_subscriptions (subscriber_id, user_id) VALUES (152, 226);
INSERT IGNORE INTO user_subscriptions (subscriber_id, user_id) VALUES (152, 220);
INSERT IGNORE INTO user_subscriptions (subscriber_id, user_id) VALUES (152, 159);
INSERT IGNORE INTO user_subscriptions (subscriber_id, user_id) VALUES (152, 141);
INSERT IGNORE INTO user_subscriptions (subscriber_id, user_id) VALUES (152, 233);
INSERT IGNORE INTO user_subscriptions (subscriber_id, user_id) VALUES (153, 158);
INSERT IGNORE INTO user_subscriptions (subscriber_id, user_id) VALUES (153, 151);
INSERT IGNORE INTO user_subscriptions (subscriber_id, user_id) VALUES (153, 159);
INSERT IGNORE INTO user_subscriptions (subscriber_id, user_id) VALUES (153, 221);
INSERT IGNORE INTO user_subscriptions (subscriber_id, user_id) VALUES (153, 225);
INSERT IGNORE INTO user_subscriptions (subscriber_id, user_id) VALUES (154, 141);
INSERT IGNORE INTO user_subscriptions (subscriber_id, user_id) VALUES (154, 227);
INSERT IGNORE INTO user_subscriptions (subscriber_id, user_id) VALUES (154, 219);
INSERT IGNORE INTO user_subscriptions (subscriber_id, user_id) VALUES (154, 218);
INSERT IGNORE INTO user_subscriptions (subscriber_id, user_id) VALUES (154, 174);
INSERT IGNORE INTO user_subscriptions (subscriber_id, user_id) VALUES (155, 142);
INSERT IGNORE INTO user_subscriptions (subscriber_id, user_id) VALUES (155, 237);
INSERT IGNORE INTO user_subscriptions (subscriber_id, user_id) VALUES (155, 147);
INSERT IGNORE INTO user_subscriptions (subscriber_id, user_id) VALUES (155, 221);
INSERT IGNORE INTO user_subscriptions (subscriber_id, user_id) VALUES (155, 233);
INSERT IGNORE INTO user_subscriptions (subscriber_id, user_id) VALUES (156, 224);
INSERT IGNORE INTO user_subscriptions (subscriber_id, user_id) VALUES (156, 155);
INSERT IGNORE INTO user_subscriptions (subscriber_id, user_id) VALUES (156, 151);
INSERT IGNORE INTO user_subscriptions (subscriber_id, user_id) VALUES (156, 145);
INSERT IGNORE INTO user_subscriptions (subscriber_id, user_id) VALUES (156, 233);
INSERT IGNORE INTO user_subscriptions (subscriber_id, user_id) VALUES (157, 146);
INSERT IGNORE INTO user_subscriptions (subscriber_id, user_id) VALUES (157, 148);
INSERT IGNORE INTO user_subscriptions (subscriber_id, user_id) VALUES (157, 149);
INSERT IGNORE INTO user_subscriptions (subscriber_id, user_id) VALUES (157, 174);
INSERT IGNORE INTO user_subscriptions (subscriber_id, user_id) VALUES (157, 230);
INSERT IGNORE INTO user_subscriptions (subscriber_id, user_id) VALUES (158, 226);
INSERT IGNORE INTO user_subscriptions (subscriber_id, user_id) VALUES (158, 157);
INSERT IGNORE INTO user_subscriptions (subscriber_id, user_id) VALUES (158, 221);
INSERT IGNORE INTO user_subscriptions (subscriber_id, user_id) VALUES (158, 228);
INSERT IGNORE INTO user_subscriptions (subscriber_id, user_id) VALUES (158, 173);
INSERT IGNORE INTO user_subscriptions (subscriber_id, user_id) VALUES (159, 155);
INSERT IGNORE INTO user_subscriptions (subscriber_id, user_id) VALUES (159, 232);
INSERT IGNORE INTO user_subscriptions (subscriber_id, user_id) VALUES (159, 235);
INSERT IGNORE INTO user_subscriptions (subscriber_id, user_id) VALUES (159, 228);
INSERT IGNORE INTO user_subscriptions (subscriber_id, user_id) VALUES (159, 142);
INSERT IGNORE INTO user_subscriptions (subscriber_id, user_id) VALUES (218, 144);
INSERT IGNORE INTO user_subscriptions (subscriber_id, user_id) VALUES (218, 219);
INSERT IGNORE INTO user_subscriptions (subscriber_id, user_id) VALUES (218, 222);
INSERT IGNORE INTO user_subscriptions (subscriber_id, user_id) VALUES (218, 142);
INSERT IGNORE INTO user_subscriptions (subscriber_id, user_id) VALUES (218, 149);
INSERT IGNORE INTO user_subscriptions (subscriber_id, user_id) VALUES (219, 237);
INSERT IGNORE INTO user_subscriptions (subscriber_id, user_id) VALUES (219, 174);
INSERT IGNORE INTO user_subscriptions (subscriber_id, user_id) VALUES (219, 146);
INSERT IGNORE INTO user_subscriptions (subscriber_id, user_id) VALUES (219, 223);
INSERT IGNORE INTO user_subscriptions (subscriber_id, user_id) VALUES (219, 231);
INSERT IGNORE INTO user_subscriptions (subscriber_id, user_id) VALUES (220, 145);
INSERT IGNORE INTO user_subscriptions (subscriber_id, user_id) VALUES (220, 219);
INSERT IGNORE INTO user_subscriptions (subscriber_id, user_id) VALUES (220, 174);
INSERT IGNORE INTO user_subscriptions (subscriber_id, user_id) VALUES (220, 159);
INSERT IGNORE INTO user_subscriptions (subscriber_id, user_id) VALUES (220, 226);
INSERT IGNORE INTO user_subscriptions (subscriber_id, user_id) VALUES (221, 224);
INSERT IGNORE INTO user_subscriptions (subscriber_id, user_id) VALUES (221, 141);
INSERT IGNORE INTO user_subscriptions (subscriber_id, user_id) VALUES (221, 151);
INSERT IGNORE INTO user_subscriptions (subscriber_id, user_id) VALUES (221, 156);
INSERT IGNORE INTO user_subscriptions (subscriber_id, user_id) VALUES (221, 145);
INSERT IGNORE INTO user_subscriptions (subscriber_id, user_id) VALUES (222, 226);
INSERT IGNORE INTO user_subscriptions (subscriber_id, user_id) VALUES (222, 147);
INSERT IGNORE INTO user_subscriptions (subscriber_id, user_id) VALUES (222, 152);
INSERT IGNORE INTO user_subscriptions (subscriber_id, user_id) VALUES (222, 235);
INSERT IGNORE INTO user_subscriptions (subscriber_id, user_id) VALUES (222, 156);
INSERT IGNORE INTO user_subscriptions (subscriber_id, user_id) VALUES (223, 159);
INSERT IGNORE INTO user_subscriptions (subscriber_id, user_id) VALUES (223, 173);
INSERT IGNORE INTO user_subscriptions (subscriber_id, user_id) VALUES (223, 231);
INSERT IGNORE INTO user_subscriptions (subscriber_id, user_id) VALUES (223, 233);
INSERT IGNORE INTO user_subscriptions (subscriber_id, user_id) VALUES (223, 155);
INSERT IGNORE INTO user_subscriptions (subscriber_id, user_id) VALUES (224, 143);
INSERT IGNORE INTO user_subscriptions (subscriber_id, user_id) VALUES (224, 221);
INSERT IGNORE INTO user_subscriptions (subscriber_id, user_id) VALUES (224, 235);
INSERT IGNORE INTO user_subscriptions (subscriber_id, user_id) VALUES (224, 229);
INSERT IGNORE INTO user_subscriptions (subscriber_id, user_id) VALUES (224, 153);
INSERT IGNORE INTO user_subscriptions (subscriber_id, user_id) VALUES (225, 226);
INSERT IGNORE INTO user_subscriptions (subscriber_id, user_id) VALUES (225, 157);
INSERT IGNORE INTO user_subscriptions (subscriber_id, user_id) VALUES (225, 151);
INSERT IGNORE INTO user_subscriptions (subscriber_id, user_id) VALUES (225, 231);
INSERT IGNORE INTO user_subscriptions (subscriber_id, user_id) VALUES (225, 142);
INSERT IGNORE INTO user_subscriptions (subscriber_id, user_id) VALUES (226, 237);
INSERT IGNORE INTO user_subscriptions (subscriber_id, user_id) VALUES (226, 223);
INSERT IGNORE INTO user_subscriptions (subscriber_id, user_id) VALUES (226, 151);
INSERT IGNORE INTO user_subscriptions (subscriber_id, user_id) VALUES (226, 158);
INSERT IGNORE INTO user_subscriptions (subscriber_id, user_id) VALUES (226, 157);
INSERT IGNORE INTO user_subscriptions (subscriber_id, user_id) VALUES (227, 140);
INSERT IGNORE INTO user_subscriptions (subscriber_id, user_id) VALUES (227, 224);
INSERT IGNORE INTO user_subscriptions (subscriber_id, user_id) VALUES (227, 153);
INSERT IGNORE INTO user_subscriptions (subscriber_id, user_id) VALUES (227, 141);
INSERT IGNORE INTO user_subscriptions (subscriber_id, user_id) VALUES (227, 148);
INSERT IGNORE INTO user_subscriptions (subscriber_id, user_id) VALUES (228, 157);
INSERT IGNORE INTO user_subscriptions (subscriber_id, user_id) VALUES (228, 227);
INSERT IGNORE INTO user_subscriptions (subscriber_id, user_id) VALUES (228, 237);
INSERT IGNORE INTO user_subscriptions (subscriber_id, user_id) VALUES (228, 174);
INSERT IGNORE INTO user_subscriptions (subscriber_id, user_id) VALUES (228, 218);
INSERT IGNORE INTO user_subscriptions (subscriber_id, user_id) VALUES (229, 146);
INSERT IGNORE INTO user_subscriptions (subscriber_id, user_id) VALUES (229, 154);
INSERT IGNORE INTO user_subscriptions (subscriber_id, user_id) VALUES (229, 141);
INSERT IGNORE INTO user_subscriptions (subscriber_id, user_id) VALUES (229, 218);
INSERT IGNORE INTO user_subscriptions (subscriber_id, user_id) VALUES (229, 144);
INSERT IGNORE INTO user_subscriptions (subscriber_id, user_id) VALUES (230, 173);
INSERT IGNORE INTO user_subscriptions (subscriber_id, user_id) VALUES (230, 158);
INSERT IGNORE INTO user_subscriptions (subscriber_id, user_id) VALUES (230, 237);
INSERT IGNORE INTO user_subscriptions (subscriber_id, user_id) VALUES (230, 227);
INSERT IGNORE INTO user_subscriptions (subscriber_id, user_id) VALUES (230, 236);
INSERT IGNORE INTO user_subscriptions (subscriber_id, user_id) VALUES (231, 224);
INSERT IGNORE INTO user_subscriptions (subscriber_id, user_id) VALUES (231, 174);
INSERT IGNORE INTO user_subscriptions (subscriber_id, user_id) VALUES (231, 237);
INSERT IGNORE INTO user_subscriptions (subscriber_id, user_id) VALUES (231, 219);
INSERT IGNORE INTO user_subscriptions (subscriber_id, user_id) VALUES (231, 233);
INSERT IGNORE INTO user_subscriptions (subscriber_id, user_id) VALUES (232, 222);
INSERT IGNORE INTO user_subscriptions (subscriber_id, user_id) VALUES (232, 228);
INSERT IGNORE INTO user_subscriptions (subscriber_id, user_id) VALUES (232, 234);
INSERT IGNORE INTO user_subscriptions (subscriber_id, user_id) VALUES (232, 140);
INSERT IGNORE INTO user_subscriptions (subscriber_id, user_id) VALUES (232, 219);
INSERT IGNORE INTO user_subscriptions (subscriber_id, user_id) VALUES (233, 219);
INSERT IGNORE INTO user_subscriptions (subscriber_id, user_id) VALUES (233, 218);
INSERT IGNORE INTO user_subscriptions (subscriber_id, user_id) VALUES (233, 220);
INSERT IGNORE INTO user_subscriptions (subscriber_id, user_id) VALUES (233, 226);
INSERT IGNORE INTO user_subscriptions (subscriber_id, user_id) VALUES (233, 149);
INSERT IGNORE INTO user_subscriptions (subscriber_id, user_id) VALUES (234, 227);
INSERT IGNORE INTO user_subscriptions (subscriber_id, user_id) VALUES (234, 229);
INSERT IGNORE INTO user_subscriptions (subscriber_id, user_id) VALUES (234, 153);
INSERT IGNORE INTO user_subscriptions (subscriber_id, user_id) VALUES (234, 232);
INSERT IGNORE INTO user_subscriptions (subscriber_id, user_id) VALUES (234, 150);
INSERT IGNORE INTO user_subscriptions (subscriber_id, user_id) VALUES (235, 222);
INSERT IGNORE INTO user_subscriptions (subscriber_id, user_id) VALUES (235, 156);
INSERT IGNORE INTO user_subscriptions (subscriber_id, user_id) VALUES (235, 223);
INSERT IGNORE INTO user_subscriptions (subscriber_id, user_id) VALUES (235, 142);
INSERT IGNORE INTO user_subscriptions (subscriber_id, user_id) VALUES (235, 234);
INSERT IGNORE INTO user_subscriptions (subscriber_id, user_id) VALUES (236, 145);
INSERT IGNORE INTO user_subscriptions (subscriber_id, user_id) VALUES (236, 174);
INSERT IGNORE INTO user_subscriptions (subscriber_id, user_id) VALUES (236, 229);
INSERT IGNORE INTO user_subscriptions (subscriber_id, user_id) VALUES (236, 233);
INSERT IGNORE INTO user_subscriptions (subscriber_id, user_id) VALUES (236, 220);
INSERT IGNORE INTO user_subscriptions (subscriber_id, user_id) VALUES (237, 145);
INSERT IGNORE INTO user_subscriptions (subscriber_id, user_id) VALUES (237, 153);
INSERT IGNORE INTO user_subscriptions (subscriber_id, user_id) VALUES (237, 231);
INSERT IGNORE INTO user_subscriptions (subscriber_id, user_id) VALUES (237, 221);
INSERT IGNORE INTO user_subscriptions (subscriber_id, user_id) VALUES (237, 159);

-- user_interaction_events (persona bias cho feed ca nhan hoa)
INSERT INTO user_interaction_events (id, user_id, tweet_id, interaction_type, event_time, dwell_seconds) VALUES (800000, 100, 50229, 'CLICK', '2026-06-03 21:17:00', 74);
INSERT INTO user_interaction_events (id, user_id, tweet_id, interaction_type, event_time, dwell_seconds) VALUES (800001, 100, 50440, 'READ', '2026-05-03 04:45:00', 198);
INSERT INTO user_interaction_events (id, user_id, tweet_id, interaction_type, event_time, dwell_seconds) VALUES (800002, 100, 50328, 'SAVE', '2026-06-07 02:54:00', 111);
INSERT INTO user_interaction_events (id, user_id, tweet_id, interaction_type, event_time, dwell_seconds) VALUES (800003, 100, 50179, 'LIKE', '2026-06-07 05:59:00', 96);
INSERT INTO user_interaction_events (id, user_id, tweet_id, interaction_type, event_time, dwell_seconds) VALUES (800004, 100, 50043, 'LIKE', '2026-06-07 06:38:00', 88);
INSERT INTO user_interaction_events (id, user_id, tweet_id, interaction_type, event_time, dwell_seconds) VALUES (800005, 100, 50408, 'LIKE', '2026-04-27 02:32:00', 229);
INSERT INTO user_interaction_events (id, user_id, tweet_id, interaction_type, event_time, dwell_seconds) VALUES (800006, 100, 50016, 'RETWEET', '2026-06-05 21:58:00', 230);
INSERT INTO user_interaction_events (id, user_id, tweet_id, interaction_type, event_time, dwell_seconds) VALUES (800007, 100, 50195, 'LIKE', '2026-05-16 02:04:00', 131);
INSERT INTO user_interaction_events (id, user_id, tweet_id, interaction_type, event_time, dwell_seconds) VALUES (800008, 100, 50169, 'SAVE', '2026-06-05 23:19:00', 179);
INSERT INTO user_interaction_events (id, user_id, tweet_id, interaction_type, event_time, dwell_seconds) VALUES (800009, 100, 50295, 'RETWEET', '2026-06-03 02:55:00', 65);
INSERT INTO user_interaction_events (id, user_id, tweet_id, interaction_type, event_time, dwell_seconds) VALUES (800010, 100, 50317, 'READ', '2026-06-05 22:54:00', 46);
INSERT INTO user_interaction_events (id, user_id, tweet_id, interaction_type, event_time, dwell_seconds) VALUES (800011, 100, 50320, 'READ', '2026-06-03 07:07:00', 174);
INSERT INTO user_interaction_events (id, user_id, tweet_id, interaction_type, event_time, dwell_seconds) VALUES (800012, 100, 50053, 'READ', '2026-04-23 10:35:00', 125);
INSERT INTO user_interaction_events (id, user_id, tweet_id, interaction_type, event_time, dwell_seconds) VALUES (800013, 100, 50018, 'LIKE', '2026-04-24 22:17:00', 223);
INSERT INTO user_interaction_events (id, user_id, tweet_id, interaction_type, event_time, dwell_seconds) VALUES (800014, 100, 50343, 'COMMENT', '2026-05-29 05:01:00', 237);
INSERT INTO user_interaction_events (id, user_id, tweet_id, interaction_type, event_time, dwell_seconds) VALUES (800015, 100, 50362, 'READ', '2026-05-25 20:32:00', 101);
INSERT INTO user_interaction_events (id, user_id, tweet_id, interaction_type, event_time, dwell_seconds) VALUES (800016, 100, 50026, 'LIKE', '2026-04-27 10:53:00', 168);
INSERT INTO user_interaction_events (id, user_id, tweet_id, interaction_type, event_time, dwell_seconds) VALUES (800017, 100, 50140, 'CLICK', '2026-05-12 19:42:00', 137);
INSERT INTO user_interaction_events (id, user_id, tweet_id, interaction_type, event_time, dwell_seconds) VALUES (800018, 100, 50281, 'CLICK', '2026-06-07 12:31:00', 144);
INSERT INTO user_interaction_events (id, user_id, tweet_id, interaction_type, event_time, dwell_seconds) VALUES (800019, 100, 50376, 'SAVE', '2026-06-07 03:15:00', 231);
INSERT INTO user_interaction_events (id, user_id, tweet_id, interaction_type, event_time, dwell_seconds) VALUES (800020, 100, 50173, 'CLICK', '2026-06-06 06:02:00', 122);
INSERT INTO user_interaction_events (id, user_id, tweet_id, interaction_type, event_time, dwell_seconds) VALUES (800021, 100, 50430, 'LIKE', '2026-04-28 07:18:00', 70);
INSERT INTO user_interaction_events (id, user_id, tweet_id, interaction_type, event_time, dwell_seconds) VALUES (800022, 100, 50126, 'READ', '2026-05-10 21:12:00', 184);
INSERT INTO user_interaction_events (id, user_id, tweet_id, interaction_type, event_time, dwell_seconds) VALUES (800023, 100, 50304, 'RETWEET', '2026-05-03 09:15:00', 66);
INSERT INTO user_interaction_events (id, user_id, tweet_id, interaction_type, event_time, dwell_seconds) VALUES (800024, 100, 50274, 'LIKE', '2026-04-25 00:52:00', 53);
INSERT INTO user_interaction_events (id, user_id, tweet_id, interaction_type, event_time, dwell_seconds) VALUES (800025, 100, 50256, 'CLICK', '2026-04-22 23:37:00', 149);
INSERT INTO user_interaction_events (id, user_id, tweet_id, interaction_type, event_time, dwell_seconds) VALUES (800026, 100, 50185, 'READ', '2026-05-15 22:19:00', 195);
INSERT INTO user_interaction_events (id, user_id, tweet_id, interaction_type, event_time, dwell_seconds) VALUES (800027, 100, 50250, 'SAVE', '2026-05-28 18:10:00', 239);
INSERT INTO user_interaction_events (id, user_id, tweet_id, interaction_type, event_time, dwell_seconds) VALUES (800028, 100, 50047, 'RETWEET', '2026-06-07 15:00:00', 85);
INSERT INTO user_interaction_events (id, user_id, tweet_id, interaction_type, event_time, dwell_seconds) VALUES (800029, 100, 50017, 'CLICK', '2026-04-30 06:58:00', 70);
INSERT INTO user_interaction_events (id, user_id, tweet_id, interaction_type, event_time, dwell_seconds) VALUES (800030, 100, 50204, 'LIKE', '2026-06-07 12:00:00', 130);
INSERT INTO user_interaction_events (id, user_id, tweet_id, interaction_type, event_time, dwell_seconds) VALUES (800031, 100, 50102, 'LIKE', '2026-06-05 21:14:00', 233);
INSERT INTO user_interaction_events (id, user_id, tweet_id, interaction_type, event_time, dwell_seconds) VALUES (800032, 100, 50002, 'COMMENT', '2026-05-04 14:31:00', 210);
INSERT INTO user_interaction_events (id, user_id, tweet_id, interaction_type, event_time, dwell_seconds) VALUES (800033, 100, 50386, 'LIKE', '2026-06-07 15:26:00', 130);
INSERT INTO user_interaction_events (id, user_id, tweet_id, interaction_type, event_time, dwell_seconds) VALUES (800034, 100, 50103, 'CLICK', '2026-05-04 02:30:00', 129);
INSERT INTO user_interaction_events (id, user_id, tweet_id, interaction_type, event_time, dwell_seconds) VALUES (800035, 100, 50149, 'READ', '2026-05-10 09:20:00', 158);
INSERT INTO user_interaction_events (id, user_id, tweet_id, interaction_type, event_time, dwell_seconds) VALUES (800036, 100, 50307, 'READ', '2026-04-23 16:23:00', 84);
INSERT INTO user_interaction_events (id, user_id, tweet_id, interaction_type, event_time, dwell_seconds) VALUES (800037, 100, 50003, 'LIKE', '2026-05-12 01:00:00', 118);
INSERT INTO user_interaction_events (id, user_id, tweet_id, interaction_type, event_time, dwell_seconds) VALUES (800038, 100, 50024, 'SAVE', '2026-04-29 16:59:00', 192);
INSERT INTO user_interaction_events (id, user_id, tweet_id, interaction_type, event_time, dwell_seconds) VALUES (800039, 100, 50051, 'SAVE', '2026-06-02 13:24:00', 158);
INSERT INTO user_interaction_events (id, user_id, tweet_id, interaction_type, event_time, dwell_seconds) VALUES (800040, 105, 50435, 'SAVE', '2026-06-04 09:40:00', 174);
INSERT INTO user_interaction_events (id, user_id, tweet_id, interaction_type, event_time, dwell_seconds) VALUES (800041, 105, 50249, 'READ', '2026-05-29 08:11:00', 173);
INSERT INTO user_interaction_events (id, user_id, tweet_id, interaction_type, event_time, dwell_seconds) VALUES (800042, 105, 50362, 'LIKE', '2026-05-26 00:49:00', 143);
INSERT INTO user_interaction_events (id, user_id, tweet_id, interaction_type, event_time, dwell_seconds) VALUES (800043, 105, 50366, 'COMMENT', '2026-06-04 10:27:00', 235);
INSERT INTO user_interaction_events (id, user_id, tweet_id, interaction_type, event_time, dwell_seconds) VALUES (800044, 105, 50187, 'CLICK', '2026-05-16 06:53:00', 83);
INSERT INTO user_interaction_events (id, user_id, tweet_id, interaction_type, event_time, dwell_seconds) VALUES (800045, 105, 50066, 'CLICK', '2026-06-05 09:44:00', 12);
INSERT INTO user_interaction_events (id, user_id, tweet_id, interaction_type, event_time, dwell_seconds) VALUES (800046, 105, 50238, 'CLICK', '2026-05-12 20:35:00', 117);
INSERT INTO user_interaction_events (id, user_id, tweet_id, interaction_type, event_time, dwell_seconds) VALUES (800047, 105, 50424, 'READ', '2026-04-30 07:53:00', 157);
INSERT INTO user_interaction_events (id, user_id, tweet_id, interaction_type, event_time, dwell_seconds) VALUES (800048, 105, 50223, 'LIKE', '2026-05-12 05:39:00', 144);
INSERT INTO user_interaction_events (id, user_id, tweet_id, interaction_type, event_time, dwell_seconds) VALUES (800049, 105, 50372, 'LIKE', '2026-06-02 04:30:00', 205);
INSERT INTO user_interaction_events (id, user_id, tweet_id, interaction_type, event_time, dwell_seconds) VALUES (800050, 105, 50081, 'SAVE', '2026-05-02 08:08:00', 236);
INSERT INTO user_interaction_events (id, user_id, tweet_id, interaction_type, event_time, dwell_seconds) VALUES (800051, 105, 50040, 'SAVE', '2026-05-14 05:55:00', 47);
INSERT INTO user_interaction_events (id, user_id, tweet_id, interaction_type, event_time, dwell_seconds) VALUES (800052, 105, 50411, 'READ', '2026-06-07 14:36:00', 60);
INSERT INTO user_interaction_events (id, user_id, tweet_id, interaction_type, event_time, dwell_seconds) VALUES (800053, 105, 50091, 'READ', '2026-05-09 18:48:00', 14);
INSERT INTO user_interaction_events (id, user_id, tweet_id, interaction_type, event_time, dwell_seconds) VALUES (800054, 105, 50414, 'LIKE', '2026-06-06 23:45:00', 207);
INSERT INTO user_interaction_events (id, user_id, tweet_id, interaction_type, event_time, dwell_seconds) VALUES (800055, 105, 50192, 'CLICK', '2026-06-06 19:01:00', 25);
INSERT INTO user_interaction_events (id, user_id, tweet_id, interaction_type, event_time, dwell_seconds) VALUES (800056, 105, 50270, 'READ', '2026-06-07 13:27:00', 66);
INSERT INTO user_interaction_events (id, user_id, tweet_id, interaction_type, event_time, dwell_seconds) VALUES (800057, 105, 50358, 'LIKE', '2026-05-03 20:31:00', 85);
INSERT INTO user_interaction_events (id, user_id, tweet_id, interaction_type, event_time, dwell_seconds) VALUES (800058, 105, 50307, 'READ', '2026-04-23 12:42:00', 67);
INSERT INTO user_interaction_events (id, user_id, tweet_id, interaction_type, event_time, dwell_seconds) VALUES (800059, 105, 50323, 'RETWEET', '2026-05-13 08:47:00', 205);
INSERT INTO user_interaction_events (id, user_id, tweet_id, interaction_type, event_time, dwell_seconds) VALUES (800060, 105, 50077, 'READ', '2026-04-24 17:25:00', 232);
INSERT INTO user_interaction_events (id, user_id, tweet_id, interaction_type, event_time, dwell_seconds) VALUES (800061, 105, 50034, 'SAVE', '2026-06-02 10:35:00', 39);
INSERT INTO user_interaction_events (id, user_id, tweet_id, interaction_type, event_time, dwell_seconds) VALUES (800062, 105, 50159, 'SAVE', '2026-05-03 21:29:00', 14);
INSERT INTO user_interaction_events (id, user_id, tweet_id, interaction_type, event_time, dwell_seconds) VALUES (800063, 105, 50027, 'LIKE', '2026-05-17 16:38:00', 105);
INSERT INTO user_interaction_events (id, user_id, tweet_id, interaction_type, event_time, dwell_seconds) VALUES (800064, 105, 50250, 'CLICK', '2026-05-29 00:34:00', 110);
INSERT INTO user_interaction_events (id, user_id, tweet_id, interaction_type, event_time, dwell_seconds) VALUES (800065, 105, 50390, 'READ', '2026-06-07 14:34:00', 159);
INSERT INTO user_interaction_events (id, user_id, tweet_id, interaction_type, event_time, dwell_seconds) VALUES (800066, 105, 50021, 'SAVE', '2026-06-07 07:40:00', 52);
INSERT INTO user_interaction_events (id, user_id, tweet_id, interaction_type, event_time, dwell_seconds) VALUES (800067, 105, 50405, 'LIKE', '2026-05-16 23:57:00', 193);
INSERT INTO user_interaction_events (id, user_id, tweet_id, interaction_type, event_time, dwell_seconds) VALUES (800068, 105, 50293, 'LIKE', '2026-05-05 15:51:00', 201);
INSERT INTO user_interaction_events (id, user_id, tweet_id, interaction_type, event_time, dwell_seconds) VALUES (800069, 105, 50271, 'READ', '2026-05-18 21:25:00', 197);
INSERT INTO user_interaction_events (id, user_id, tweet_id, interaction_type, event_time, dwell_seconds) VALUES (800070, 105, 50052, 'LIKE', '2026-05-03 06:29:00', 114);
INSERT INTO user_interaction_events (id, user_id, tweet_id, interaction_type, event_time, dwell_seconds) VALUES (800071, 105, 50171, 'READ', '2026-06-06 05:37:00', 212);
INSERT INTO user_interaction_events (id, user_id, tweet_id, interaction_type, event_time, dwell_seconds) VALUES (800072, 105, 50343, 'LIKE', '2026-05-29 04:14:00', 73);
INSERT INTO user_interaction_events (id, user_id, tweet_id, interaction_type, event_time, dwell_seconds) VALUES (800073, 105, 50221, 'LIKE', '2026-05-11 05:52:00', 12);
INSERT INTO user_interaction_events (id, user_id, tweet_id, interaction_type, event_time, dwell_seconds) VALUES (800074, 105, 50389, 'CLICK', '2026-04-29 15:15:00', 110);
INSERT INTO user_interaction_events (id, user_id, tweet_id, interaction_type, event_time, dwell_seconds) VALUES (800075, 105, 50062, 'RETWEET', '2026-04-26 22:47:00', 98);
INSERT INTO user_interaction_events (id, user_id, tweet_id, interaction_type, event_time, dwell_seconds) VALUES (800076, 105, 50185, 'READ', '2026-05-16 00:22:00', 222);
INSERT INTO user_interaction_events (id, user_id, tweet_id, interaction_type, event_time, dwell_seconds) VALUES (800077, 105, 50181, 'CLICK', '2026-06-07 00:12:00', 66);
INSERT INTO user_interaction_events (id, user_id, tweet_id, interaction_type, event_time, dwell_seconds) VALUES (800078, 105, 50006, 'RETWEET', '2026-06-07 03:31:00', 174);
INSERT INTO user_interaction_events (id, user_id, tweet_id, interaction_type, event_time, dwell_seconds) VALUES (800079, 105, 50140, 'LIKE', '2026-05-12 20:44:00', 232);
INSERT INTO user_interaction_events (id, user_id, tweet_id, interaction_type, event_time, dwell_seconds) VALUES (800080, 110, 50174, 'LIKE', '2026-06-07 10:44:00', 124);
INSERT INTO user_interaction_events (id, user_id, tweet_id, interaction_type, event_time, dwell_seconds) VALUES (800081, 110, 50121, 'LIKE', '2026-06-04 23:23:00', 120);
INSERT INTO user_interaction_events (id, user_id, tweet_id, interaction_type, event_time, dwell_seconds) VALUES (800082, 110, 50025, 'CLICK', '2026-05-08 18:51:00', 175);
INSERT INTO user_interaction_events (id, user_id, tweet_id, interaction_type, event_time, dwell_seconds) VALUES (800083, 110, 50133, 'COMMENT', '2026-05-30 01:50:00', 94);
INSERT INTO user_interaction_events (id, user_id, tweet_id, interaction_type, event_time, dwell_seconds) VALUES (800084, 110, 50286, 'RETWEET', '2026-05-13 15:15:00', 73);
INSERT INTO user_interaction_events (id, user_id, tweet_id, interaction_type, event_time, dwell_seconds) VALUES (800085, 110, 50413, 'READ', '2026-06-06 08:24:00', 205);
INSERT INTO user_interaction_events (id, user_id, tweet_id, interaction_type, event_time, dwell_seconds) VALUES (800086, 110, 50136, 'LIKE', '2026-06-07 09:43:00', 179);
INSERT INTO user_interaction_events (id, user_id, tweet_id, interaction_type, event_time, dwell_seconds) VALUES (800087, 110, 50336, 'SAVE', '2026-04-24 14:56:00', 75);
INSERT INTO user_interaction_events (id, user_id, tweet_id, interaction_type, event_time, dwell_seconds) VALUES (800088, 110, 50238, 'CLICK', '2026-05-12 21:19:00', 117);
INSERT INTO user_interaction_events (id, user_id, tweet_id, interaction_type, event_time, dwell_seconds) VALUES (800089, 110, 50398, 'LIKE', '2026-06-07 19:21:00', 40);
INSERT INTO user_interaction_events (id, user_id, tweet_id, interaction_type, event_time, dwell_seconds) VALUES (800090, 110, 50429, 'CLICK', '2026-06-07 00:53:00', 220);
INSERT INTO user_interaction_events (id, user_id, tweet_id, interaction_type, event_time, dwell_seconds) VALUES (800091, 110, 50306, 'CLICK', '2026-05-28 01:28:00', 190);
INSERT INTO user_interaction_events (id, user_id, tweet_id, interaction_type, event_time, dwell_seconds) VALUES (800092, 110, 50370, 'READ', '2026-05-26 22:00:00', 86);
INSERT INTO user_interaction_events (id, user_id, tweet_id, interaction_type, event_time, dwell_seconds) VALUES (800093, 110, 50173, 'LIKE', '2026-06-06 14:31:00', 29);
INSERT INTO user_interaction_events (id, user_id, tweet_id, interaction_type, event_time, dwell_seconds) VALUES (800094, 110, 50105, 'RETWEET', '2026-06-06 20:41:00', 54);
INSERT INTO user_interaction_events (id, user_id, tweet_id, interaction_type, event_time, dwell_seconds) VALUES (800095, 110, 50369, 'READ', '2026-06-07 20:48:00', 57);
INSERT INTO user_interaction_events (id, user_id, tweet_id, interaction_type, event_time, dwell_seconds) VALUES (800096, 110, 50446, 'CLICK', '2026-04-23 20:52:00', 206);
INSERT INTO user_interaction_events (id, user_id, tweet_id, interaction_type, event_time, dwell_seconds) VALUES (800097, 110, 50444, 'CLICK', '2026-06-06 07:07:00', 142);
INSERT INTO user_interaction_events (id, user_id, tweet_id, interaction_type, event_time, dwell_seconds) VALUES (800098, 110, 50404, 'LIKE', '2026-06-07 13:40:00', 152);
INSERT INTO user_interaction_events (id, user_id, tweet_id, interaction_type, event_time, dwell_seconds) VALUES (800099, 110, 50185, 'SAVE', '2026-05-16 04:02:00', 20);
INSERT INTO user_interaction_events (id, user_id, tweet_id, interaction_type, event_time, dwell_seconds) VALUES (800100, 110, 50297, 'SAVE', '2026-05-09 22:16:00', 146);
INSERT INTO user_interaction_events (id, user_id, tweet_id, interaction_type, event_time, dwell_seconds) VALUES (800101, 110, 50274, 'READ', '2026-04-25 02:08:00', 50);
INSERT INTO user_interaction_events (id, user_id, tweet_id, interaction_type, event_time, dwell_seconds) VALUES (800102, 110, 50210, 'READ', '2026-06-07 11:47:00', 182);
INSERT INTO user_interaction_events (id, user_id, tweet_id, interaction_type, event_time, dwell_seconds) VALUES (800103, 110, 50154, 'READ', '2026-05-01 07:56:00', 223);
INSERT INTO user_interaction_events (id, user_id, tweet_id, interaction_type, event_time, dwell_seconds) VALUES (800104, 110, 50323, 'RETWEET', '2026-05-13 07:40:00', 146);
INSERT INTO user_interaction_events (id, user_id, tweet_id, interaction_type, event_time, dwell_seconds) VALUES (800105, 110, 50419, 'RETWEET', '2026-05-09 13:19:00', 227);
INSERT INTO user_interaction_events (id, user_id, tweet_id, interaction_type, event_time, dwell_seconds) VALUES (800106, 110, 50054, 'READ', '2026-05-31 10:55:00', 110);
INSERT INTO user_interaction_events (id, user_id, tweet_id, interaction_type, event_time, dwell_seconds) VALUES (800107, 110, 50041, 'READ', '2026-05-31 04:59:00', 115);
INSERT INTO user_interaction_events (id, user_id, tweet_id, interaction_type, event_time, dwell_seconds) VALUES (800108, 110, 50410, 'SAVE', '2026-04-23 11:04:00', 90);
INSERT INTO user_interaction_events (id, user_id, tweet_id, interaction_type, event_time, dwell_seconds) VALUES (800109, 110, 50264, 'CLICK', '2026-06-06 12:12:00', 8);
INSERT INTO user_interaction_events (id, user_id, tweet_id, interaction_type, event_time, dwell_seconds) VALUES (800110, 110, 50088, 'CLICK', '2026-06-07 16:34:00', 179);
INSERT INTO user_interaction_events (id, user_id, tweet_id, interaction_type, event_time, dwell_seconds) VALUES (800111, 110, 50235, 'READ', '2026-05-10 07:13:00', 23);
INSERT INTO user_interaction_events (id, user_id, tweet_id, interaction_type, event_time, dwell_seconds) VALUES (800112, 110, 50109, 'COMMENT', '2026-06-07 14:28:00', 44);
INSERT INTO user_interaction_events (id, user_id, tweet_id, interaction_type, event_time, dwell_seconds) VALUES (800113, 110, 50279, 'LIKE', '2026-06-05 17:49:00', 203);
INSERT INTO user_interaction_events (id, user_id, tweet_id, interaction_type, event_time, dwell_seconds) VALUES (800114, 110, 50382, 'RETWEET', '2026-06-07 10:13:00', 108);
INSERT INTO user_interaction_events (id, user_id, tweet_id, interaction_type, event_time, dwell_seconds) VALUES (800115, 110, 50407, 'COMMENT', '2026-06-06 14:14:00', 108);
INSERT INTO user_interaction_events (id, user_id, tweet_id, interaction_type, event_time, dwell_seconds) VALUES (800116, 110, 50211, 'LIKE', '2026-06-06 12:19:00', 221);
INSERT INTO user_interaction_events (id, user_id, tweet_id, interaction_type, event_time, dwell_seconds) VALUES (800117, 110, 50345, 'READ', '2026-06-05 23:56:00', 78);
INSERT INTO user_interaction_events (id, user_id, tweet_id, interaction_type, event_time, dwell_seconds) VALUES (800118, 110, 50416, 'CLICK', '2026-06-06 09:56:00', 39);
INSERT INTO user_interaction_events (id, user_id, tweet_id, interaction_type, event_time, dwell_seconds) VALUES (800119, 110, 50142, 'COMMENT', '2026-05-28 01:40:00', 60);
INSERT INTO user_interaction_events (id, user_id, tweet_id, interaction_type, event_time, dwell_seconds) VALUES (800120, 136, 50073, 'CLICK', '2026-06-07 01:09:00', 100);
INSERT INTO user_interaction_events (id, user_id, tweet_id, interaction_type, event_time, dwell_seconds) VALUES (800121, 136, 50206, 'LIKE', '2026-05-19 06:16:00', 216);
INSERT INTO user_interaction_events (id, user_id, tweet_id, interaction_type, event_time, dwell_seconds) VALUES (800122, 136, 50346, 'READ', '2026-06-03 10:45:00', 96);
INSERT INTO user_interaction_events (id, user_id, tweet_id, interaction_type, event_time, dwell_seconds) VALUES (800123, 136, 50310, 'LIKE', '2026-05-03 00:35:00', 226);
INSERT INTO user_interaction_events (id, user_id, tweet_id, interaction_type, event_time, dwell_seconds) VALUES (800124, 136, 50243, 'LIKE', '2026-04-24 10:00:00', 17);
INSERT INTO user_interaction_events (id, user_id, tweet_id, interaction_type, event_time, dwell_seconds) VALUES (800125, 136, 50165, 'RETWEET', '2026-06-07 06:27:00', 179);
INSERT INTO user_interaction_events (id, user_id, tweet_id, interaction_type, event_time, dwell_seconds) VALUES (800126, 136, 50118, 'RETWEET', '2026-06-07 09:46:00', 153);
INSERT INTO user_interaction_events (id, user_id, tweet_id, interaction_type, event_time, dwell_seconds) VALUES (800127, 136, 50364, 'READ', '2026-04-25 22:41:00', 33);
INSERT INTO user_interaction_events (id, user_id, tweet_id, interaction_type, event_time, dwell_seconds) VALUES (800128, 136, 50298, 'READ', '2026-04-27 10:07:00', 213);
INSERT INTO user_interaction_events (id, user_id, tweet_id, interaction_type, event_time, dwell_seconds) VALUES (800129, 136, 50132, 'CLICK', '2026-04-27 18:52:00', 225);
INSERT INTO user_interaction_events (id, user_id, tweet_id, interaction_type, event_time, dwell_seconds) VALUES (800130, 136, 50332, 'SAVE', '2026-05-04 01:12:00', 217);
INSERT INTO user_interaction_events (id, user_id, tweet_id, interaction_type, event_time, dwell_seconds) VALUES (800131, 136, 50292, 'LIKE', '2026-06-07 11:05:00', 71);
INSERT INTO user_interaction_events (id, user_id, tweet_id, interaction_type, event_time, dwell_seconds) VALUES (800132, 136, 50379, 'READ', '2026-06-07 02:53:00', 91);
INSERT INTO user_interaction_events (id, user_id, tweet_id, interaction_type, event_time, dwell_seconds) VALUES (800133, 136, 50028, 'LIKE', '2026-06-07 12:34:00', 204);
INSERT INTO user_interaction_events (id, user_id, tweet_id, interaction_type, event_time, dwell_seconds) VALUES (800134, 136, 50153, 'COMMENT', '2026-06-06 10:39:00', 150);
INSERT INTO user_interaction_events (id, user_id, tweet_id, interaction_type, event_time, dwell_seconds) VALUES (800135, 136, 50265, 'COMMENT', '2026-06-07 05:25:00', 173);
INSERT INTO user_interaction_events (id, user_id, tweet_id, interaction_type, event_time, dwell_seconds) VALUES (800136, 136, 50352, 'READ', '2026-05-08 21:55:00', 200);
INSERT INTO user_interaction_events (id, user_id, tweet_id, interaction_type, event_time, dwell_seconds) VALUES (800137, 136, 50163, 'READ', '2026-05-10 20:01:00', 224);
INSERT INTO user_interaction_events (id, user_id, tweet_id, interaction_type, event_time, dwell_seconds) VALUES (800138, 136, 50244, 'LIKE', '2026-06-07 11:36:00', 93);
INSERT INTO user_interaction_events (id, user_id, tweet_id, interaction_type, event_time, dwell_seconds) VALUES (800139, 136, 50325, 'READ', '2026-05-12 00:16:00', 197);
INSERT INTO user_interaction_events (id, user_id, tweet_id, interaction_type, event_time, dwell_seconds) VALUES (800140, 136, 50359, 'SAVE', '2026-06-02 06:58:00', 89);
INSERT INTO user_interaction_events (id, user_id, tweet_id, interaction_type, event_time, dwell_seconds) VALUES (800141, 136, 50384, 'SAVE', '2026-06-07 07:48:00', 192);
INSERT INTO user_interaction_events (id, user_id, tweet_id, interaction_type, event_time, dwell_seconds) VALUES (800142, 136, 50002, 'CLICK', '2026-05-04 16:00:00', 88);
INSERT INTO user_interaction_events (id, user_id, tweet_id, interaction_type, event_time, dwell_seconds) VALUES (800143, 136, 50009, 'LIKE', '2026-05-21 09:15:00', 201);
INSERT INTO user_interaction_events (id, user_id, tweet_id, interaction_type, event_time, dwell_seconds) VALUES (800144, 136, 50068, 'READ', '2026-06-07 16:36:00', 227);
INSERT INTO user_interaction_events (id, user_id, tweet_id, interaction_type, event_time, dwell_seconds) VALUES (800145, 136, 50057, 'COMMENT', '2026-05-14 06:04:00', 94);
INSERT INTO user_interaction_events (id, user_id, tweet_id, interaction_type, event_time, dwell_seconds) VALUES (800146, 136, 50116, 'SAVE', '2026-06-06 10:15:00', 201);
INSERT INTO user_interaction_events (id, user_id, tweet_id, interaction_type, event_time, dwell_seconds) VALUES (800147, 136, 50349, 'READ', '2026-06-07 03:57:00', 90);
INSERT INTO user_interaction_events (id, user_id, tweet_id, interaction_type, event_time, dwell_seconds) VALUES (800148, 136, 50284, 'CLICK', '2026-05-29 17:19:00', 156);
INSERT INTO user_interaction_events (id, user_id, tweet_id, interaction_type, event_time, dwell_seconds) VALUES (800149, 136, 50383, 'READ', '2026-05-01 22:43:00', 187);
INSERT INTO user_interaction_events (id, user_id, tweet_id, interaction_type, event_time, dwell_seconds) VALUES (800150, 136, 50115, 'LIKE', '2026-04-27 10:08:00', 201);
INSERT INTO user_interaction_events (id, user_id, tweet_id, interaction_type, event_time, dwell_seconds) VALUES (800151, 136, 50282, 'LIKE', '2026-04-24 01:07:00', 109);
INSERT INTO user_interaction_events (id, user_id, tweet_id, interaction_type, event_time, dwell_seconds) VALUES (800152, 136, 50260, 'LIKE', '2026-05-01 08:22:00', 58);
INSERT INTO user_interaction_events (id, user_id, tweet_id, interaction_type, event_time, dwell_seconds) VALUES (800153, 136, 50103, 'CLICK', '2026-05-04 07:59:00', 226);
INSERT INTO user_interaction_events (id, user_id, tweet_id, interaction_type, event_time, dwell_seconds) VALUES (800154, 136, 50254, 'READ', '2026-06-07 14:53:00', 144);
INSERT INTO user_interaction_events (id, user_id, tweet_id, interaction_type, event_time, dwell_seconds) VALUES (800155, 136, 50019, 'READ', '2026-06-04 17:21:00', 106);
INSERT INTO user_interaction_events (id, user_id, tweet_id, interaction_type, event_time, dwell_seconds) VALUES (800156, 136, 50134, 'CLICK', '2026-04-24 02:05:00', 165);
INSERT INTO user_interaction_events (id, user_id, tweet_id, interaction_type, event_time, dwell_seconds) VALUES (800157, 136, 50267, 'LIKE', '2026-05-24 11:29:00', 90);
INSERT INTO user_interaction_events (id, user_id, tweet_id, interaction_type, event_time, dwell_seconds) VALUES (800158, 136, 50251, 'RETWEET', '2026-05-03 21:38:00', 219);
INSERT INTO user_interaction_events (id, user_id, tweet_id, interaction_type, event_time, dwell_seconds) VALUES (800159, 136, 50327, 'CLICK', '2026-04-24 14:26:00', 47);
INSERT INTO user_interaction_events (id, user_id, tweet_id, interaction_type, event_time, dwell_seconds) VALUES (800160, 170, 50449, 'READ', '2026-04-24 12:10:00', 217);
INSERT INTO user_interaction_events (id, user_id, tweet_id, interaction_type, event_time, dwell_seconds) VALUES (800161, 170, 50189, 'LIKE', '2026-05-05 06:58:00', 18);
INSERT INTO user_interaction_events (id, user_id, tweet_id, interaction_type, event_time, dwell_seconds) VALUES (800162, 170, 50048, 'READ', '2026-05-13 12:16:00', 215);
INSERT INTO user_interaction_events (id, user_id, tweet_id, interaction_type, event_time, dwell_seconds) VALUES (800163, 170, 50185, 'SAVE', '2026-05-15 20:46:00', 225);
INSERT INTO user_interaction_events (id, user_id, tweet_id, interaction_type, event_time, dwell_seconds) VALUES (800164, 170, 50097, 'LIKE', '2026-06-07 12:33:00', 142);
INSERT INTO user_interaction_events (id, user_id, tweet_id, interaction_type, event_time, dwell_seconds) VALUES (800165, 170, 50277, 'LIKE', '2026-06-07 18:09:00', 141);
INSERT INTO user_interaction_events (id, user_id, tweet_id, interaction_type, event_time, dwell_seconds) VALUES (800166, 170, 50106, 'READ', '2026-06-07 00:24:00', 172);
INSERT INTO user_interaction_events (id, user_id, tweet_id, interaction_type, event_time, dwell_seconds) VALUES (800167, 170, 50403, 'READ', '2026-05-12 11:33:00', 42);
INSERT INTO user_interaction_events (id, user_id, tweet_id, interaction_type, event_time, dwell_seconds) VALUES (800168, 170, 50013, 'LIKE', '2026-05-03 04:27:00', 82);
INSERT INTO user_interaction_events (id, user_id, tweet_id, interaction_type, event_time, dwell_seconds) VALUES (800169, 170, 50117, 'RETWEET', '2026-06-05 22:21:00', 111);
INSERT INTO user_interaction_events (id, user_id, tweet_id, interaction_type, event_time, dwell_seconds) VALUES (800170, 170, 50223, 'LIKE', '2026-05-12 01:29:00', 133);
INSERT INTO user_interaction_events (id, user_id, tweet_id, interaction_type, event_time, dwell_seconds) VALUES (800171, 170, 50066, 'CLICK', '2026-06-05 04:51:00', 90);
INSERT INTO user_interaction_events (id, user_id, tweet_id, interaction_type, event_time, dwell_seconds) VALUES (800172, 170, 50225, 'LIKE', '2026-06-06 17:43:00', 86);
INSERT INTO user_interaction_events (id, user_id, tweet_id, interaction_type, event_time, dwell_seconds) VALUES (800173, 170, 50391, 'LIKE', '2026-06-07 10:59:00', 205);
INSERT INTO user_interaction_events (id, user_id, tweet_id, interaction_type, event_time, dwell_seconds) VALUES (800174, 170, 50427, 'LIKE', '2026-06-07 01:01:00', 143);
INSERT INTO user_interaction_events (id, user_id, tweet_id, interaction_type, event_time, dwell_seconds) VALUES (800175, 170, 50248, 'SAVE', '2026-06-06 21:17:00', 30);
INSERT INTO user_interaction_events (id, user_id, tweet_id, interaction_type, event_time, dwell_seconds) VALUES (800176, 170, 50156, 'READ', '2026-05-12 14:49:00', 146);
INSERT INTO user_interaction_events (id, user_id, tweet_id, interaction_type, event_time, dwell_seconds) VALUES (800177, 170, 50028, 'READ', '2026-06-07 13:26:00', 197);
INSERT INTO user_interaction_events (id, user_id, tweet_id, interaction_type, event_time, dwell_seconds) VALUES (800178, 170, 50217, 'CLICK', '2026-05-18 22:33:00', 20);
INSERT INTO user_interaction_events (id, user_id, tweet_id, interaction_type, event_time, dwell_seconds) VALUES (800179, 170, 50439, 'RETWEET', '2026-06-07 18:39:00', 56);
INSERT INTO user_interaction_events (id, user_id, tweet_id, interaction_type, event_time, dwell_seconds) VALUES (800180, 170, 50285, 'READ', '2026-05-29 15:15:00', 21);
INSERT INTO user_interaction_events (id, user_id, tweet_id, interaction_type, event_time, dwell_seconds) VALUES (800181, 170, 50075, 'SAVE', '2026-05-24 01:29:00', 197);
INSERT INTO user_interaction_events (id, user_id, tweet_id, interaction_type, event_time, dwell_seconds) VALUES (800182, 170, 50322, 'LIKE', '2026-06-05 23:07:00', 138);
INSERT INTO user_interaction_events (id, user_id, tweet_id, interaction_type, event_time, dwell_seconds) VALUES (800183, 170, 50338, 'READ', '2026-04-24 09:50:00', 62);
INSERT INTO user_interaction_events (id, user_id, tweet_id, interaction_type, event_time, dwell_seconds) VALUES (800184, 170, 50253, 'CLICK', '2026-05-26 13:15:00', 236);
INSERT INTO user_interaction_events (id, user_id, tweet_id, interaction_type, event_time, dwell_seconds) VALUES (800185, 170, 50037, 'READ', '2026-05-18 07:32:00', 26);
INSERT INTO user_interaction_events (id, user_id, tweet_id, interaction_type, event_time, dwell_seconds) VALUES (800186, 170, 50306, 'COMMENT', '2026-05-28 00:32:00', 60);
INSERT INTO user_interaction_events (id, user_id, tweet_id, interaction_type, event_time, dwell_seconds) VALUES (800187, 170, 50137, 'LIKE', '2026-04-29 13:20:00', 19);
INSERT INTO user_interaction_events (id, user_id, tweet_id, interaction_type, event_time, dwell_seconds) VALUES (800188, 170, 50276, 'RETWEET', '2026-06-07 11:35:00', 238);
INSERT INTO user_interaction_events (id, user_id, tweet_id, interaction_type, event_time, dwell_seconds) VALUES (800189, 170, 50342, 'LIKE', '2026-05-17 03:02:00', 9);
INSERT INTO user_interaction_events (id, user_id, tweet_id, interaction_type, event_time, dwell_seconds) VALUES (800190, 170, 50136, 'RETWEET', '2026-06-07 13:43:00', 53);
INSERT INTO user_interaction_events (id, user_id, tweet_id, interaction_type, event_time, dwell_seconds) VALUES (800191, 170, 50428, 'RETWEET', '2026-05-19 00:58:00', 103);
INSERT INTO user_interaction_events (id, user_id, tweet_id, interaction_type, event_time, dwell_seconds) VALUES (800192, 170, 50092, 'RETWEET', '2026-05-09 21:56:00', 19);
INSERT INTO user_interaction_events (id, user_id, tweet_id, interaction_type, event_time, dwell_seconds) VALUES (800193, 170, 50273, 'READ', '2026-04-30 11:17:00', 167);
INSERT INTO user_interaction_events (id, user_id, tweet_id, interaction_type, event_time, dwell_seconds) VALUES (800194, 170, 50280, 'LIKE', '2026-06-07 04:17:00', 182);
INSERT INTO user_interaction_events (id, user_id, tweet_id, interaction_type, event_time, dwell_seconds) VALUES (800195, 170, 50446, 'LIKE', '2026-04-23 22:22:00', 60);
INSERT INTO user_interaction_events (id, user_id, tweet_id, interaction_type, event_time, dwell_seconds) VALUES (800196, 170, 50259, 'RETWEET', '2026-04-26 17:44:00', 112);
INSERT INTO user_interaction_events (id, user_id, tweet_id, interaction_type, event_time, dwell_seconds) VALUES (800197, 170, 50038, 'LIKE', '2026-06-06 12:10:00', 218);
INSERT INTO user_interaction_events (id, user_id, tweet_id, interaction_type, event_time, dwell_seconds) VALUES (800198, 170, 50230, 'LIKE', '2026-05-17 05:49:00', 223);
INSERT INTO user_interaction_events (id, user_id, tweet_id, interaction_type, event_time, dwell_seconds) VALUES (800199, 170, 50378, 'RETWEET', '2026-06-05 23:24:00', 72);
INSERT INTO user_interaction_events (id, user_id, tweet_id, interaction_type, event_time, dwell_seconds) VALUES (800200, 178, 50268, 'LIKE', '2026-05-29 12:41:00', 128);
INSERT INTO user_interaction_events (id, user_id, tweet_id, interaction_type, event_time, dwell_seconds) VALUES (800201, 178, 50332, 'LIKE', '2026-05-03 20:59:00', 66);
INSERT INTO user_interaction_events (id, user_id, tweet_id, interaction_type, event_time, dwell_seconds) VALUES (800202, 178, 50265, 'CLICK', '2026-06-07 02:42:00', 55);
INSERT INTO user_interaction_events (id, user_id, tweet_id, interaction_type, event_time, dwell_seconds) VALUES (800203, 178, 50090, 'CLICK', '2026-06-06 19:14:00', 69);
INSERT INTO user_interaction_events (id, user_id, tweet_id, interaction_type, event_time, dwell_seconds) VALUES (800204, 178, 50384, 'LIKE', '2026-06-07 12:24:00', 120);
INSERT INTO user_interaction_events (id, user_id, tweet_id, interaction_type, event_time, dwell_seconds) VALUES (800205, 178, 50367, 'COMMENT', '2026-06-07 08:37:00', 160);
INSERT INTO user_interaction_events (id, user_id, tweet_id, interaction_type, event_time, dwell_seconds) VALUES (800206, 178, 50296, 'COMMENT', '2026-06-07 18:40:00', 204);
INSERT INTO user_interaction_events (id, user_id, tweet_id, interaction_type, event_time, dwell_seconds) VALUES (800207, 178, 50213, 'RETWEET', '2026-06-05 16:40:00', 193);
INSERT INTO user_interaction_events (id, user_id, tweet_id, interaction_type, event_time, dwell_seconds) VALUES (800208, 178, 50009, 'READ', '2026-05-21 15:47:00', 11);
INSERT INTO user_interaction_events (id, user_id, tweet_id, interaction_type, event_time, dwell_seconds) VALUES (800209, 178, 50144, 'RETWEET', '2026-04-22 18:54:00', 228);
INSERT INTO user_interaction_events (id, user_id, tweet_id, interaction_type, event_time, dwell_seconds) VALUES (800210, 178, 50115, 'RETWEET', '2026-04-27 08:04:00', 97);
INSERT INTO user_interaction_events (id, user_id, tweet_id, interaction_type, event_time, dwell_seconds) VALUES (800211, 178, 50329, 'LIKE', '2026-05-16 18:02:00', 108);
INSERT INTO user_interaction_events (id, user_id, tweet_id, interaction_type, event_time, dwell_seconds) VALUES (800212, 178, 50232, 'READ', '2026-06-06 15:03:00', 137);
INSERT INTO user_interaction_events (id, user_id, tweet_id, interaction_type, event_time, dwell_seconds) VALUES (800213, 178, 50243, 'CLICK', '2026-04-24 04:13:00', 168);
INSERT INTO user_interaction_events (id, user_id, tweet_id, interaction_type, event_time, dwell_seconds) VALUES (800214, 178, 50068, 'READ', '2026-06-07 19:34:00', 14);
INSERT INTO user_interaction_events (id, user_id, tweet_id, interaction_type, event_time, dwell_seconds) VALUES (800215, 178, 50203, 'SAVE', '2026-04-26 19:16:00', 223);
INSERT INTO user_interaction_events (id, user_id, tweet_id, interaction_type, event_time, dwell_seconds) VALUES (800216, 178, 50352, 'READ', '2026-05-09 00:06:00', 81);
INSERT INTO user_interaction_events (id, user_id, tweet_id, interaction_type, event_time, dwell_seconds) VALUES (800217, 178, 50314, 'LIKE', '2026-06-06 15:31:00', 148);
INSERT INTO user_interaction_events (id, user_id, tweet_id, interaction_type, event_time, dwell_seconds) VALUES (800218, 178, 50118, 'RETWEET', '2026-06-07 07:03:00', 36);
INSERT INTO user_interaction_events (id, user_id, tweet_id, interaction_type, event_time, dwell_seconds) VALUES (800219, 178, 50244, 'LIKE', '2026-06-07 17:04:00', 140);
INSERT INTO user_interaction_events (id, user_id, tweet_id, interaction_type, event_time, dwell_seconds) VALUES (800220, 178, 50284, 'LIKE', '2026-05-29 16:58:00', 193);
INSERT INTO user_interaction_events (id, user_id, tweet_id, interaction_type, event_time, dwell_seconds) VALUES (800221, 178, 50324, 'RETWEET', '2026-06-07 06:24:00', 17);
INSERT INTO user_interaction_events (id, user_id, tweet_id, interaction_type, event_time, dwell_seconds) VALUES (800222, 178, 50240, 'CLICK', '2026-06-02 09:51:00', 183);
INSERT INTO user_interaction_events (id, user_id, tweet_id, interaction_type, event_time, dwell_seconds) VALUES (800223, 178, 50073, 'READ', '2026-06-07 03:35:00', 8);
INSERT INTO user_interaction_events (id, user_id, tweet_id, interaction_type, event_time, dwell_seconds) VALUES (800224, 178, 50383, 'LIKE', '2026-05-01 20:41:00', 204);
INSERT INTO user_interaction_events (id, user_id, tweet_id, interaction_type, event_time, dwell_seconds) VALUES (800225, 178, 50057, 'LIKE', '2026-05-14 03:54:00', 203);
INSERT INTO user_interaction_events (id, user_id, tweet_id, interaction_type, event_time, dwell_seconds) VALUES (800226, 178, 50269, 'LIKE', '2026-05-21 10:42:00', 147);
INSERT INTO user_interaction_events (id, user_id, tweet_id, interaction_type, event_time, dwell_seconds) VALUES (800227, 178, 50379, 'CLICK', '2026-06-07 10:12:00', 154);
INSERT INTO user_interaction_events (id, user_id, tweet_id, interaction_type, event_time, dwell_seconds) VALUES (800228, 178, 50094, 'LIKE', '2026-06-06 16:54:00', 183);
INSERT INTO user_interaction_events (id, user_id, tweet_id, interaction_type, event_time, dwell_seconds) VALUES (800229, 178, 50282, 'LIKE', '2026-04-24 05:45:00', 199);
INSERT INTO user_interaction_events (id, user_id, tweet_id, interaction_type, event_time, dwell_seconds) VALUES (800230, 178, 50272, 'READ', '2026-05-09 17:27:00', 164);
INSERT INTO user_interaction_events (id, user_id, tweet_id, interaction_type, event_time, dwell_seconds) VALUES (800231, 178, 50111, 'READ', '2026-06-06 03:50:00', 130);
INSERT INTO user_interaction_events (id, user_id, tweet_id, interaction_type, event_time, dwell_seconds) VALUES (800232, 178, 50325, 'RETWEET', '2026-05-11 17:41:00', 124);
INSERT INTO user_interaction_events (id, user_id, tweet_id, interaction_type, event_time, dwell_seconds) VALUES (800233, 178, 50019, 'LIKE', '2026-06-04 21:13:00', 65);
INSERT INTO user_interaction_events (id, user_id, tweet_id, interaction_type, event_time, dwell_seconds) VALUES (800234, 178, 50298, 'CLICK', '2026-04-27 06:03:00', 107);
INSERT INTO user_interaction_events (id, user_id, tweet_id, interaction_type, event_time, dwell_seconds) VALUES (800235, 178, 50004, 'RETWEET', '2026-06-07 08:49:00', 102);
INSERT INTO user_interaction_events (id, user_id, tweet_id, interaction_type, event_time, dwell_seconds) VALUES (800236, 200, 50192, 'LIKE', '2026-06-06 15:38:00', 36);
INSERT INTO user_interaction_events (id, user_id, tweet_id, interaction_type, event_time, dwell_seconds) VALUES (800237, 200, 50390, 'RETWEET', '2026-06-07 11:26:00', 170);
INSERT INTO user_interaction_events (id, user_id, tweet_id, interaction_type, event_time, dwell_seconds) VALUES (800238, 200, 50139, 'READ', '2026-05-01 07:30:00', 98);
INSERT INTO user_interaction_events (id, user_id, tweet_id, interaction_type, event_time, dwell_seconds) VALUES (800239, 200, 50431, 'LIKE', '2026-06-07 16:31:00', 12);
INSERT INTO user_interaction_events (id, user_id, tweet_id, interaction_type, event_time, dwell_seconds) VALUES (800240, 200, 50229, 'LIKE', '2026-06-04 04:12:00', 51);
INSERT INTO user_interaction_events (id, user_id, tweet_id, interaction_type, event_time, dwell_seconds) VALUES (800241, 200, 50319, 'READ', '2026-04-30 01:23:00', 57);
INSERT INTO user_interaction_events (id, user_id, tweet_id, interaction_type, event_time, dwell_seconds) VALUES (800242, 200, 50354, 'LIKE', '2026-06-03 06:57:00', 239);
INSERT INTO user_interaction_events (id, user_id, tweet_id, interaction_type, event_time, dwell_seconds) VALUES (800243, 200, 50388, 'RETWEET', '2026-05-11 14:26:00', 89);
INSERT INTO user_interaction_events (id, user_id, tweet_id, interaction_type, event_time, dwell_seconds) VALUES (800244, 200, 50101, 'RETWEET', '2026-05-01 17:58:00', 174);
INSERT INTO user_interaction_events (id, user_id, tweet_id, interaction_type, event_time, dwell_seconds) VALUES (800245, 200, 50326, 'READ', '2026-06-02 13:18:00', 75);
INSERT INTO user_interaction_events (id, user_id, tweet_id, interaction_type, event_time, dwell_seconds) VALUES (800246, 200, 50123, 'LIKE', '2026-06-07 00:28:00', 94);
INSERT INTO user_interaction_events (id, user_id, tweet_id, interaction_type, event_time, dwell_seconds) VALUES (800247, 200, 50322, 'CLICK', '2026-06-06 03:54:00', 176);
INSERT INTO user_interaction_events (id, user_id, tweet_id, interaction_type, event_time, dwell_seconds) VALUES (800248, 200, 50211, 'CLICK', '2026-06-06 17:29:00', 16);
INSERT INTO user_interaction_events (id, user_id, tweet_id, interaction_type, event_time, dwell_seconds) VALUES (800249, 200, 50141, 'CLICK', '2026-06-07 09:15:00', 196);
INSERT INTO user_interaction_events (id, user_id, tweet_id, interaction_type, event_time, dwell_seconds) VALUES (800250, 200, 50212, 'LIKE', '2026-04-29 04:14:00', 105);
INSERT INTO user_interaction_events (id, user_id, tweet_id, interaction_type, event_time, dwell_seconds) VALUES (800251, 200, 50361, 'READ', '2026-06-07 16:06:00', 105);
INSERT INTO user_interaction_events (id, user_id, tweet_id, interaction_type, event_time, dwell_seconds) VALUES (800252, 200, 50266, 'READ', '2026-04-25 12:41:00', 186);
INSERT INTO user_interaction_events (id, user_id, tweet_id, interaction_type, event_time, dwell_seconds) VALUES (800253, 200, 50174, 'READ', '2026-06-07 13:20:00', 213);
INSERT INTO user_interaction_events (id, user_id, tweet_id, interaction_type, event_time, dwell_seconds) VALUES (800254, 200, 50005, 'LIKE', '2026-06-06 04:19:00', 112);
INSERT INTO user_interaction_events (id, user_id, tweet_id, interaction_type, event_time, dwell_seconds) VALUES (800255, 200, 50438, 'COMMENT', '2026-05-20 23:20:00', 96);
INSERT INTO user_interaction_events (id, user_id, tweet_id, interaction_type, event_time, dwell_seconds) VALUES (800256, 200, 50262, 'COMMENT', '2026-05-25 01:30:00', 57);
INSERT INTO user_interaction_events (id, user_id, tweet_id, interaction_type, event_time, dwell_seconds) VALUES (800257, 200, 50280, 'LIKE', '2026-06-07 01:38:00', 29);
INSERT INTO user_interaction_events (id, user_id, tweet_id, interaction_type, event_time, dwell_seconds) VALUES (800258, 200, 50406, 'RETWEET', '2026-05-04 10:31:00', 214);
INSERT INTO user_interaction_events (id, user_id, tweet_id, interaction_type, event_time, dwell_seconds) VALUES (800259, 200, 50434, 'LIKE', '2026-05-27 17:31:00', 228);
INSERT INTO user_interaction_events (id, user_id, tweet_id, interaction_type, event_time, dwell_seconds) VALUES (800260, 200, 50089, 'LIKE', '2026-05-01 09:01:00', 13);
INSERT INTO user_interaction_events (id, user_id, tweet_id, interaction_type, event_time, dwell_seconds) VALUES (800261, 200, 50186, 'SAVE', '2026-06-07 12:54:00', 70);
INSERT INTO user_interaction_events (id, user_id, tweet_id, interaction_type, event_time, dwell_seconds) VALUES (800262, 200, 50077, 'CLICK', '2026-04-24 21:27:00', 24);
INSERT INTO user_interaction_events (id, user_id, tweet_id, interaction_type, event_time, dwell_seconds) VALUES (800263, 200, 50276, 'READ', '2026-06-07 12:07:00', 207);
INSERT INTO user_interaction_events (id, user_id, tweet_id, interaction_type, event_time, dwell_seconds) VALUES (800264, 200, 50048, 'CLICK', '2026-05-13 05:22:00', 10);
INSERT INTO user_interaction_events (id, user_id, tweet_id, interaction_type, event_time, dwell_seconds) VALUES (800265, 200, 50277, 'COMMENT', '2026-06-07 14:54:00', 230);
INSERT INTO user_interaction_events (id, user_id, tweet_id, interaction_type, event_time, dwell_seconds) VALUES (800266, 200, 50271, 'RETWEET', '2026-05-18 14:17:00', 47);
INSERT INTO user_interaction_events (id, user_id, tweet_id, interaction_type, event_time, dwell_seconds) VALUES (800267, 200, 50385, 'LIKE', '2026-04-25 05:56:00', 169);
INSERT INTO user_interaction_events (id, user_id, tweet_id, interaction_type, event_time, dwell_seconds) VALUES (800268, 200, 50050, 'SAVE', '2026-06-07 02:53:00', 164);
INSERT INTO user_interaction_events (id, user_id, tweet_id, interaction_type, event_time, dwell_seconds) VALUES (800269, 200, 50054, 'CLICK', '2026-05-31 12:27:00', 59);
INSERT INTO user_interaction_events (id, user_id, tweet_id, interaction_type, event_time, dwell_seconds) VALUES (800270, 200, 50339, 'RETWEET', '2026-05-28 19:28:00', 55);
INSERT INTO user_interaction_events (id, user_id, tweet_id, interaction_type, event_time, dwell_seconds) VALUES (800271, 200, 50178, 'CLICK', '2026-06-06 15:38:00', 8);
INSERT INTO user_interaction_events (id, user_id, tweet_id, interaction_type, event_time, dwell_seconds) VALUES (800272, 200, 50158, 'LIKE', '2026-04-24 07:03:00', 61);
INSERT INTO user_interaction_events (id, user_id, tweet_id, interaction_type, event_time, dwell_seconds) VALUES (800273, 200, 50398, 'CLICK', '2026-06-07 11:26:00', 107);
INSERT INTO user_interaction_events (id, user_id, tweet_id, interaction_type, event_time, dwell_seconds) VALUES (800274, 200, 50027, 'READ', '2026-05-17 22:07:00', 57);
INSERT INTO user_interaction_events (id, user_id, tweet_id, interaction_type, event_time, dwell_seconds) VALUES (800275, 200, 50274, 'LIKE', '2026-04-24 20:27:00', 189);
INSERT INTO user_interaction_events (id, user_id, tweet_id, interaction_type, event_time, dwell_seconds) VALUES (800276, 220, 50015, 'READ', '2026-06-05 20:38:00', 77);
INSERT INTO user_interaction_events (id, user_id, tweet_id, interaction_type, event_time, dwell_seconds) VALUES (800277, 220, 50382, 'READ', '2026-06-07 06:27:00', 135);
INSERT INTO user_interaction_events (id, user_id, tweet_id, interaction_type, event_time, dwell_seconds) VALUES (800278, 220, 50358, 'READ', '2026-05-03 22:15:00', 220);
INSERT INTO user_interaction_events (id, user_id, tweet_id, interaction_type, event_time, dwell_seconds) VALUES (800279, 220, 50170, 'RETWEET', '2026-05-28 01:27:00', 79);
INSERT INTO user_interaction_events (id, user_id, tweet_id, interaction_type, event_time, dwell_seconds) VALUES (800280, 220, 50277, 'READ', '2026-06-07 17:23:00', 163);
INSERT INTO user_interaction_events (id, user_id, tweet_id, interaction_type, event_time, dwell_seconds) VALUES (800281, 220, 50067, 'COMMENT', '2026-06-05 21:28:00', 119);
INSERT INTO user_interaction_events (id, user_id, tweet_id, interaction_type, event_time, dwell_seconds) VALUES (800282, 220, 50247, 'RETWEET', '2026-04-26 09:48:00', 132);
INSERT INTO user_interaction_events (id, user_id, tweet_id, interaction_type, event_time, dwell_seconds) VALUES (800283, 220, 50369, 'RETWEET', '2026-06-07 13:06:00', 98);
INSERT INTO user_interaction_events (id, user_id, tweet_id, interaction_type, event_time, dwell_seconds) VALUES (800284, 220, 50313, 'RETWEET', '2026-05-05 03:13:00', 90);
INSERT INTO user_interaction_events (id, user_id, tweet_id, interaction_type, event_time, dwell_seconds) VALUES (800285, 220, 50387, 'COMMENT', '2026-04-24 19:01:00', 44);
INSERT INTO user_interaction_events (id, user_id, tweet_id, interaction_type, event_time, dwell_seconds) VALUES (800286, 220, 50020, 'READ', '2026-06-07 14:31:00', 213);
INSERT INTO user_interaction_events (id, user_id, tweet_id, interaction_type, event_time, dwell_seconds) VALUES (800287, 220, 50021, 'READ', '2026-06-07 14:27:00', 11);
INSERT INTO user_interaction_events (id, user_id, tweet_id, interaction_type, event_time, dwell_seconds) VALUES (800288, 220, 50138, 'RETWEET', '2026-06-07 13:47:00', 94);
INSERT INTO user_interaction_events (id, user_id, tweet_id, interaction_type, event_time, dwell_seconds) VALUES (800289, 220, 50200, 'LIKE', '2026-06-07 02:24:00', 164);
INSERT INTO user_interaction_events (id, user_id, tweet_id, interaction_type, event_time, dwell_seconds) VALUES (800290, 220, 50302, 'CLICK', '2026-06-07 07:17:00', 143);
INSERT INTO user_interaction_events (id, user_id, tweet_id, interaction_type, event_time, dwell_seconds) VALUES (800291, 220, 50347, 'READ', '2026-06-07 00:27:00', 214);
INSERT INTO user_interaction_events (id, user_id, tweet_id, interaction_type, event_time, dwell_seconds) VALUES (800292, 220, 50425, 'LIKE', '2026-06-07 14:16:00', 102);
INSERT INTO user_interaction_events (id, user_id, tweet_id, interaction_type, event_time, dwell_seconds) VALUES (800293, 220, 50083, 'LIKE', '2026-06-04 18:09:00', 24);
INSERT INTO user_interaction_events (id, user_id, tweet_id, interaction_type, event_time, dwell_seconds) VALUES (800294, 220, 50289, 'CLICK', '2026-04-29 19:23:00', 114);
INSERT INTO user_interaction_events (id, user_id, tweet_id, interaction_type, event_time, dwell_seconds) VALUES (800295, 220, 50058, 'READ', '2026-05-07 02:39:00', 184);
INSERT INTO user_interaction_events (id, user_id, tweet_id, interaction_type, event_time, dwell_seconds) VALUES (800296, 220, 50396, 'READ', '2026-05-18 17:25:00', 170);
INSERT INTO user_interaction_events (id, user_id, tweet_id, interaction_type, event_time, dwell_seconds) VALUES (800297, 220, 50270, 'RETWEET', '2026-06-07 16:12:00', 209);
INSERT INTO user_interaction_events (id, user_id, tweet_id, interaction_type, event_time, dwell_seconds) VALUES (800298, 220, 50207, 'READ', '2026-05-02 20:53:00', 155);
INSERT INTO user_interaction_events (id, user_id, tweet_id, interaction_type, event_time, dwell_seconds) VALUES (800299, 220, 50357, 'COMMENT', '2026-06-07 09:24:00', 238);
INSERT INTO user_interaction_events (id, user_id, tweet_id, interaction_type, event_time, dwell_seconds) VALUES (800300, 220, 50191, 'CLICK', '2026-06-06 01:34:00', 208);
INSERT INTO user_interaction_events (id, user_id, tweet_id, interaction_type, event_time, dwell_seconds) VALUES (800301, 220, 50258, 'LIKE', '2026-05-11 21:59:00', 189);
INSERT INTO user_interaction_events (id, user_id, tweet_id, interaction_type, event_time, dwell_seconds) VALUES (800302, 220, 50143, 'LIKE', '2026-05-02 07:07:00', 216);
INSERT INTO user_interaction_events (id, user_id, tweet_id, interaction_type, event_time, dwell_seconds) VALUES (800303, 220, 50305, 'SAVE', '2026-05-11 17:25:00', 152);
INSERT INTO user_interaction_events (id, user_id, tweet_id, interaction_type, event_time, dwell_seconds) VALUES (800304, 220, 50398, 'LIKE', '2026-06-07 10:24:00', 88);
INSERT INTO user_interaction_events (id, user_id, tweet_id, interaction_type, event_time, dwell_seconds) VALUES (800305, 220, 50154, 'LIKE', '2026-05-01 05:42:00', 106);
INSERT INTO user_interaction_events (id, user_id, tweet_id, interaction_type, event_time, dwell_seconds) VALUES (800306, 220, 50315, 'COMMENT', '2026-05-07 07:34:00', 28);
INSERT INTO user_interaction_events (id, user_id, tweet_id, interaction_type, event_time, dwell_seconds) VALUES (800307, 220, 50449, 'LIKE', '2026-04-24 15:58:00', 162);
INSERT INTO user_interaction_events (id, user_id, tweet_id, interaction_type, event_time, dwell_seconds) VALUES (800308, 220, 50345, 'RETWEET', '2026-06-06 00:37:00', 25);
INSERT INTO user_interaction_events (id, user_id, tweet_id, interaction_type, event_time, dwell_seconds) VALUES (800309, 220, 50109, 'LIKE', '2026-06-07 15:22:00', 210);
INSERT INTO user_interaction_events (id, user_id, tweet_id, interaction_type, event_time, dwell_seconds) VALUES (800310, 220, 50177, 'COMMENT', '2026-06-07 02:31:00', 101);
INSERT INTO user_interaction_events (id, user_id, tweet_id, interaction_type, event_time, dwell_seconds) VALUES (800311, 220, 50011, 'SAVE', '2026-05-09 08:05:00', 129);
INSERT INTO user_interaction_events (id, user_id, tweet_id, interaction_type, event_time, dwell_seconds) VALUES (800312, 220, 50290, 'READ', '2026-06-07 12:08:00', 91);
INSERT INTO user_interaction_events (id, user_id, tweet_id, interaction_type, event_time, dwell_seconds) VALUES (800313, 220, 50238, 'READ', '2026-05-12 23:19:00', 151);
INSERT INTO user_interaction_events (id, user_id, tweet_id, interaction_type, event_time, dwell_seconds) VALUES (800314, 220, 50061, 'CLICK', '2026-04-26 16:44:00', 89);
INSERT INTO user_interaction_events (id, user_id, tweet_id, interaction_type, event_time, dwell_seconds) VALUES (800315, 220, 50048, 'LIKE', '2026-05-13 09:26:00', 162);

-- cap nhat tweet_count
UPDATE users u JOIN (SELECT users_id, COUNT(*) cnt FROM tweets WHERE id BETWEEN 50000 AND 50449 GROUP BY users_id) t ON u.id = t.users_id SET u.tweet_count = u.tweet_count + t.cnt;
UPDATE users u JOIN (SELECT users_id, COUNT(*) cnt FROM like_tweets WHERE id >= 50000 GROUP BY users_id) t ON u.id = t.users_id SET u.like_count = u.like_count + t.cnt;

-- resync sequences
UPDATE users_seq SET next_val = (SELECT COALESCE(MAX(id), 0) + 1 FROM users);
UPDATE tweets_seq SET next_val = (SELECT COALESCE(MAX(id), 0) + 1 FROM tweets);
UPDATE tags_seq SET next_val = (SELECT COALESCE(MAX(id), 0) + 1 FROM tags);
UPDATE like_tweets_seq SET next_val = (SELECT COALESCE(MAX(id), 0) + 1 FROM like_tweets);
UPDATE retweets_seq SET next_val = (SELECT COALESCE(MAX(id), 0) + 1 FROM retweets);
UPDATE images_seq SET next_val = (SELECT COALESCE(MAX(id), 0) + 1 FROM images);
UPDATE lists_seq SET next_val = (SELECT COALESCE(MAX(id), 0) + 1 FROM lists);
UPDATE notifications_seq SET next_val = (SELECT COALESCE(MAX(id), 0) + 1 FROM notifications);
UPDATE chat_messages_seq SET next_val = (SELECT COALESCE(MAX(id), 0) + 1 FROM chat_messages);
UPDATE chats_seq SET next_val = (SELECT COALESCE(MAX(id), 0) + 1 FROM chats);
UPDATE chats_participants_seq SET next_val = (SELECT COALESCE(MAX(id), 0) + 1 FROM chats_participants);
UPDATE pools_seq SET next_val = (SELECT COALESCE(MAX(id), 0) + 1 FROM pools);
UPDATE pool_choices_seq SET next_val = (SELECT COALESCE(MAX(id), 0) + 1 FROM pool_choices);
UPDATE user_interaction_events_seq SET next_val = (SELECT COALESCE(MAX(id), 0) + 1 FROM user_interaction_events);
UPDATE tweet_embeddings_seq SET next_val = (SELECT COALESCE(MAX(id), 0) + 1 FROM tweet_embeddings);

-- Done: 70 stubs + 200 users, 450 tweets (50000-50449), 30 tags (min 5/tag), 300 likes, 150 retweets, interactions 800000-800315
