-- =============================================================================
-- Dữ liệu mẫu lớn: Mạng xã hội IT trường đại học (Flyway V7)
-- =============================================================================
-- Nội dung: 70 tài khoản (62 SV + 5 GV + 3 CLB), ~390 bài, hashtag IT, like/follow/list/chat...
-- ID: users 100-177 | tweets 2000-2389 | tags 100+ | lists 100-105 (không trùng V2 id 1-16)
-- Chạy SAU V1__InitDB.sql. Có thể bổ sung sau V2 (dữ liệu cũ vẫn giữ).
--
-- Cách import (Flyway đang tắt trong application.properties):
--   mysql -u root twitter9 < src/main/resources/db/migration/V7__PopulateUniversityIT.sql
-- Hoặc bật spring.flyway.enabled=true và restart app (nếu V7 chưa có trong flyway_schema_history).
--
-- Đăng nhập: email dạng sv100_an@student.it.edu.vn hoặc gv_tran_java@it.edu.vn
-- Mật khẩu: cùng hash BCrypt như V2 (tài khoản demo project).
-- Không gồm: bookmarks (V5), topics (V3).
-- =============================================================================
SET NAMES utf8mb4;
-- images
INSERT INTO images (id, src) VALUES (200, 'https://i.pravatar.cc/150?u=it100');
INSERT INTO images (id, src) VALUES (201, 'https://i.pravatar.cc/150?u=it101');
INSERT INTO images (id, src) VALUES (202, 'https://i.pravatar.cc/150?u=it102');
INSERT INTO images (id, src) VALUES (203, 'https://i.pravatar.cc/150?u=it103');
INSERT INTO images (id, src) VALUES (204, 'https://i.pravatar.cc/150?u=it104');
INSERT INTO images (id, src) VALUES (205, 'https://i.pravatar.cc/150?u=it105');
INSERT INTO images (id, src) VALUES (206, 'https://i.pravatar.cc/150?u=it106');
INSERT INTO images (id, src) VALUES (207, 'https://i.pravatar.cc/150?u=it107');
INSERT INTO images (id, src) VALUES (208, 'https://i.pravatar.cc/150?u=it108');
INSERT INTO images (id, src) VALUES (209, 'https://i.pravatar.cc/150?u=it109');
INSERT INTO images (id, src) VALUES (210, 'https://i.pravatar.cc/150?u=it110');
INSERT INTO images (id, src) VALUES (211, 'https://i.pravatar.cc/150?u=it111');
INSERT INTO images (id, src) VALUES (212, 'https://i.pravatar.cc/150?u=it112');
INSERT INTO images (id, src) VALUES (213, 'https://i.pravatar.cc/150?u=it113');
INSERT INTO images (id, src) VALUES (214, 'https://i.pravatar.cc/150?u=it114');
INSERT INTO images (id, src) VALUES (215, 'https://i.pravatar.cc/150?u=it115');
INSERT INTO images (id, src) VALUES (216, 'https://i.pravatar.cc/150?u=it116');
INSERT INTO images (id, src) VALUES (217, 'https://i.pravatar.cc/150?u=it117');
INSERT INTO images (id, src) VALUES (218, 'https://i.pravatar.cc/150?u=it118');
INSERT INTO images (id, src) VALUES (219, 'https://i.pravatar.cc/150?u=it119');
INSERT INTO images (id, src) VALUES (220, 'https://i.pravatar.cc/150?u=it120');
INSERT INTO images (id, src) VALUES (221, 'https://i.pravatar.cc/150?u=it121');
INSERT INTO images (id, src) VALUES (222, 'https://i.pravatar.cc/150?u=it122');
INSERT INTO images (id, src) VALUES (223, 'https://i.pravatar.cc/150?u=it123');
INSERT INTO images (id, src) VALUES (224, 'https://i.pravatar.cc/150?u=it124');
INSERT INTO images (id, src) VALUES (225, 'https://i.pravatar.cc/150?u=it125');
INSERT INTO images (id, src) VALUES (226, 'https://i.pravatar.cc/150?u=it126');
INSERT INTO images (id, src) VALUES (227, 'https://i.pravatar.cc/150?u=it127');
INSERT INTO images (id, src) VALUES (228, 'https://i.pravatar.cc/150?u=it128');
INSERT INTO images (id, src) VALUES (229, 'https://i.pravatar.cc/150?u=it129');
INSERT INTO images (id, src) VALUES (230, 'https://i.pravatar.cc/150?u=it130');
INSERT INTO images (id, src) VALUES (231, 'https://i.pravatar.cc/150?u=it131');
INSERT INTO images (id, src) VALUES (232, 'https://i.pravatar.cc/150?u=it132');
INSERT INTO images (id, src) VALUES (233, 'https://i.pravatar.cc/150?u=it133');
INSERT INTO images (id, src) VALUES (234, 'https://i.pravatar.cc/150?u=it134');
INSERT INTO images (id, src) VALUES (235, 'https://i.pravatar.cc/150?u=it135');
INSERT INTO images (id, src) VALUES (236, 'https://i.pravatar.cc/150?u=it136');
INSERT INTO images (id, src) VALUES (237, 'https://i.pravatar.cc/150?u=it137');
INSERT INTO images (id, src) VALUES (238, 'https://i.pravatar.cc/150?u=it138');
INSERT INTO images (id, src) VALUES (239, 'https://i.pravatar.cc/150?u=it139');
INSERT INTO images (id, src) VALUES (240, 'https://i.pravatar.cc/150?u=it140');
INSERT INTO images (id, src) VALUES (241, 'https://i.pravatar.cc/150?u=it141');
INSERT INTO images (id, src) VALUES (242, 'https://i.pravatar.cc/150?u=it142');
INSERT INTO images (id, src) VALUES (243, 'https://i.pravatar.cc/150?u=it143');
INSERT INTO images (id, src) VALUES (244, 'https://i.pravatar.cc/150?u=it144');
INSERT INTO images (id, src) VALUES (245, 'https://i.pravatar.cc/150?u=it145');
INSERT INTO images (id, src) VALUES (246, 'https://i.pravatar.cc/150?u=it146');
INSERT INTO images (id, src) VALUES (247, 'https://i.pravatar.cc/150?u=it147');
INSERT INTO images (id, src) VALUES (248, 'https://i.pravatar.cc/150?u=it148');
INSERT INTO images (id, src) VALUES (249, 'https://i.pravatar.cc/150?u=it149');
INSERT INTO images (id, src) VALUES (250, 'https://i.pravatar.cc/150?u=it150');
INSERT INTO images (id, src) VALUES (251, 'https://i.pravatar.cc/150?u=it151');
INSERT INTO images (id, src) VALUES (252, 'https://i.pravatar.cc/150?u=it152');
INSERT INTO images (id, src) VALUES (253, 'https://i.pravatar.cc/150?u=it153');
INSERT INTO images (id, src) VALUES (254, 'https://i.pravatar.cc/150?u=it154');
INSERT INTO images (id, src) VALUES (255, 'https://i.pravatar.cc/150?u=it155');
INSERT INTO images (id, src) VALUES (256, 'https://i.pravatar.cc/150?u=it156');
INSERT INTO images (id, src) VALUES (257, 'https://i.pravatar.cc/150?u=it157');
INSERT INTO images (id, src) VALUES (258, 'https://i.pravatar.cc/150?u=it158');
INSERT INTO images (id, src) VALUES (259, 'https://i.pravatar.cc/150?u=it159');
INSERT INTO images (id, src) VALUES (260, 'https://i.pravatar.cc/150?u=it160');
INSERT INTO images (id, src) VALUES (261, 'https://i.pravatar.cc/150?u=it161');
INSERT INTO images (id, src) VALUES (262, 'https://i.pravatar.cc/150?u=it170');
INSERT INTO images (id, src) VALUES (263, 'https://i.pravatar.cc/150?u=it171');
INSERT INTO images (id, src) VALUES (264, 'https://i.pravatar.cc/150?u=it172');
INSERT INTO images (id, src) VALUES (265, 'https://i.pravatar.cc/150?u=it173');
INSERT INTO images (id, src) VALUES (266, 'https://i.pravatar.cc/150?u=it174');
INSERT INTO images (id, src) VALUES (267, 'https://i.pravatar.cc/150?u=it175');
INSERT INTO images (id, src) VALUES (268, 'https://i.pravatar.cc/150?u=it176');
INSERT INTO images (id, src) VALUES (269, 'https://i.pravatar.cc/150?u=it177');
INSERT INTO images (id, src) VALUES (270, 'https://images.unsplash.com/photo-1517694712202-8dd79c83b3ab?w=1200');
-- users
INSERT INTO users (id,about,activation_code,active,background_color,birthday,color_scheme,country,country_code,email,full_name,gender,language,like_count,location,media_tweet_count,muted_direct_messages,notifications_count,password,password_reset_code,phone,private_profile,profile_customized,profile_started,registration_date,role,tweet_count,username,website) VALUES (100,'Sinh vien D23 - Khoa CNTT.',null,true,'DEFAULT',null,'BLUE','VN','VN','sv100_dung@student.it.edu.vn','Nguyen Dung',null,'Tieng Viet',0,'TP.HCM',0,false,0,'$2a$08$TZekzxmq.KO2f.juYNUa4eU/ePYPx3r2MWONVjPDKOBJB4qUlhkxW',null,900000100,false,true,true,'2024-04-16 00:00:00','USER',0,'sv100_dung','https://github.com/sv100_dung');
INSERT INTO users (id,about,activation_code,active,background_color,birthday,color_scheme,country,country_code,email,full_name,gender,language,like_count,location,media_tweet_count,muted_direct_messages,notifications_count,password,password_reset_code,phone,private_profile,profile_customized,profile_started,registration_date,role,tweet_count,username,website) VALUES (101,'Sinh vien D21 - Khoa CNTT.',null,true,'DEFAULT',null,'BLUE','VN','VN','sv101_ha@student.it.edu.vn','Tran Ha',null,'Tieng Viet',0,'Online',0,false,0,'$2a$08$TZekzxmq.KO2f.juYNUa4eU/ePYPx3r2MWONVjPDKOBJB4qUlhkxW',null,900000101,false,true,true,'2024-11-06 00:00:00','USER',0,'sv101_ha','https://github.com/sv101_ha');
INSERT INTO users (id,about,activation_code,active,background_color,birthday,color_scheme,country,country_code,email,full_name,gender,language,like_count,location,media_tweet_count,muted_direct_messages,notifications_count,password,password_reset_code,phone,private_profile,profile_customized,profile_started,registration_date,role,tweet_count,username,website) VALUES (102,'Sinh vien D21 - Khoa CNTT.',null,true,'DEFAULT',null,'BLUE','VN','VN','sv102_binh@student.it.edu.vn','Nguyen Binh',null,'Tieng Viet',0,'TP.HCM',0,false,0,'$2a$08$TZekzxmq.KO2f.juYNUa4eU/ePYPx3r2MWONVjPDKOBJB4qUlhkxW',null,900000102,false,true,true,'2024-04-26 00:00:00','USER',0,'sv102_binh','https://github.com/sv102_binh');
INSERT INTO users (id,about,activation_code,active,background_color,birthday,color_scheme,country,country_code,email,full_name,gender,language,like_count,location,media_tweet_count,muted_direct_messages,notifications_count,password,password_reset_code,phone,private_profile,profile_customized,profile_started,registration_date,role,tweet_count,username,website) VALUES (103,'Sinh vien D21 - Khoa CNTT.',null,true,'DEFAULT',null,'BLUE','VN','VN','sv103_huy@student.it.edu.vn','Do Huy',null,'Tieng Viet',0,'Online',0,false,0,'$2a$08$TZekzxmq.KO2f.juYNUa4eU/ePYPx3r2MWONVjPDKOBJB4qUlhkxW',null,900000103,false,true,true,'2024-03-22 00:00:00','USER',0,'sv103_huy','https://github.com/sv103_huy');
INSERT INTO users (id,about,activation_code,active,background_color,birthday,color_scheme,country,country_code,email,full_name,gender,language,like_count,location,media_tweet_count,muted_direct_messages,notifications_count,password,password_reset_code,phone,private_profile,profile_customized,profile_started,registration_date,role,tweet_count,username,website) VALUES (104,'Sinh vien D22 - Khoa CNTT.',null,true,'DEFAULT',null,'BLUE','VN','VN','sv104_thao@student.it.edu.vn','Vu Thao',null,'Tieng Viet',0,'Can Tho',0,false,0,'$2a$08$TZekzxmq.KO2f.juYNUa4eU/ePYPx3r2MWONVjPDKOBJB4qUlhkxW',null,900000104,false,true,true,'2024-06-11 00:00:00','USER',0,'sv104_thao','https://github.com/sv104_thao');
INSERT INTO users (id,about,activation_code,active,background_color,birthday,color_scheme,country,country_code,email,full_name,gender,language,like_count,location,media_tweet_count,muted_direct_messages,notifications_count,password,password_reset_code,phone,private_profile,profile_customized,profile_started,registration_date,role,tweet_count,username,website) VALUES (105,'Sinh vien D24 - Khoa CNTT.',null,true,'DEFAULT',null,'BLUE','VN','VN','sv105_an@student.it.edu.vn','Le An',null,'Tieng Viet',0,'Da Nang',0,false,0,'$2a$08$TZekzxmq.KO2f.juYNUa4eU/ePYPx3r2MWONVjPDKOBJB4qUlhkxW',null,900000105,false,true,true,'2024-06-11 00:00:00','USER',0,'sv105_an','https://github.com/sv105_an');
INSERT INTO users (id,about,activation_code,active,background_color,birthday,color_scheme,country,country_code,email,full_name,gender,language,like_count,location,media_tweet_count,muted_direct_messages,notifications_count,password,password_reset_code,phone,private_profile,profile_customized,profile_started,registration_date,role,tweet_count,username,website) VALUES (106,'Sinh vien D23 - Khoa CNTT.',null,true,'DEFAULT',null,'BLUE','VN','VN','sv106_ha@student.it.edu.vn','Pham Ha',null,'Tieng Viet',0,'Ha Noi',0,false,0,'$2a$08$TZekzxmq.KO2f.juYNUa4eU/ePYPx3r2MWONVjPDKOBJB4qUlhkxW',null,900000106,false,true,true,'2023-12-04 00:00:00','USER',0,'sv106_ha','https://github.com/sv106_ha');
INSERT INTO users (id,about,activation_code,active,background_color,birthday,color_scheme,country,country_code,email,full_name,gender,language,like_count,location,media_tweet_count,muted_direct_messages,notifications_count,password,password_reset_code,phone,private_profile,profile_customized,profile_started,registration_date,role,tweet_count,username,website) VALUES (107,'Sinh vien D23 - Khoa CNTT.',null,true,'DEFAULT',null,'BLUE','VN','VN','sv107_trang@student.it.edu.vn','Tran Trang',null,'Tieng Viet',0,'Da Nang',0,false,0,'$2a$08$TZekzxmq.KO2f.juYNUa4eU/ePYPx3r2MWONVjPDKOBJB4qUlhkxW',null,900000107,false,true,true,'2024-05-28 00:00:00','USER',0,'sv107_trang','https://github.com/sv107_trang');
INSERT INTO users (id,about,activation_code,active,background_color,birthday,color_scheme,country,country_code,email,full_name,gender,language,like_count,location,media_tweet_count,muted_direct_messages,notifications_count,password,password_reset_code,phone,private_profile,profile_customized,profile_started,registration_date,role,tweet_count,username,website) VALUES (108,'Sinh vien D21 - Khoa CNTT.',null,true,'DEFAULT',null,'BLUE','VN','VN','sv108_binh@student.it.edu.vn','Dang Binh',null,'Tieng Viet',0,'Can Tho',0,false,0,'$2a$08$TZekzxmq.KO2f.juYNUa4eU/ePYPx3r2MWONVjPDKOBJB4qUlhkxW',null,900000108,false,true,true,'2023-11-20 00:00:00','USER',0,'sv108_binh','https://github.com/sv108_binh');
INSERT INTO users (id,about,activation_code,active,background_color,birthday,color_scheme,country,country_code,email,full_name,gender,language,like_count,location,media_tweet_count,muted_direct_messages,notifications_count,password,password_reset_code,phone,private_profile,profile_customized,profile_started,registration_date,role,tweet_count,username,website) VALUES (109,'Sinh vien D23 - Khoa CNTT.',null,true,'DEFAULT',null,'BLUE','VN','VN','sv109_thao@student.it.edu.vn','Hoang Thao',null,'Tieng Viet',0,'Online',0,false,0,'$2a$08$TZekzxmq.KO2f.juYNUa4eU/ePYPx3r2MWONVjPDKOBJB4qUlhkxW',null,900000109,false,true,true,'2024-03-15 00:00:00','USER',0,'sv109_thao','https://github.com/sv109_thao');
INSERT INTO users (id,about,activation_code,active,background_color,birthday,color_scheme,country,country_code,email,full_name,gender,language,like_count,location,media_tweet_count,muted_direct_messages,notifications_count,password,password_reset_code,phone,private_profile,profile_customized,profile_started,registration_date,role,tweet_count,username,website) VALUES (110,'Sinh vien D22 - Khoa CNTT.',null,true,'DEFAULT',null,'BLUE','VN','VN','sv110_chi@student.it.edu.vn','Nguyen Chi',null,'Tieng Viet',0,'Da Nang',0,false,0,'$2a$08$TZekzxmq.KO2f.juYNUa4eU/ePYPx3r2MWONVjPDKOBJB4qUlhkxW',null,900000110,false,true,true,'2023-11-21 00:00:00','USER',0,'sv110_chi','https://github.com/sv110_chi');
INSERT INTO users (id,about,activation_code,active,background_color,birthday,color_scheme,country,country_code,email,full_name,gender,language,like_count,location,media_tweet_count,muted_direct_messages,notifications_count,password,password_reset_code,phone,private_profile,profile_customized,profile_started,registration_date,role,tweet_count,username,website) VALUES (111,'Sinh vien D24 - Khoa CNTT.',null,true,'DEFAULT',null,'BLUE','VN','VN','sv111_lan@student.it.edu.vn','Tran Lan',null,'Tieng Viet',0,'Da Nang',0,false,0,'$2a$08$TZekzxmq.KO2f.juYNUa4eU/ePYPx3r2MWONVjPDKOBJB4qUlhkxW',null,900000111,false,true,true,'2024-12-08 00:00:00','USER',0,'sv111_lan','https://github.com/sv111_lan');
INSERT INTO users (id,about,activation_code,active,background_color,birthday,color_scheme,country,country_code,email,full_name,gender,language,like_count,location,media_tweet_count,muted_direct_messages,notifications_count,password,password_reset_code,phone,private_profile,profile_customized,profile_started,registration_date,role,tweet_count,username,website) VALUES (112,'Sinh vien D23 - Khoa CNTT.',null,true,'DEFAULT',null,'BLUE','VN','VN','sv112_quan@student.it.edu.vn','Le Quan',null,'Tieng Viet',0,'Da Nang',0,false,0,'$2a$08$TZekzxmq.KO2f.juYNUa4eU/ePYPx3r2MWONVjPDKOBJB4qUlhkxW',null,900000112,false,true,true,'2024-04-02 00:00:00','USER',0,'sv112_quan','https://github.com/sv112_quan');
INSERT INTO users (id,about,activation_code,active,background_color,birthday,color_scheme,country,country_code,email,full_name,gender,language,like_count,location,media_tweet_count,muted_direct_messages,notifications_count,password,password_reset_code,phone,private_profile,profile_customized,profile_started,registration_date,role,tweet_count,username,website) VALUES (113,'Sinh vien D22 - Khoa CNTT.',null,true,'DEFAULT',null,'BLUE','VN','VN','sv113_minh@student.it.edu.vn','Tran Minh',null,'Tieng Viet',0,'Online',0,false,0,'$2a$08$TZekzxmq.KO2f.juYNUa4eU/ePYPx3r2MWONVjPDKOBJB4qUlhkxW',null,900000113,false,true,true,'2024-05-08 00:00:00','USER',0,'sv113_minh','https://github.com/sv113_minh');
INSERT INTO users (id,about,activation_code,active,background_color,birthday,color_scheme,country,country_code,email,full_name,gender,language,like_count,location,media_tweet_count,muted_direct_messages,notifications_count,password,password_reset_code,phone,private_profile,profile_customized,profile_started,registration_date,role,tweet_count,username,website) VALUES (114,'Sinh vien D24 - Khoa CNTT.',null,true,'DEFAULT',null,'BLUE','VN','VN','sv114_hung@student.it.edu.vn','Dang Hung',null,'Tieng Viet',0,'Da Nang',0,false,0,'$2a$08$TZekzxmq.KO2f.juYNUa4eU/ePYPx3r2MWONVjPDKOBJB4qUlhkxW',null,900000114,false,true,true,'2025-03-24 00:00:00','USER',0,'sv114_hung','https://github.com/sv114_hung');
INSERT INTO users (id,about,activation_code,active,background_color,birthday,color_scheme,country,country_code,email,full_name,gender,language,like_count,location,media_tweet_count,muted_direct_messages,notifications_count,password,password_reset_code,phone,private_profile,profile_customized,profile_started,registration_date,role,tweet_count,username,website) VALUES (115,'Sinh vien D21 - Khoa CNTT.',null,true,'DEFAULT',null,'BLUE','VN','VN','sv115_lan@student.it.edu.vn','Phan Lan',null,'Tieng Viet',0,'TP.HCM',0,false,0,'$2a$08$TZekzxmq.KO2f.juYNUa4eU/ePYPx3r2MWONVjPDKOBJB4qUlhkxW',null,900000115,false,true,true,'2023-10-03 00:00:00','USER',0,'sv115_lan','https://github.com/sv115_lan');
INSERT INTO users (id,about,activation_code,active,background_color,birthday,color_scheme,country,country_code,email,full_name,gender,language,like_count,location,media_tweet_count,muted_direct_messages,notifications_count,password,password_reset_code,phone,private_profile,profile_customized,profile_started,registration_date,role,tweet_count,username,website) VALUES (116,'Sinh vien D23 - Khoa CNTT.',null,true,'DEFAULT',null,'BLUE','VN','VN','sv116_phuc@student.it.edu.vn','Vu Phuc',null,'Tieng Viet',0,'Ha Noi',0,false,0,'$2a$08$TZekzxmq.KO2f.juYNUa4eU/ePYPx3r2MWONVjPDKOBJB4qUlhkxW',null,900000116,false,true,true,'2024-04-04 00:00:00','USER',0,'sv116_phuc','https://github.com/sv116_phuc');
INSERT INTO users (id,about,activation_code,active,background_color,birthday,color_scheme,country,country_code,email,full_name,gender,language,like_count,location,media_tweet_count,muted_direct_messages,notifications_count,password,password_reset_code,phone,private_profile,profile_customized,profile_started,registration_date,role,tweet_count,username,website) VALUES (117,'Sinh vien D22 - Khoa CNTT.',null,true,'DEFAULT',null,'BLUE','VN','VN','sv117_duc@student.it.edu.vn','Phan Duc',null,'Tieng Viet',0,'Can Tho',0,false,0,'$2a$08$TZekzxmq.KO2f.juYNUa4eU/ePYPx3r2MWONVjPDKOBJB4qUlhkxW',null,900000117,false,true,true,'2024-10-10 00:00:00','USER',0,'sv117_duc','https://github.com/sv117_duc');
INSERT INTO users (id,about,activation_code,active,background_color,birthday,color_scheme,country,country_code,email,full_name,gender,language,like_count,location,media_tweet_count,muted_direct_messages,notifications_count,password,password_reset_code,phone,private_profile,profile_customized,profile_started,registration_date,role,tweet_count,username,website) VALUES (118,'Sinh vien D23 - Khoa CNTT.',null,true,'DEFAULT',null,'BLUE','VN','VN','sv118_tuan@student.it.edu.vn','Le Tuan',null,'Tieng Viet',0,'TP.HCM',0,false,0,'$2a$08$TZekzxmq.KO2f.juYNUa4eU/ePYPx3r2MWONVjPDKOBJB4qUlhkxW',null,900000118,false,true,true,'2024-05-10 00:00:00','USER',0,'sv118_tuan','https://github.com/sv118_tuan');
INSERT INTO users (id,about,activation_code,active,background_color,birthday,color_scheme,country,country_code,email,full_name,gender,language,like_count,location,media_tweet_count,muted_direct_messages,notifications_count,password,password_reset_code,phone,private_profile,profile_customized,profile_started,registration_date,role,tweet_count,username,website) VALUES (119,'Sinh vien D23 - Khoa CNTT.',null,true,'DEFAULT',null,'BLUE','VN','VN','sv119_thao@student.it.edu.vn','Bui Thao',null,'Tieng Viet',0,'Online',0,false,0,'$2a$08$TZekzxmq.KO2f.juYNUa4eU/ePYPx3r2MWONVjPDKOBJB4qUlhkxW',null,900000119,false,true,true,'2024-11-12 00:00:00','USER',0,'sv119_thao','https://github.com/sv119_thao');
INSERT INTO users (id,about,activation_code,active,background_color,birthday,color_scheme,country,country_code,email,full_name,gender,language,like_count,location,media_tweet_count,muted_direct_messages,notifications_count,password,password_reset_code,phone,private_profile,profile_customized,profile_started,registration_date,role,tweet_count,username,website) VALUES (120,'Sinh vien D23 - Khoa CNTT.',null,true,'DEFAULT',null,'BLUE','VN','VN','sv120_duc@student.it.edu.vn','Vu Duc',null,'Tieng Viet',0,'TP.HCM',0,false,0,'$2a$08$TZekzxmq.KO2f.juYNUa4eU/ePYPx3r2MWONVjPDKOBJB4qUlhkxW',null,900000120,false,true,true,'2024-01-20 00:00:00','USER',0,'sv120_duc','https://github.com/sv120_duc');
INSERT INTO users (id,about,activation_code,active,background_color,birthday,color_scheme,country,country_code,email,full_name,gender,language,like_count,location,media_tweet_count,muted_direct_messages,notifications_count,password,password_reset_code,phone,private_profile,profile_customized,profile_started,registration_date,role,tweet_count,username,website) VALUES (121,'Sinh vien D21 - Khoa CNTT.',null,true,'DEFAULT',null,'BLUE','VN','VN','sv121_huy@student.it.edu.vn','Dang Huy',null,'Tieng Viet',0,'Ha Noi',0,false,0,'$2a$08$TZekzxmq.KO2f.juYNUa4eU/ePYPx3r2MWONVjPDKOBJB4qUlhkxW',null,900000121,false,true,true,'2023-12-22 00:00:00','USER',0,'sv121_huy','https://github.com/sv121_huy');
INSERT INTO users (id,about,activation_code,active,background_color,birthday,color_scheme,country,country_code,email,full_name,gender,language,like_count,location,media_tweet_count,muted_direct_messages,notifications_count,password,password_reset_code,phone,private_profile,profile_customized,profile_started,registration_date,role,tweet_count,username,website) VALUES (122,'Sinh vien D24 - Khoa CNTT.',null,true,'DEFAULT',null,'BLUE','VN','VN','sv122_ha@student.it.edu.vn','Le Ha',null,'Tieng Viet',0,'Online',0,false,0,'$2a$08$TZekzxmq.KO2f.juYNUa4eU/ePYPx3r2MWONVjPDKOBJB4qUlhkxW',null,900000122,false,true,true,'2023-11-05 00:00:00','USER',0,'sv122_ha','https://github.com/sv122_ha');
INSERT INTO users (id,about,activation_code,active,background_color,birthday,color_scheme,country,country_code,email,full_name,gender,language,like_count,location,media_tweet_count,muted_direct_messages,notifications_count,password,password_reset_code,phone,private_profile,profile_customized,profile_started,registration_date,role,tweet_count,username,website) VALUES (123,'Sinh vien D24 - Khoa CNTT.',null,true,'DEFAULT',null,'BLUE','VN','VN','sv123_trang@student.it.edu.vn','Vu Trang',null,'Tieng Viet',0,'Online',0,false,0,'$2a$08$TZekzxmq.KO2f.juYNUa4eU/ePYPx3r2MWONVjPDKOBJB4qUlhkxW',null,900000123,false,true,true,'2024-05-15 00:00:00','USER',0,'sv123_trang','https://github.com/sv123_trang');
INSERT INTO users (id,about,activation_code,active,background_color,birthday,color_scheme,country,country_code,email,full_name,gender,language,like_count,location,media_tweet_count,muted_direct_messages,notifications_count,password,password_reset_code,phone,private_profile,profile_customized,profile_started,registration_date,role,tweet_count,username,website) VALUES (124,'Sinh vien D21 - Khoa CNTT.',null,true,'DEFAULT',null,'BLUE','VN','VN','sv124_thao@student.it.edu.vn','Nguyen Thao',null,'Tieng Viet',0,'Online',0,false,0,'$2a$08$TZekzxmq.KO2f.juYNUa4eU/ePYPx3r2MWONVjPDKOBJB4qUlhkxW',null,900000124,false,true,true,'2024-05-31 00:00:00','USER',0,'sv124_thao','https://github.com/sv124_thao');
INSERT INTO users (id,about,activation_code,active,background_color,birthday,color_scheme,country,country_code,email,full_name,gender,language,like_count,location,media_tweet_count,muted_direct_messages,notifications_count,password,password_reset_code,phone,private_profile,profile_customized,profile_started,registration_date,role,tweet_count,username,website) VALUES (125,'Sinh vien D23 - Khoa CNTT.',null,true,'DEFAULT',null,'BLUE','VN','VN','sv125_phuc@student.it.edu.vn','Tran Phuc',null,'Tieng Viet',0,'Can Tho',0,false,0,'$2a$08$TZekzxmq.KO2f.juYNUa4eU/ePYPx3r2MWONVjPDKOBJB4qUlhkxW',null,900000125,false,true,true,'2024-02-09 00:00:00','USER',0,'sv125_phuc','https://github.com/sv125_phuc');
INSERT INTO users (id,about,activation_code,active,background_color,birthday,color_scheme,country,country_code,email,full_name,gender,language,like_count,location,media_tweet_count,muted_direct_messages,notifications_count,password,password_reset_code,phone,private_profile,profile_customized,profile_started,registration_date,role,tweet_count,username,website) VALUES (126,'Sinh vien D23 - Khoa CNTT.',null,true,'DEFAULT',null,'BLUE','VN','VN','sv126_tuan@student.it.edu.vn','Nguyen Tuan',null,'Tieng Viet',0,'Online',0,false,0,'$2a$08$TZekzxmq.KO2f.juYNUa4eU/ePYPx3r2MWONVjPDKOBJB4qUlhkxW',null,900000126,false,true,true,'2024-03-01 00:00:00','USER',0,'sv126_tuan','https://github.com/sv126_tuan');
INSERT INTO users (id,about,activation_code,active,background_color,birthday,color_scheme,country,country_code,email,full_name,gender,language,like_count,location,media_tweet_count,muted_direct_messages,notifications_count,password,password_reset_code,phone,private_profile,profile_customized,profile_started,registration_date,role,tweet_count,username,website) VALUES (127,'Sinh vien D23 - Khoa CNTT.',null,true,'DEFAULT',null,'BLUE','VN','VN','sv127_huy@student.it.edu.vn','Tran Huy',null,'Tieng Viet',0,'Online',0,false,0,'$2a$08$TZekzxmq.KO2f.juYNUa4eU/ePYPx3r2MWONVjPDKOBJB4qUlhkxW',null,900000127,false,true,true,'2024-03-22 00:00:00','USER',0,'sv127_huy','https://github.com/sv127_huy');
INSERT INTO users (id,about,activation_code,active,background_color,birthday,color_scheme,country,country_code,email,full_name,gender,language,like_count,location,media_tweet_count,muted_direct_messages,notifications_count,password,password_reset_code,phone,private_profile,profile_customized,profile_started,registration_date,role,tweet_count,username,website) VALUES (128,'Sinh vien D22 - Khoa CNTT.',null,true,'DEFAULT',null,'BLUE','VN','VN','sv128_ha@student.it.edu.vn','Phan Ha',null,'Tieng Viet',0,'Online',0,false,0,'$2a$08$TZekzxmq.KO2f.juYNUa4eU/ePYPx3r2MWONVjPDKOBJB4qUlhkxW',null,900000128,false,true,true,'2025-02-25 00:00:00','USER',0,'sv128_ha','https://github.com/sv128_ha');
INSERT INTO users (id,about,activation_code,active,background_color,birthday,color_scheme,country,country_code,email,full_name,gender,language,like_count,location,media_tweet_count,muted_direct_messages,notifications_count,password,password_reset_code,phone,private_profile,profile_customized,profile_started,registration_date,role,tweet_count,username,website) VALUES (129,'Sinh vien D23 - Khoa CNTT.',null,true,'DEFAULT',null,'BLUE','VN','VN','sv129_an@student.it.edu.vn','Do An',null,'Tieng Viet',0,'Can Tho',0,false,0,'$2a$08$TZekzxmq.KO2f.juYNUa4eU/ePYPx3r2MWONVjPDKOBJB4qUlhkxW',null,900000129,false,true,true,'2023-09-20 00:00:00','USER',0,'sv129_an','https://github.com/sv129_an');
INSERT INTO users (id,about,activation_code,active,background_color,birthday,color_scheme,country,country_code,email,full_name,gender,language,like_count,location,media_tweet_count,muted_direct_messages,notifications_count,password,password_reset_code,phone,private_profile,profile_customized,profile_started,registration_date,role,tweet_count,username,website) VALUES (130,'Sinh vien D23 - Khoa CNTT.',null,true,'DEFAULT',null,'BLUE','VN','VN','sv130_dung@student.it.edu.vn','Phan Dung',null,'Tieng Viet',0,'TP.HCM',0,false,0,'$2a$08$TZekzxmq.KO2f.juYNUa4eU/ePYPx3r2MWONVjPDKOBJB4qUlhkxW',null,900000130,false,true,true,'2023-10-30 00:00:00','USER',0,'sv130_dung','https://github.com/sv130_dung');
INSERT INTO users (id,about,activation_code,active,background_color,birthday,color_scheme,country,country_code,email,full_name,gender,language,like_count,location,media_tweet_count,muted_direct_messages,notifications_count,password,password_reset_code,phone,private_profile,profile_customized,profile_started,registration_date,role,tweet_count,username,website) VALUES (131,'Sinh vien D21 - Khoa CNTT.',null,true,'DEFAULT',null,'BLUE','VN','VN','sv131_lan@student.it.edu.vn','Do Lan',null,'Tieng Viet',0,'Ha Noi',0,false,0,'$2a$08$TZekzxmq.KO2f.juYNUa4eU/ePYPx3r2MWONVjPDKOBJB4qUlhkxW',null,900000131,false,true,true,'2025-01-10 00:00:00','USER',0,'sv131_lan','https://github.com/sv131_lan');
INSERT INTO users (id,about,activation_code,active,background_color,birthday,color_scheme,country,country_code,email,full_name,gender,language,like_count,location,media_tweet_count,muted_direct_messages,notifications_count,password,password_reset_code,phone,private_profile,profile_customized,profile_started,registration_date,role,tweet_count,username,website) VALUES (132,'Sinh vien D22 - Khoa CNTT.',null,true,'DEFAULT',null,'BLUE','VN','VN','sv132_chi@student.it.edu.vn','Bui Chi',null,'Tieng Viet',0,'TP.HCM',0,false,0,'$2a$08$TZekzxmq.KO2f.juYNUa4eU/ePYPx3r2MWONVjPDKOBJB4qUlhkxW',null,900000132,false,true,true,'2024-12-30 00:00:00','USER',0,'sv132_chi','https://github.com/sv132_chi');
INSERT INTO users (id,about,activation_code,active,background_color,birthday,color_scheme,country,country_code,email,full_name,gender,language,like_count,location,media_tweet_count,muted_direct_messages,notifications_count,password,password_reset_code,phone,private_profile,profile_customized,profile_started,registration_date,role,tweet_count,username,website) VALUES (133,'Sinh vien D23 - Khoa CNTT.',null,true,'DEFAULT',null,'BLUE','VN','VN','sv133_thao@student.it.edu.vn','Le Thao',null,'Tieng Viet',0,'Online',0,false,0,'$2a$08$TZekzxmq.KO2f.juYNUa4eU/ePYPx3r2MWONVjPDKOBJB4qUlhkxW',null,900000133,false,true,true,'2024-11-07 00:00:00','USER',0,'sv133_thao','https://github.com/sv133_thao');
INSERT INTO users (id,about,activation_code,active,background_color,birthday,color_scheme,country,country_code,email,full_name,gender,language,like_count,location,media_tweet_count,muted_direct_messages,notifications_count,password,password_reset_code,phone,private_profile,profile_customized,profile_started,registration_date,role,tweet_count,username,website) VALUES (134,'Sinh vien D22 - Khoa CNTT.',null,true,'DEFAULT',null,'BLUE','VN','VN','sv134_khanh@student.it.edu.vn','Bui Khanh',null,'Tieng Viet',0,'Da Nang',0,false,0,'$2a$08$TZekzxmq.KO2f.juYNUa4eU/ePYPx3r2MWONVjPDKOBJB4qUlhkxW',null,900000134,false,true,true,'2024-10-13 00:00:00','USER',0,'sv134_khanh','https://github.com/sv134_khanh');
INSERT INTO users (id,about,activation_code,active,background_color,birthday,color_scheme,country,country_code,email,full_name,gender,language,like_count,location,media_tweet_count,muted_direct_messages,notifications_count,password,password_reset_code,phone,private_profile,profile_customized,profile_started,registration_date,role,tweet_count,username,website) VALUES (135,'Sinh vien D24 - Khoa CNTT.',null,true,'DEFAULT',null,'BLUE','VN','VN','sv135_quan@student.it.edu.vn','Dang Quan',null,'Tieng Viet',0,'Ha Noi',0,false,0,'$2a$08$TZekzxmq.KO2f.juYNUa4eU/ePYPx3r2MWONVjPDKOBJB4qUlhkxW',null,900000135,false,true,true,'2024-05-11 00:00:00','USER',0,'sv135_quan','https://github.com/sv135_quan');
INSERT INTO users (id,about,activation_code,active,background_color,birthday,color_scheme,country,country_code,email,full_name,gender,language,like_count,location,media_tweet_count,muted_direct_messages,notifications_count,password,password_reset_code,phone,private_profile,profile_customized,profile_started,registration_date,role,tweet_count,username,website) VALUES (136,'Sinh vien D23 - Khoa CNTT.',null,true,'DEFAULT',null,'BLUE','VN','VN','sv136_lan@student.it.edu.vn','Tran Lan',null,'Tieng Viet',0,'Ha Noi',0,false,0,'$2a$08$TZekzxmq.KO2f.juYNUa4eU/ePYPx3r2MWONVjPDKOBJB4qUlhkxW',null,900000136,false,true,true,'2025-03-21 00:00:00','USER',0,'sv136_lan','https://github.com/sv136_lan');
INSERT INTO users (id,about,activation_code,active,background_color,birthday,color_scheme,country,country_code,email,full_name,gender,language,like_count,location,media_tweet_count,muted_direct_messages,notifications_count,password,password_reset_code,phone,private_profile,profile_customized,profile_started,registration_date,role,tweet_count,username,website) VALUES (137,'Sinh vien D22 - Khoa CNTT.',null,true,'DEFAULT',null,'BLUE','VN','VN','sv137_lan@student.it.edu.vn','Do Lan',null,'Tieng Viet',0,'Ha Noi',0,false,0,'$2a$08$TZekzxmq.KO2f.juYNUa4eU/ePYPx3r2MWONVjPDKOBJB4qUlhkxW',null,900000137,false,true,true,'2023-11-12 00:00:00','USER',0,'sv137_lan','https://github.com/sv137_lan');
INSERT INTO users (id,about,activation_code,active,background_color,birthday,color_scheme,country,country_code,email,full_name,gender,language,like_count,location,media_tweet_count,muted_direct_messages,notifications_count,password,password_reset_code,phone,private_profile,profile_customized,profile_started,registration_date,role,tweet_count,username,website) VALUES (138,'Sinh vien D21 - Khoa CNTT.',null,true,'DEFAULT',null,'BLUE','VN','VN','sv138_binh@student.it.edu.vn','Pham Binh',null,'Tieng Viet',0,'Ha Noi',0,false,0,'$2a$08$TZekzxmq.KO2f.juYNUa4eU/ePYPx3r2MWONVjPDKOBJB4qUlhkxW',null,900000138,false,true,true,'2024-08-04 00:00:00','USER',0,'sv138_binh','https://github.com/sv138_binh');
INSERT INTO users (id,about,activation_code,active,background_color,birthday,color_scheme,country,country_code,email,full_name,gender,language,like_count,location,media_tweet_count,muted_direct_messages,notifications_count,password,password_reset_code,phone,private_profile,profile_customized,profile_started,registration_date,role,tweet_count,username,website) VALUES (139,'Sinh vien D22 - Khoa CNTT.',null,true,'DEFAULT',null,'BLUE','VN','VN','sv139_chi@student.it.edu.vn','Bui Chi',null,'Tieng Viet',0,'Da Nang',0,false,0,'$2a$08$TZekzxmq.KO2f.juYNUa4eU/ePYPx3r2MWONVjPDKOBJB4qUlhkxW',null,900000139,false,true,true,'2025-01-10 00:00:00','USER',0,'sv139_chi','https://github.com/sv139_chi');
INSERT INTO users (id,about,activation_code,active,background_color,birthday,color_scheme,country,country_code,email,full_name,gender,language,like_count,location,media_tweet_count,muted_direct_messages,notifications_count,password,password_reset_code,phone,private_profile,profile_customized,profile_started,registration_date,role,tweet_count,username,website) VALUES (140,'Sinh vien D22 - Khoa CNTT.',null,true,'DEFAULT',null,'BLUE','VN','VN','sv140_khanh@student.it.edu.vn','Bui Khanh',null,'Tieng Viet',0,'Online',0,false,0,'$2a$08$TZekzxmq.KO2f.juYNUa4eU/ePYPx3r2MWONVjPDKOBJB4qUlhkxW',null,900000140,false,true,true,'2025-04-13 00:00:00','USER',0,'sv140_khanh','https://github.com/sv140_khanh');
INSERT INTO users (id,about,activation_code,active,background_color,birthday,color_scheme,country,country_code,email,full_name,gender,language,like_count,location,media_tweet_count,muted_direct_messages,notifications_count,password,password_reset_code,phone,private_profile,profile_customized,profile_started,registration_date,role,tweet_count,username,website) VALUES (141,'Sinh vien D24 - Khoa CNTT.',null,true,'DEFAULT',null,'BLUE','VN','VN','sv141_linh@student.it.edu.vn','Pham Linh',null,'Tieng Viet',0,'Can Tho',0,false,0,'$2a$08$TZekzxmq.KO2f.juYNUa4eU/ePYPx3r2MWONVjPDKOBJB4qUlhkxW',null,900000141,false,true,true,'2024-03-13 00:00:00','USER',0,'sv141_linh','https://github.com/sv141_linh');
INSERT INTO users (id,about,activation_code,active,background_color,birthday,color_scheme,country,country_code,email,full_name,gender,language,like_count,location,media_tweet_count,muted_direct_messages,notifications_count,password,password_reset_code,phone,private_profile,profile_customized,profile_started,registration_date,role,tweet_count,username,website) VALUES (142,'Sinh vien D24 - Khoa CNTT.',null,true,'DEFAULT',null,'BLUE','VN','VN','sv142_dung@student.it.edu.vn','Tran Dung',null,'Tieng Viet',0,'Da Nang',0,false,0,'$2a$08$TZekzxmq.KO2f.juYNUa4eU/ePYPx3r2MWONVjPDKOBJB4qUlhkxW',null,900000142,false,true,true,'2024-11-07 00:00:00','USER',0,'sv142_dung','https://github.com/sv142_dung');
INSERT INTO users (id,about,activation_code,active,background_color,birthday,color_scheme,country,country_code,email,full_name,gender,language,like_count,location,media_tweet_count,muted_direct_messages,notifications_count,password,password_reset_code,phone,private_profile,profile_customized,profile_started,registration_date,role,tweet_count,username,website) VALUES (143,'Sinh vien D21 - Khoa CNTT.',null,true,'DEFAULT',null,'BLUE','VN','VN','sv143_vy@student.it.edu.vn','Dang Vy',null,'Tieng Viet',0,'Ha Noi',0,false,0,'$2a$08$TZekzxmq.KO2f.juYNUa4eU/ePYPx3r2MWONVjPDKOBJB4qUlhkxW',null,900000143,false,true,true,'2023-11-02 00:00:00','USER',0,'sv143_vy','https://github.com/sv143_vy');
INSERT INTO users (id,about,activation_code,active,background_color,birthday,color_scheme,country,country_code,email,full_name,gender,language,like_count,location,media_tweet_count,muted_direct_messages,notifications_count,password,password_reset_code,phone,private_profile,profile_customized,profile_started,registration_date,role,tweet_count,username,website) VALUES (144,'Sinh vien D21 - Khoa CNTT.',null,true,'DEFAULT',null,'BLUE','VN','VN','sv144_trang@student.it.edu.vn','Phan Trang',null,'Tieng Viet',0,'TP.HCM',0,false,0,'$2a$08$TZekzxmq.KO2f.juYNUa4eU/ePYPx3r2MWONVjPDKOBJB4qUlhkxW',null,900000144,false,true,true,'2024-03-15 00:00:00','USER',0,'sv144_trang','https://github.com/sv144_trang');
INSERT INTO users (id,about,activation_code,active,background_color,birthday,color_scheme,country,country_code,email,full_name,gender,language,like_count,location,media_tweet_count,muted_direct_messages,notifications_count,password,password_reset_code,phone,private_profile,profile_customized,profile_started,registration_date,role,tweet_count,username,website) VALUES (145,'Sinh vien D24 - Khoa CNTT.',null,true,'DEFAULT',null,'BLUE','VN','VN','sv145_khanh@student.it.edu.vn','Bui Khanh',null,'Tieng Viet',0,'TP.HCM',0,false,0,'$2a$08$TZekzxmq.KO2f.juYNUa4eU/ePYPx3r2MWONVjPDKOBJB4qUlhkxW',null,900000145,false,true,true,'2024-11-06 00:00:00','USER',0,'sv145_khanh','https://github.com/sv145_khanh');
INSERT INTO users (id,about,activation_code,active,background_color,birthday,color_scheme,country,country_code,email,full_name,gender,language,like_count,location,media_tweet_count,muted_direct_messages,notifications_count,password,password_reset_code,phone,private_profile,profile_customized,profile_started,registration_date,role,tweet_count,username,website) VALUES (146,'Sinh vien D24 - Khoa CNTT.',null,true,'DEFAULT',null,'BLUE','VN','VN','sv146_hung@student.it.edu.vn','Hoang Hung',null,'Tieng Viet',0,'TP.HCM',0,false,0,'$2a$08$TZekzxmq.KO2f.juYNUa4eU/ePYPx3r2MWONVjPDKOBJB4qUlhkxW',null,900000146,false,true,true,'2023-11-17 00:00:00','USER',0,'sv146_hung','https://github.com/sv146_hung');
INSERT INTO users (id,about,activation_code,active,background_color,birthday,color_scheme,country,country_code,email,full_name,gender,language,like_count,location,media_tweet_count,muted_direct_messages,notifications_count,password,password_reset_code,phone,private_profile,profile_customized,profile_started,registration_date,role,tweet_count,username,website) VALUES (147,'Sinh vien D21 - Khoa CNTT.',null,true,'DEFAULT',null,'BLUE','VN','VN','sv147_tuan@student.it.edu.vn','Bui Tuan',null,'Tieng Viet',0,'Ha Noi',0,false,0,'$2a$08$TZekzxmq.KO2f.juYNUa4eU/ePYPx3r2MWONVjPDKOBJB4qUlhkxW',null,900000147,false,true,true,'2025-03-07 00:00:00','USER',0,'sv147_tuan','https://github.com/sv147_tuan');
INSERT INTO users (id,about,activation_code,active,background_color,birthday,color_scheme,country,country_code,email,full_name,gender,language,like_count,location,media_tweet_count,muted_direct_messages,notifications_count,password,password_reset_code,phone,private_profile,profile_customized,profile_started,registration_date,role,tweet_count,username,website) VALUES (148,'Sinh vien D22 - Khoa CNTT.',null,true,'DEFAULT',null,'BLUE','VN','VN','sv148_an@student.it.edu.vn','Tran An',null,'Tieng Viet',0,'TP.HCM',0,false,0,'$2a$08$TZekzxmq.KO2f.juYNUa4eU/ePYPx3r2MWONVjPDKOBJB4qUlhkxW',null,900000148,false,true,true,'2024-10-21 00:00:00','USER',0,'sv148_an','https://github.com/sv148_an');
INSERT INTO users (id,about,activation_code,active,background_color,birthday,color_scheme,country,country_code,email,full_name,gender,language,like_count,location,media_tweet_count,muted_direct_messages,notifications_count,password,password_reset_code,phone,private_profile,profile_customized,profile_started,registration_date,role,tweet_count,username,website) VALUES (149,'Sinh vien D22 - Khoa CNTT.',null,true,'DEFAULT',null,'BLUE','VN','VN','sv149_linh@student.it.edu.vn','Dang Linh',null,'Tieng Viet',0,'Can Tho',0,false,0,'$2a$08$TZekzxmq.KO2f.juYNUa4eU/ePYPx3r2MWONVjPDKOBJB4qUlhkxW',null,900000149,false,true,true,'2023-10-31 00:00:00','USER',0,'sv149_linh','https://github.com/sv149_linh');
INSERT INTO users (id,about,activation_code,active,background_color,birthday,color_scheme,country,country_code,email,full_name,gender,language,like_count,location,media_tweet_count,muted_direct_messages,notifications_count,password,password_reset_code,phone,private_profile,profile_customized,profile_started,registration_date,role,tweet_count,username,website) VALUES (150,'Sinh vien D21 - Khoa CNTT.',null,true,'DEFAULT',null,'BLUE','VN','VN','sv150_hung@student.it.edu.vn','Vu Hung',null,'Tieng Viet',0,'Can Tho',0,false,0,'$2a$08$TZekzxmq.KO2f.juYNUa4eU/ePYPx3r2MWONVjPDKOBJB4qUlhkxW',null,900000150,false,true,true,'2024-05-29 00:00:00','USER',0,'sv150_hung','https://github.com/sv150_hung');
INSERT INTO users (id,about,activation_code,active,background_color,birthday,color_scheme,country,country_code,email,full_name,gender,language,like_count,location,media_tweet_count,muted_direct_messages,notifications_count,password,password_reset_code,phone,private_profile,profile_customized,profile_started,registration_date,role,tweet_count,username,website) VALUES (151,'Sinh vien D24 - Khoa CNTT.',null,true,'DEFAULT',null,'BLUE','VN','VN','sv151_tuan@student.it.edu.vn','Hoang Tuan',null,'Tieng Viet',0,'Online',0,false,0,'$2a$08$TZekzxmq.KO2f.juYNUa4eU/ePYPx3r2MWONVjPDKOBJB4qUlhkxW',null,900000151,false,true,true,'2025-01-11 00:00:00','USER',0,'sv151_tuan','https://github.com/sv151_tuan');
INSERT INTO users (id,about,activation_code,active,background_color,birthday,color_scheme,country,country_code,email,full_name,gender,language,like_count,location,media_tweet_count,muted_direct_messages,notifications_count,password,password_reset_code,phone,private_profile,profile_customized,profile_started,registration_date,role,tweet_count,username,website) VALUES (152,'Sinh vien D23 - Khoa CNTT.',null,true,'DEFAULT',null,'BLUE','VN','VN','sv152_ha@student.it.edu.vn','Pham Ha',null,'Tieng Viet',0,'TP.HCM',0,false,0,'$2a$08$TZekzxmq.KO2f.juYNUa4eU/ePYPx3r2MWONVjPDKOBJB4qUlhkxW',null,900000152,false,true,true,'2023-10-30 00:00:00','USER',0,'sv152_ha','https://github.com/sv152_ha');
INSERT INTO users (id,about,activation_code,active,background_color,birthday,color_scheme,country,country_code,email,full_name,gender,language,like_count,location,media_tweet_count,muted_direct_messages,notifications_count,password,password_reset_code,phone,private_profile,profile_customized,profile_started,registration_date,role,tweet_count,username,website) VALUES (153,'Sinh vien D21 - Khoa CNTT.',null,true,'DEFAULT',null,'BLUE','VN','VN','sv153_duc@student.it.edu.vn','Bui Duc',null,'Tieng Viet',0,'Da Nang',0,false,0,'$2a$08$TZekzxmq.KO2f.juYNUa4eU/ePYPx3r2MWONVjPDKOBJB4qUlhkxW',null,900000153,false,true,true,'2023-10-29 00:00:00','USER',0,'sv153_duc','https://github.com/sv153_duc');
INSERT INTO users (id,about,activation_code,active,background_color,birthday,color_scheme,country,country_code,email,full_name,gender,language,like_count,location,media_tweet_count,muted_direct_messages,notifications_count,password,password_reset_code,phone,private_profile,profile_customized,profile_started,registration_date,role,tweet_count,username,website) VALUES (154,'Sinh vien D24 - Khoa CNTT.',null,true,'DEFAULT',null,'BLUE','VN','VN','sv154_binh@student.it.edu.vn','Do Binh',null,'Tieng Viet',0,'Online',0,false,0,'$2a$08$TZekzxmq.KO2f.juYNUa4eU/ePYPx3r2MWONVjPDKOBJB4qUlhkxW',null,900000154,false,true,true,'2025-02-25 00:00:00','USER',0,'sv154_binh','https://github.com/sv154_binh');
INSERT INTO users (id,about,activation_code,active,background_color,birthday,color_scheme,country,country_code,email,full_name,gender,language,like_count,location,media_tweet_count,muted_direct_messages,notifications_count,password,password_reset_code,phone,private_profile,profile_customized,profile_started,registration_date,role,tweet_count,username,website) VALUES (155,'Sinh vien D21 - Khoa CNTT.',null,true,'DEFAULT',null,'BLUE','VN','VN','sv155_hung@student.it.edu.vn','Nguyen Hung',null,'Tieng Viet',0,'TP.HCM',0,false,0,'$2a$08$TZekzxmq.KO2f.juYNUa4eU/ePYPx3r2MWONVjPDKOBJB4qUlhkxW',null,900000155,false,true,true,'2023-11-10 00:00:00','USER',0,'sv155_hung','https://github.com/sv155_hung');
INSERT INTO users (id,about,activation_code,active,background_color,birthday,color_scheme,country,country_code,email,full_name,gender,language,like_count,location,media_tweet_count,muted_direct_messages,notifications_count,password,password_reset_code,phone,private_profile,profile_customized,profile_started,registration_date,role,tweet_count,username,website) VALUES (156,'Sinh vien D22 - Khoa CNTT.',null,true,'DEFAULT',null,'BLUE','VN','VN','sv156_giang@student.it.edu.vn','Tran Giang',null,'Tieng Viet',0,'Can Tho',0,false,0,'$2a$08$TZekzxmq.KO2f.juYNUa4eU/ePYPx3r2MWONVjPDKOBJB4qUlhkxW',null,900000156,false,true,true,'2024-01-01 00:00:00','USER',0,'sv156_giang','https://github.com/sv156_giang');
INSERT INTO users (id,about,activation_code,active,background_color,birthday,color_scheme,country,country_code,email,full_name,gender,language,like_count,location,media_tweet_count,muted_direct_messages,notifications_count,password,password_reset_code,phone,private_profile,profile_customized,profile_started,registration_date,role,tweet_count,username,website) VALUES (157,'Sinh vien D21 - Khoa CNTT.',null,true,'DEFAULT',null,'BLUE','VN','VN','sv157_duc@student.it.edu.vn','Pham Duc',null,'Tieng Viet',0,'Online',0,false,0,'$2a$08$TZekzxmq.KO2f.juYNUa4eU/ePYPx3r2MWONVjPDKOBJB4qUlhkxW',null,900000157,false,true,true,'2023-11-23 00:00:00','USER',0,'sv157_duc','https://github.com/sv157_duc');
INSERT INTO users (id,about,activation_code,active,background_color,birthday,color_scheme,country,country_code,email,full_name,gender,language,like_count,location,media_tweet_count,muted_direct_messages,notifications_count,password,password_reset_code,phone,private_profile,profile_customized,profile_started,registration_date,role,tweet_count,username,website) VALUES (158,'Sinh vien D23 - Khoa CNTT.',null,true,'DEFAULT',null,'BLUE','VN','VN','sv158_vy@student.it.edu.vn','Do Vy',null,'Tieng Viet',0,'Da Nang',0,false,0,'$2a$08$TZekzxmq.KO2f.juYNUa4eU/ePYPx3r2MWONVjPDKOBJB4qUlhkxW',null,900000158,false,true,true,'2024-03-28 00:00:00','USER',0,'sv158_vy','https://github.com/sv158_vy');
INSERT INTO users (id,about,activation_code,active,background_color,birthday,color_scheme,country,country_code,email,full_name,gender,language,like_count,location,media_tweet_count,muted_direct_messages,notifications_count,password,password_reset_code,phone,private_profile,profile_customized,profile_started,registration_date,role,tweet_count,username,website) VALUES (159,'Sinh vien D23 - Khoa CNTT.',null,true,'DEFAULT',null,'BLUE','VN','VN','sv159_phuc@student.it.edu.vn','Pham Phuc',null,'Tieng Viet',0,'Can Tho',0,false,0,'$2a$08$TZekzxmq.KO2f.juYNUa4eU/ePYPx3r2MWONVjPDKOBJB4qUlhkxW',null,900000159,false,true,true,'2024-01-13 00:00:00','USER',0,'sv159_phuc','https://github.com/sv159_phuc');
INSERT INTO users (id,about,activation_code,active,background_color,birthday,color_scheme,country,country_code,email,full_name,gender,language,like_count,location,media_tweet_count,muted_direct_messages,notifications_count,password,password_reset_code,phone,private_profile,profile_customized,profile_started,registration_date,role,tweet_count,username,website) VALUES (160,'Sinh vien D23 - Khoa CNTT.',null,true,'DEFAULT',null,'BLUE','VN','VN','sv160_nam@student.it.edu.vn','Dang Nam',null,'Tieng Viet',0,'Ha Noi',0,false,0,'$2a$08$TZekzxmq.KO2f.juYNUa4eU/ePYPx3r2MWONVjPDKOBJB4qUlhkxW',null,900000160,false,true,true,'2023-09-10 00:00:00','USER',0,'sv160_nam','https://github.com/sv160_nam');
INSERT INTO users (id,about,activation_code,active,background_color,birthday,color_scheme,country,country_code,email,full_name,gender,language,like_count,location,media_tweet_count,muted_direct_messages,notifications_count,password,password_reset_code,phone,private_profile,profile_customized,profile_started,registration_date,role,tweet_count,username,website) VALUES (161,'Sinh vien D21 - Khoa CNTT.',null,true,'DEFAULT',null,'BLUE','VN','VN','sv161_tuan@student.it.edu.vn','Do Tuan',null,'Tieng Viet',0,'Ha Noi',0,false,0,'$2a$08$TZekzxmq.KO2f.juYNUa4eU/ePYPx3r2MWONVjPDKOBJB4qUlhkxW',null,900000161,false,true,true,'2025-03-04 00:00:00','USER',0,'sv161_tuan','https://github.com/sv161_tuan');
INSERT INTO users (id,about,activation_code,active,background_color,birthday,color_scheme,country,country_code,email,full_name,gender,language,like_count,location,media_tweet_count,muted_direct_messages,notifications_count,password,password_reset_code,phone,private_profile,profile_customized,profile_started,registration_date,role,tweet_count,username,website) VALUES (170,'Giang vien mon Java nang cao.',null,true,'DEFAULT',null,'BLUE','VN','VN','gv_tran_java@it.edu.vn','TS. Tran Van Java',null,'Tieng Viet',0,'Khoa CNTT',0,false,0,'$2a$08$TZekzxmq.KO2f.juYNUa4eU/ePYPx3r2MWONVjPDKOBJB4qUlhkxW',null,910000170,false,true,true,'2020-04-19 00:00:00','USER',0,'gv_tran_java','https://github.com/gv_tran_java');
INSERT INTO users (id,about,activation_code,active,background_color,birthday,color_scheme,country,country_code,email,full_name,gender,language,like_count,location,media_tweet_count,muted_direct_messages,notifications_count,password,password_reset_code,phone,private_profile,profile_customized,profile_started,registration_date,role,tweet_count,username,website) VALUES (171,'Spring Boot, REST API.',null,true,'DEFAULT',null,'BLUE','VN','VN','gv_le_spring@it.edu.vn','ThS. Le Thi Spring',null,'Tieng Viet',0,'Khoa CNTT',0,false,0,'$2a$08$TZekzxmq.KO2f.juYNUa4eU/ePYPx3r2MWONVjPDKOBJB4qUlhkxW',null,910000171,false,true,true,'2020-09-16 00:00:00','USER',0,'gv_le_spring','https://github.com/gv_le_spring');
INSERT INTO users (id,about,activation_code,active,background_color,birthday,color_scheme,country,country_code,email,full_name,gender,language,like_count,location,media_tweet_count,muted_direct_messages,notifications_count,password,password_reset_code,phone,private_profile,profile_customized,profile_started,registration_date,role,tweet_count,username,website) VALUES (172,'React, TypeScript.',null,true,'DEFAULT',null,'BLUE','VN','VN','gv_pham_web@it.edu.vn','TS. Pham Minh Web',null,'Tieng Viet',0,'Khoa CNTT',0,false,0,'$2a$08$TZekzxmq.KO2f.juYNUa4eU/ePYPx3r2MWONVjPDKOBJB4qUlhkxW',null,910000172,false,true,true,'2020-05-15 00:00:00','USER',0,'gv_pham_web','https://github.com/gv_pham_web');
INSERT INTO users (id,about,activation_code,active,background_color,birthday,color_scheme,country,country_code,email,full_name,gender,language,like_count,location,media_tweet_count,muted_direct_messages,notifications_count,password,password_reset_code,phone,private_profile,profile_customized,profile_started,registration_date,role,tweet_count,username,website) VALUES (173,'Cau truc du lieu & giai thuat.',null,true,'DEFAULT',null,'BLUE','VN','VN','gv_hoang_ds@it.edu.vn','ThS. Hoang Cau truc DL',null,'Tieng Viet',0,'Khoa CNTT',0,false,0,'$2a$08$TZekzxmq.KO2f.juYNUa4eU/ePYPx3r2MWONVjPDKOBJB4qUlhkxW',null,910000173,false,true,true,'2020-03-08 00:00:00','USER',0,'gv_hoang_ds','https://github.com/gv_hoang_ds');
INSERT INTO users (id,about,activation_code,active,background_color,birthday,color_scheme,country,country_code,email,full_name,gender,language,like_count,location,media_tweet_count,muted_direct_messages,notifications_count,password,password_reset_code,phone,private_profile,profile_customized,profile_started,registration_date,role,tweet_count,username,website) VALUES (174,'Docker, CI/CD.',null,true,'DEFAULT',null,'BLUE','VN','VN','gv_phan_devops@it.edu.vn','ThS. Phan DevOps',null,'Tieng Viet',0,'Khoa CNTT',0,false,0,'$2a$08$TZekzxmq.KO2f.juYNUa4eU/ePYPx3r2MWONVjPDKOBJB4qUlhkxW',null,910000174,false,true,true,'2020-06-27 00:00:00','USER',0,'gv_phan_devops','https://github.com/gv_phan_devops');
INSERT INTO users (id,about,activation_code,active,background_color,birthday,color_scheme,country,country_code,email,full_name,gender,language,like_count,location,media_tweet_count,muted_direct_messages,notifications_count,password,password_reset_code,phone,private_profile,profile_customized,profile_started,registration_date,role,tweet_count,username,website) VALUES (175,'Hackathon, mentor do an.',null,true,'DEFAULT',null,'BLUE','VN','VN','clb_laptrinh@it.edu.vn','CLB Lap trinh IT',null,'Tieng Viet',0,'Khoa CNTT',0,false,0,'$2a$08$TZekzxmq.KO2f.juYNUa4eU/ePYPx3r2MWONVjPDKOBJB4qUlhkxW',null,910000175,false,true,true,'2020-02-05 00:00:00','USER',0,'clb_laptrinh','https://github.com/clb_laptrinh');
INSERT INTO users (id,about,activation_code,active,background_color,birthday,color_scheme,country,country_code,email,full_name,gender,language,like_count,location,media_tweet_count,muted_direct_messages,notifications_count,password,password_reset_code,phone,private_profile,profile_customized,profile_started,registration_date,role,tweet_count,username,website) VALUES (176,'Contest lap trinh hang tuan.',null,true,'DEFAULT',null,'BLUE','VN','VN','clb_acm_icpc@it.edu.vn','Doi ACM-ICPC',null,'Tieng Viet',0,'Khoa CNTT',0,false,0,'$2a$08$TZekzxmq.KO2f.juYNUa4eU/ePYPx3r2MWONVjPDKOBJB4qUlhkxW',null,910000176,false,true,true,'2020-05-05 00:00:00','USER',0,'clb_acm_icpc','https://github.com/clb_acm_icpc');
INSERT INTO users (id,about,activation_code,active,background_color,birthday,color_scheme,country,country_code,email,full_name,gender,language,like_count,location,media_tweet_count,muted_direct_messages,notifications_count,password,password_reset_code,phone,private_profile,profile_customized,profile_started,registration_date,role,tweet_count,username,website) VALUES (177,'Machine Learning, Python.',null,true,'DEFAULT',null,'BLUE','VN','VN','clb_ai_lab@it.edu.vn','AI Lab Khoa IT',null,'Tieng Viet',0,'Khoa CNTT',0,false,0,'$2a$08$TZekzxmq.KO2f.juYNUa4eU/ePYPx3r2MWONVjPDKOBJB4qUlhkxW',null,910000177,false,true,true,'2020-07-08 00:00:00','USER',0,'clb_ai_lab','https://github.com/clb_ai_lab');
-- user_avatar
INSERT INTO user_avatar (avatar_id,user_id) VALUES (200,100);
INSERT INTO user_avatar (avatar_id,user_id) VALUES (201,101);
INSERT INTO user_avatar (avatar_id,user_id) VALUES (202,102);
INSERT INTO user_avatar (avatar_id,user_id) VALUES (203,103);
INSERT INTO user_avatar (avatar_id,user_id) VALUES (204,104);
INSERT INTO user_avatar (avatar_id,user_id) VALUES (205,105);
INSERT INTO user_avatar (avatar_id,user_id) VALUES (206,106);
INSERT INTO user_avatar (avatar_id,user_id) VALUES (207,107);
INSERT INTO user_avatar (avatar_id,user_id) VALUES (208,108);
INSERT INTO user_avatar (avatar_id,user_id) VALUES (209,109);
INSERT INTO user_avatar (avatar_id,user_id) VALUES (210,110);
INSERT INTO user_avatar (avatar_id,user_id) VALUES (211,111);
INSERT INTO user_avatar (avatar_id,user_id) VALUES (212,112);
INSERT INTO user_avatar (avatar_id,user_id) VALUES (213,113);
INSERT INTO user_avatar (avatar_id,user_id) VALUES (214,114);
INSERT INTO user_avatar (avatar_id,user_id) VALUES (215,115);
INSERT INTO user_avatar (avatar_id,user_id) VALUES (216,116);
INSERT INTO user_avatar (avatar_id,user_id) VALUES (217,117);
INSERT INTO user_avatar (avatar_id,user_id) VALUES (218,118);
INSERT INTO user_avatar (avatar_id,user_id) VALUES (219,119);
INSERT INTO user_avatar (avatar_id,user_id) VALUES (220,120);
INSERT INTO user_avatar (avatar_id,user_id) VALUES (221,121);
INSERT INTO user_avatar (avatar_id,user_id) VALUES (222,122);
INSERT INTO user_avatar (avatar_id,user_id) VALUES (223,123);
INSERT INTO user_avatar (avatar_id,user_id) VALUES (224,124);
INSERT INTO user_avatar (avatar_id,user_id) VALUES (225,125);
INSERT INTO user_avatar (avatar_id,user_id) VALUES (226,126);
INSERT INTO user_avatar (avatar_id,user_id) VALUES (227,127);
INSERT INTO user_avatar (avatar_id,user_id) VALUES (228,128);
INSERT INTO user_avatar (avatar_id,user_id) VALUES (229,129);
INSERT INTO user_avatar (avatar_id,user_id) VALUES (230,130);
INSERT INTO user_avatar (avatar_id,user_id) VALUES (231,131);
INSERT INTO user_avatar (avatar_id,user_id) VALUES (232,132);
INSERT INTO user_avatar (avatar_id,user_id) VALUES (233,133);
INSERT INTO user_avatar (avatar_id,user_id) VALUES (234,134);
INSERT INTO user_avatar (avatar_id,user_id) VALUES (235,135);
INSERT INTO user_avatar (avatar_id,user_id) VALUES (236,136);
INSERT INTO user_avatar (avatar_id,user_id) VALUES (237,137);
INSERT INTO user_avatar (avatar_id,user_id) VALUES (238,138);
INSERT INTO user_avatar (avatar_id,user_id) VALUES (239,139);
INSERT INTO user_avatar (avatar_id,user_id) VALUES (240,140);
INSERT INTO user_avatar (avatar_id,user_id) VALUES (241,141);
INSERT INTO user_avatar (avatar_id,user_id) VALUES (242,142);
INSERT INTO user_avatar (avatar_id,user_id) VALUES (243,143);
INSERT INTO user_avatar (avatar_id,user_id) VALUES (244,144);
INSERT INTO user_avatar (avatar_id,user_id) VALUES (245,145);
INSERT INTO user_avatar (avatar_id,user_id) VALUES (246,146);
INSERT INTO user_avatar (avatar_id,user_id) VALUES (247,147);
INSERT INTO user_avatar (avatar_id,user_id) VALUES (248,148);
INSERT INTO user_avatar (avatar_id,user_id) VALUES (249,149);
INSERT INTO user_avatar (avatar_id,user_id) VALUES (250,150);
INSERT INTO user_avatar (avatar_id,user_id) VALUES (251,151);
INSERT INTO user_avatar (avatar_id,user_id) VALUES (252,152);
INSERT INTO user_avatar (avatar_id,user_id) VALUES (253,153);
INSERT INTO user_avatar (avatar_id,user_id) VALUES (254,154);
INSERT INTO user_avatar (avatar_id,user_id) VALUES (255,155);
INSERT INTO user_avatar (avatar_id,user_id) VALUES (256,156);
INSERT INTO user_avatar (avatar_id,user_id) VALUES (257,157);
INSERT INTO user_avatar (avatar_id,user_id) VALUES (258,158);
INSERT INTO user_avatar (avatar_id,user_id) VALUES (259,159);
INSERT INTO user_avatar (avatar_id,user_id) VALUES (260,160);
INSERT INTO user_avatar (avatar_id,user_id) VALUES (261,161);
INSERT INTO user_avatar (avatar_id,user_id) VALUES (262,170);
INSERT INTO user_avatar (avatar_id,user_id) VALUES (263,171);
INSERT INTO user_avatar (avatar_id,user_id) VALUES (264,172);
INSERT INTO user_avatar (avatar_id,user_id) VALUES (265,173);
INSERT INTO user_avatar (avatar_id,user_id) VALUES (266,174);
INSERT INTO user_avatar (avatar_id,user_id) VALUES (267,175);
INSERT INTO user_avatar (avatar_id,user_id) VALUES (268,176);
INSERT INTO user_avatar (avatar_id,user_id) VALUES (269,177);
-- user_wallpaper
INSERT INTO user_wallpaper (wallpaper_id,user_id) VALUES (270,100);
INSERT INTO user_wallpaper (wallpaper_id,user_id) VALUES (270,101);
INSERT INTO user_wallpaper (wallpaper_id,user_id) VALUES (270,102);
INSERT INTO user_wallpaper (wallpaper_id,user_id) VALUES (270,103);
INSERT INTO user_wallpaper (wallpaper_id,user_id) VALUES (270,104);
INSERT INTO user_wallpaper (wallpaper_id,user_id) VALUES (270,105);
INSERT INTO user_wallpaper (wallpaper_id,user_id) VALUES (270,106);
INSERT INTO user_wallpaper (wallpaper_id,user_id) VALUES (270,107);
INSERT INTO user_wallpaper (wallpaper_id,user_id) VALUES (270,108);
INSERT INTO user_wallpaper (wallpaper_id,user_id) VALUES (270,109);
INSERT INTO user_wallpaper (wallpaper_id,user_id) VALUES (270,110);
INSERT INTO user_wallpaper (wallpaper_id,user_id) VALUES (270,111);
INSERT INTO user_wallpaper (wallpaper_id,user_id) VALUES (270,112);
INSERT INTO user_wallpaper (wallpaper_id,user_id) VALUES (270,113);
INSERT INTO user_wallpaper (wallpaper_id,user_id) VALUES (270,114);
INSERT INTO user_wallpaper (wallpaper_id,user_id) VALUES (270,115);
INSERT INTO user_wallpaper (wallpaper_id,user_id) VALUES (270,116);
INSERT INTO user_wallpaper (wallpaper_id,user_id) VALUES (270,117);
INSERT INTO user_wallpaper (wallpaper_id,user_id) VALUES (270,118);
INSERT INTO user_wallpaper (wallpaper_id,user_id) VALUES (270,119);
INSERT INTO user_wallpaper (wallpaper_id,user_id) VALUES (270,120);
INSERT INTO user_wallpaper (wallpaper_id,user_id) VALUES (270,121);
INSERT INTO user_wallpaper (wallpaper_id,user_id) VALUES (270,122);
INSERT INTO user_wallpaper (wallpaper_id,user_id) VALUES (270,123);
INSERT INTO user_wallpaper (wallpaper_id,user_id) VALUES (270,124);
-- tags
INSERT INTO tags (id,tag_name,tweets_quantity) VALUES (100,'#ontap',57);
INSERT INTO tags (id,tag_name,tweets_quantity) VALUES (101,'#CNTT',52);
INSERT INTO tags (id,tag_name,tweets_quantity) VALUES (102,'#DevOps',48);
INSERT INTO tags (id,tag_name,tweets_quantity) VALUES (103,'#React',46);
INSERT INTO tags (id,tag_name,tweets_quantity) VALUES (104,'#SQL',44);
INSERT INTO tags (id,tag_name,tweets_quantity) VALUES (105,'#Internship',44);
INSERT INTO tags (id,tag_name,tweets_quantity) VALUES (106,'#Hackathon',42);
INSERT INTO tags (id,tag_name,tweets_quantity) VALUES (107,'#hackathon',40);
INSERT INTO tags (id,tag_name,tweets_quantity) VALUES (108,'#Backend',40);
INSERT INTO tags (id,tag_name,tweets_quantity) VALUES (109,'#OOP',40);
INSERT INTO tags (id,tag_name,tweets_quantity) VALUES (110,'#API',38);
INSERT INTO tags (id,tag_name,tweets_quantity) VALUES (111,'#DoAn',38);
INSERT INTO tags (id,tag_name,tweets_quantity) VALUES (112,'#Git',38);
INSERT INTO tags (id,tag_name,tweets_quantity) VALUES (113,'#Docker',36);
INSERT INTO tags (id,tag_name,tweets_quantity) VALUES (114,'#Frontend',34);
INSERT INTO tags (id,tag_name,tweets_quantity) VALUES (115,'#LeetCode',32);
INSERT INTO tags (id,tag_name,tweets_quantity) VALUES (116,'#DSA',32);
INSERT INTO tags (id,tag_name,tweets_quantity) VALUES (117,'#SpringBoot',28);
INSERT INTO tags (id,tag_name,tweets_quantity) VALUES (118,'#CleanCode',24);
INSERT INTO tags (id,tag_name,tweets_quantity) VALUES (119,'#LapTrinh',22);
INSERT INTO tags (id,tag_name,tweets_quantity) VALUES (120,'#Java',22);
-- tweets
INSERT INTO tweets (id,addressed_id,addressed_tweet_id,addressed_username,date_time,link,link_cover,link_cover_size,link_description,link_title,reply_type,text,users_id,deleted) VALUES (2000,null,null,null,'2024-03-31 06:00:00',null,null,null,null,null,'EVERYONE','Câu hỏi ôn thi JUnit: dependency injection. #SQL #ontap #SQL',136,false);
INSERT INTO tweets (id,addressed_id,addressed_tweet_id,addressed_username,date_time,link,link_cover,link_cover_size,link_description,link_title,reply_type,text,users_id,deleted) VALUES (2001,null,null,null,'2024-03-26 17:00:00',null,null,null,null,null,'FOLLOW','Deadline đồ án Git còn 5 ngày. #DevOps #DevOps',113,false);
INSERT INTO tweets (id,addressed_id,addressed_tweet_id,addressed_username,date_time,link,link_cover,link_cover_size,link_description,link_title,reply_type,text,users_id,deleted) VALUES (2002,null,null,null,'2024-09-10 00:00:00',null,null,null,null,null,'EVERYONE','Roadmap học Git: OOP, Spring Data JPA, project. #React #React',106,false);
INSERT INTO tweets (id,addressed_id,addressed_tweet_id,addressed_username,date_time,link,link_cover,link_cover_size,link_description,link_title,reply_type,text,users_id,deleted) VALUES (2003,null,null,null,'2024-02-13 12:00:00',null,null,null,null,null,'EVERYONE','Mình vừa hoàn thành bài tập Spring Boot. #DevOps #DevOps',154,false);
INSERT INTO tweets (id,addressed_id,addressed_tweet_id,addressed_username,date_time,link,link_cover,link_cover_size,link_description,link_title,reply_type,text,users_id,deleted) VALUES (2004,null,null,null,'2024-11-11 23:00:00',null,null,null,null,null,'FOLLOW','Lỗi CORS khi deploy Docker — allowedOrigins. #SpringBoot #SpringBoot',146,false);
INSERT INTO tweets (id,addressed_id,addressed_tweet_id,addressed_username,date_time,link,link_cover,link_cover_size,link_description,link_title,reply_type,text,users_id,deleted) VALUES (2005,null,null,null,'2024-09-25 18:00:00',null,null,null,null,null,'EVERYONE','Roadmap học Java: OOP, Axios, project. #SQL #SQL',120,false);
INSERT INTO tweets (id,addressed_id,addressed_tweet_id,addressed_username,date_time,link,link_cover,link_cover_size,link_description,link_title,reply_type,text,users_id,deleted) VALUES (2006,null,null,null,'2024-01-09 01:00:00',null,null,null,null,null,'EVERYONE','Câu hỏi ôn thi Docker: dependency injection. #SpringBoot #ontap #SpringBoot',148,false);
INSERT INTO tweets (id,addressed_id,addressed_tweet_id,addressed_username,date_time,link,link_cover,link_cover_size,link_description,link_title,reply_type,text,users_id,deleted) VALUES (2007,null,null,null,'2024-02-09 08:00:00',null,null,null,null,null,'FOLLOW','Workshop Spring Boot thứ Sáu phòng lab B. #CNTT #hackathon #CNTT',151,false);
INSERT INTO tweets (id,addressed_id,addressed_tweet_id,addressed_username,date_time,link,link_cover,link_cover_size,link_description,link_title,reply_type,text,users_id,deleted) VALUES (2008,null,null,null,'2024-05-11 11:00:00',null,null,null,null,null,'FOLLOW','Workshop Java thứ Sáu phòng lab B. #SQL #hackathon #SQL',133,false);
INSERT INTO tweets (id,addressed_id,addressed_tweet_id,addressed_username,date_time,link,link_cover,link_cover_size,link_description,link_title,reply_type,text,users_id,deleted) VALUES (2009,null,null,null,'2024-11-19 21:00:00',null,null,null,null,null,'EVERYONE','Mình vừa hoàn thành bài tập OOP. #Hackathon #Hackathon',124,false);
INSERT INTO tweets (id,addressed_id,addressed_tweet_id,addressed_username,date_time,link,link_cover,link_cover_size,link_description,link_title,reply_type,text,users_id,deleted) VALUES (2010,null,null,null,'2024-07-08 05:00:00',null,null,null,null,null,'EVERYONE','Tips OOP: viết unit test trước khi refactor. #CNTT #CNTT',142,false);
INSERT INTO tweets (id,addressed_id,addressed_tweet_id,addressed_username,date_time,link,link_cover,link_cover_size,link_description,link_title,reply_type,text,users_id,deleted) VALUES (2011,null,null,null,'2024-03-12 17:00:00',null,null,null,null,null,'EVERYONE','Deadline đồ án TypeScript còn 10 ngày. #Internship #Internship',153,false);
INSERT INTO tweets (id,addressed_id,addressed_tweet_id,addressed_username,date_time,link,link_cover,link_cover_size,link_description,link_title,reply_type,text,users_id,deleted) VALUES (2012,null,null,null,'2024-06-24 22:00:00',null,null,null,null,null,'EVERYONE','Câu hỏi ôn thi Redux: Big-O. #API #ontap #API',141,false);
INSERT INTO tweets (id,addressed_id,addressed_tweet_id,addressed_username,date_time,link,link_cover,link_cover_size,link_description,link_title,reply_type,text,users_id,deleted) VALUES (2013,null,null,null,'2024-03-24 13:00:00',null,null,null,null,null,'MENTION','Review code: Spring Data JPA hay JDBC cho DSA? #React #React',142,false);
INSERT INTO tweets (id,addressed_id,addressed_tweet_id,addressed_username,date_time,link,link_cover,link_cover_size,link_description,link_title,reply_type,text,users_id,deleted) VALUES (2014,null,null,null,'2024-02-20 08:00:00',null,null,null,null,null,'EVERYONE','Roadmap học DSA: OOP, Spring Data JPA, project. #API #API',109,false);
INSERT INTO tweets (id,addressed_id,addressed_tweet_id,addressed_username,date_time,link,link_cover,link_cover_size,link_description,link_title,reply_type,text,users_id,deleted) VALUES (2015,null,null,null,'2024-02-15 12:00:00',null,null,null,null,null,'EVERYONE','Roadmap học Docker: OOP, Axios, project. #Docker #Docker',100,false);
INSERT INTO tweets (id,addressed_id,addressed_tweet_id,addressed_username,date_time,link,link_cover,link_cover_size,link_description,link_title,reply_type,text,users_id,deleted) VALUES (2016,null,null,null,'2024-03-29 11:00:00',null,null,null,null,null,'EVERYONE','Lỗi NullPointerException khi deploy Redux — allowedOrigins. #DevOps #DevOps',175,false);
INSERT INTO tweets (id,addressed_id,addressed_tweet_id,addressed_username,date_time,link,link_cover,link_cover_size,link_description,link_title,reply_type,text,users_id,deleted) VALUES (2017,null,null,null,'2024-04-02 17:00:00',null,null,null,null,null,'EVERYONE','Câu hỏi ôn thi DSA: dependency injection. #Backend #ontap #Backend',135,false);
INSERT INTO tweets (id,addressed_id,addressed_tweet_id,addressed_username,date_time,link,link_cover,link_cover_size,link_description,link_title,reply_type,text,users_id,deleted) VALUES (2018,null,null,null,'2024-05-19 03:00:00',null,null,null,null,null,'EVERYONE','Deadline đồ án React còn 4 ngày. #React #React',177,false);
INSERT INTO tweets (id,addressed_id,addressed_tweet_id,addressed_username,date_time,link,link_cover,link_cover_size,link_description,link_title,reply_type,text,users_id,deleted) VALUES (2019,null,null,null,'2024-01-03 00:00:00',null,null,null,null,null,'FOLLOW','Mình vừa hoàn thành bài tập Docker. #LeetCode #LeetCode',159,false);
INSERT INTO tweets (id,addressed_id,addressed_tweet_id,addressed_username,date_time,link,link_cover,link_cover_size,link_description,link_title,reply_type,text,users_id,deleted) VALUES (2020,null,null,null,'2024-06-14 18:00:00',null,null,null,null,null,'EVERYONE','Roadmap học JUnit: OOP, Spring Data JPA, project. #Internship #Internship',138,false);
INSERT INTO tweets (id,addressed_id,addressed_tweet_id,addressed_username,date_time,link,link_cover,link_cover_size,link_description,link_title,reply_type,text,users_id,deleted) VALUES (2021,null,null,null,'2024-02-16 07:00:00',null,null,null,null,null,'FOLLOW','Deadline đồ án Redux còn 3 ngày. #Internship #Internship',143,false);
INSERT INTO tweets (id,addressed_id,addressed_tweet_id,addressed_username,date_time,link,link_cover,link_cover_size,link_description,link_title,reply_type,text,users_id,deleted) VALUES (2022,null,null,null,'2024-04-04 23:00:00',null,null,null,null,null,'EVERYONE','Workshop REST API thứ Sáu phòng lab B. #SpringBoot #hackathon #SpringBoot',123,false);
INSERT INTO tweets (id,addressed_id,addressed_tweet_id,addressed_username,date_time,link,link_cover,link_cover_size,link_description,link_title,reply_type,text,users_id,deleted) VALUES (2023,null,null,null,'2024-09-14 10:00:00',null,null,null,null,null,'EVERYONE','Tips Redux: viết unit test trước khi refactor. #Hackathon #Hackathon',153,false);
INSERT INTO tweets (id,addressed_id,addressed_tweet_id,addressed_username,date_time,link,link_cover,link_cover_size,link_description,link_title,reply_type,text,users_id,deleted) VALUES (2024,null,null,null,'2024-06-07 17:00:00',null,null,null,null,null,'EVERYONE','Mình vừa hoàn thành bài tập TypeScript. #DSA #DSA',131,false);
INSERT INTO tweets (id,addressed_id,addressed_tweet_id,addressed_username,date_time,link,link_cover,link_cover_size,link_description,link_title,reply_type,text,users_id,deleted) VALUES (2025,null,null,null,'2024-11-17 08:00:00',null,null,null,null,null,'EVERYONE','Tips React: viết unit test trước khi refactor. #SQL #SQL',147,false);
INSERT INTO tweets (id,addressed_id,addressed_tweet_id,addressed_username,date_time,link,link_cover,link_cover_size,link_description,link_title,reply_type,text,users_id,deleted) VALUES (2026,null,null,null,'2024-08-13 19:00:00',null,null,null,null,null,'EVERYONE','Review code: Axios hay JDBC cho Spring Boot? #CleanCode #CleanCode',109,false);
INSERT INTO tweets (id,addressed_id,addressed_tweet_id,addressed_username,date_time,link,link_cover,link_cover_size,link_description,link_title,reply_type,text,users_id,deleted) VALUES (2027,null,null,null,'2024-08-29 10:00:00',null,null,null,null,null,'EVERYONE','Mình vừa hoàn thành bài tập REST API. #CNTT #CNTT',172,false);
INSERT INTO tweets (id,addressed_id,addressed_tweet_id,addressed_username,date_time,link,link_cover,link_cover_size,link_description,link_title,reply_type,text,users_id,deleted) VALUES (2028,null,null,null,'2024-10-17 17:00:00',null,null,null,null,null,'EVERYONE','Workshop TypeScript thứ Sáu phòng lab B. #Backend #hackathon #Backend',122,false);
INSERT INTO tweets (id,addressed_id,addressed_tweet_id,addressed_username,date_time,link,link_cover,link_cover_size,link_description,link_title,reply_type,text,users_id,deleted) VALUES (2029,null,null,null,'2024-10-17 11:00:00',null,null,null,null,null,'EVERYONE','Câu hỏi ôn thi Docker: Big-O. #Hackathon #ontap #Hackathon',111,false);
INSERT INTO tweets (id,addressed_id,addressed_tweet_id,addressed_username,date_time,link,link_cover,link_cover_size,link_description,link_title,reply_type,text,users_id,deleted) VALUES (2030,null,null,null,'2024-03-23 09:00:00',null,null,null,null,null,'EVERYONE','Lỗi NullPointerException khi deploy Git — null-check. #DSA #DSA',170,false);
INSERT INTO tweets (id,addressed_id,addressed_tweet_id,addressed_username,date_time,link,link_cover,link_cover_size,link_description,link_title,reply_type,text,users_id,deleted) VALUES (2031,null,null,null,'2024-03-16 15:00:00',null,null,null,null,null,'EVERYONE','Review code: Axios hay fetch API cho OOP? #DevOps #DevOps',170,false);
INSERT INTO tweets (id,addressed_id,addressed_tweet_id,addressed_username,date_time,link,link_cover,link_cover_size,link_description,link_title,reply_type,text,users_id,deleted) VALUES (2032,null,null,null,'2024-04-02 11:00:00',null,null,null,null,null,'EVERYONE','Lỗi CORS khi deploy Redux — allowedOrigins. #DoAn #DoAn',131,false);
INSERT INTO tweets (id,addressed_id,addressed_tweet_id,addressed_username,date_time,link,link_cover,link_cover_size,link_description,link_title,reply_type,text,users_id,deleted) VALUES (2033,null,null,null,'2024-09-04 07:00:00',null,null,null,null,null,'EVERYONE','Review code: Spring Data JPA hay JDBC cho SQL? #Docker #Docker',129,false);
INSERT INTO tweets (id,addressed_id,addressed_tweet_id,addressed_username,date_time,link,link_cover,link_cover_size,link_description,link_title,reply_type,text,users_id,deleted) VALUES (2034,null,null,null,'2024-08-29 16:00:00',null,null,null,null,null,'EVERYONE','Tips Docker: viết unit test trước khi refactor. #DoAn #DoAn',175,false);
INSERT INTO tweets (id,addressed_id,addressed_tweet_id,addressed_username,date_time,link,link_cover,link_cover_size,link_description,link_title,reply_type,text,users_id,deleted) VALUES (2035,null,null,null,'2024-06-09 05:00:00',null,null,null,null,null,'EVERYONE','Mình vừa hoàn thành bài tập JUnit. #SpringBoot #SpringBoot',135,false);
INSERT INTO tweets (id,addressed_id,addressed_tweet_id,addressed_username,date_time,link,link_cover,link_cover_size,link_description,link_title,reply_type,text,users_id,deleted) VALUES (2036,null,null,null,'2024-01-26 06:00:00',null,null,null,null,null,'EVERYONE','Mình vừa hoàn thành bài tập Git. #SQL #SQL',143,false);
INSERT INTO tweets (id,addressed_id,addressed_tweet_id,addressed_username,date_time,link,link_cover,link_cover_size,link_description,link_title,reply_type,text,users_id,deleted) VALUES (2037,null,null,null,'2024-09-21 18:00:00',null,null,null,null,null,'EVERYONE','Deadline đồ án TypeScript còn 5 ngày. #Git #Git',106,false);
INSERT INTO tweets (id,addressed_id,addressed_tweet_id,addressed_username,date_time,link,link_cover,link_cover_size,link_description,link_title,reply_type,text,users_id,deleted) VALUES (2038,null,null,null,'2024-03-31 07:00:00',null,null,null,null,null,'EVERYONE','Workshop TypeScript thứ Sáu phòng lab B. #API #hackathon #API',157,false);
INSERT INTO tweets (id,addressed_id,addressed_tweet_id,addressed_username,date_time,link,link_cover,link_cover_size,link_description,link_title,reply_type,text,users_id,deleted) VALUES (2039,null,null,null,'2024-04-09 09:00:00',null,null,null,null,null,'EVERYONE','Deadline đồ án JUnit còn 2 ngày. #OOP #OOP',120,false);
INSERT INTO tweets (id,addressed_id,addressed_tweet_id,addressed_username,date_time,link,link_cover,link_cover_size,link_description,link_title,reply_type,text,users_id,deleted) VALUES (2040,null,null,null,'2024-07-04 21:00:00',null,null,null,null,null,'EVERYONE','Câu hỏi ôn thi Spring Boot: dependency injection. #DoAn #ontap #DoAn',136,false);
INSERT INTO tweets (id,addressed_id,addressed_tweet_id,addressed_username,date_time,link,link_cover,link_cover_size,link_description,link_title,reply_type,text,users_id,deleted) VALUES (2041,null,null,null,'2024-06-08 23:00:00',null,null,null,null,null,'EVERYONE','Deadline đồ án Spring Boot còn 1 ngày. #Hackathon #Hackathon',119,false);
INSERT INTO tweets (id,addressed_id,addressed_tweet_id,addressed_username,date_time,link,link_cover,link_cover_size,link_description,link_title,reply_type,text,users_id,deleted) VALUES (2042,null,null,null,'2024-02-01 04:00:00',null,null,null,null,null,'EVERYONE','Câu hỏi ôn thi Redux: dependency injection. #Hackathon #ontap #Hackathon',151,false);
INSERT INTO tweets (id,addressed_id,addressed_tweet_id,addressed_username,date_time,link,link_cover,link_cover_size,link_description,link_title,reply_type,text,users_id,deleted) VALUES (2043,null,null,null,'2024-11-26 18:00:00',null,null,null,null,null,'EVERYONE','Mình vừa hoàn thành bài tập React. #Hackathon #Hackathon',102,false);
INSERT INTO tweets (id,addressed_id,addressed_tweet_id,addressed_username,date_time,link,link_cover,link_cover_size,link_description,link_title,reply_type,text,users_id,deleted) VALUES (2044,null,null,null,'2024-04-08 09:00:00',null,null,null,null,null,'EVERYONE','Lỗi CORS khi deploy SQL — allowedOrigins. #LeetCode #LeetCode',144,false);
INSERT INTO tweets (id,addressed_id,addressed_tweet_id,addressed_username,date_time,link,link_cover,link_cover_size,link_description,link_title,reply_type,text,users_id,deleted) VALUES (2045,null,null,null,'2024-10-22 05:00:00',null,null,null,null,null,'EVERYONE','Mình vừa hoàn thành bài tập Redux. #DevOps #DevOps',151,false);
INSERT INTO tweets (id,addressed_id,addressed_tweet_id,addressed_username,date_time,link,link_cover,link_cover_size,link_description,link_title,reply_type,text,users_id,deleted) VALUES (2046,null,null,null,'2024-03-10 11:00:00',null,null,null,null,null,'EVERYONE','Câu hỏi ôn thi REST API: dependency injection. #DevOps #ontap #DevOps',100,false);
INSERT INTO tweets (id,addressed_id,addressed_tweet_id,addressed_username,date_time,link,link_cover,link_cover_size,link_description,link_title,reply_type,text,users_id,deleted) VALUES (2047,null,null,null,'2024-07-07 00:00:00',null,null,null,null,null,'EVERYONE','Câu hỏi ôn thi OOP: Big-O. #DoAn #ontap #DoAn',116,false);
INSERT INTO tweets (id,addressed_id,addressed_tweet_id,addressed_username,date_time,link,link_cover,link_cover_size,link_description,link_title,reply_type,text,users_id,deleted) VALUES (2048,null,null,null,'2024-05-21 19:00:00',null,null,null,null,null,'EVERYONE','Review code: Spring Data JPA hay JDBC cho Spring Boot? #React #React',152,false);
INSERT INTO tweets (id,addressed_id,addressed_tweet_id,addressed_username,date_time,link,link_cover,link_cover_size,link_description,link_title,reply_type,text,users_id,deleted) VALUES (2049,null,null,null,'2024-09-20 17:00:00',null,null,null,null,null,'EVERYONE','Câu hỏi ôn thi JUnit: Big-O. #OOP #ontap #OOP',160,false);
INSERT INTO tweets (id,addressed_id,addressed_tweet_id,addressed_username,date_time,link,link_cover,link_cover_size,link_description,link_title,reply_type,text,users_id,deleted) VALUES (2050,null,null,null,'2024-04-27 19:00:00',null,null,null,null,null,'EVERYONE','Workshop Java thứ Sáu phòng lab B. #CNTT #hackathon #CNTT',153,false);
INSERT INTO tweets (id,addressed_id,addressed_tweet_id,addressed_username,date_time,link,link_cover,link_cover_size,link_description,link_title,reply_type,text,users_id,deleted) VALUES (2051,null,null,null,'2024-01-15 21:00:00',null,null,null,null,null,'EVERYONE','Câu hỏi ôn thi SQL: Big-O. #Internship #ontap #Internship',177,false);
INSERT INTO tweets (id,addressed_id,addressed_tweet_id,addressed_username,date_time,link,link_cover,link_cover_size,link_description,link_title,reply_type,text,users_id,deleted) VALUES (2052,null,null,null,'2024-10-23 20:00:00',null,null,null,null,null,'EVERYONE','Roadmap học DSA: OOP, Spring Data JPA, project. #Internship #Internship',160,false);
INSERT INTO tweets (id,addressed_id,addressed_tweet_id,addressed_username,date_time,link,link_cover,link_cover_size,link_description,link_title,reply_type,text,users_id,deleted) VALUES (2053,null,null,null,'2024-09-23 18:00:00',null,null,null,null,null,'MENTION','Câu hỏi ôn thi Java: Big-O. #Docker #ontap #Docker',156,false);
INSERT INTO tweets (id,addressed_id,addressed_tweet_id,addressed_username,date_time,link,link_cover,link_cover_size,link_description,link_title,reply_type,text,users_id,deleted) VALUES (2054,null,null,null,'2024-03-21 03:00:00',null,null,null,null,null,'EVERYONE','Tips SQL: viết unit test trước khi refactor. #Internship #Internship',143,false);
INSERT INTO tweets (id,addressed_id,addressed_tweet_id,addressed_username,date_time,link,link_cover,link_cover_size,link_description,link_title,reply_type,text,users_id,deleted) VALUES (2055,null,null,null,'2024-01-16 16:00:00',null,null,null,null,null,'EVERYONE','Tips REST API: viết unit test trước khi refactor. #OOP #OOP',136,false);
INSERT INTO tweets (id,addressed_id,addressed_tweet_id,addressed_username,date_time,link,link_cover,link_cover_size,link_description,link_title,reply_type,text,users_id,deleted) VALUES (2056,null,null,null,'2024-02-29 18:00:00',null,null,null,null,null,'EVERYONE','Lỗi CORS khi deploy SQL — null-check. #DoAn #DoAn',107,false);
INSERT INTO tweets (id,addressed_id,addressed_tweet_id,addressed_username,date_time,link,link_cover,link_cover_size,link_description,link_title,reply_type,text,users_id,deleted) VALUES (2057,null,null,null,'2024-08-15 14:00:00',null,null,null,null,null,'EVERYONE','Câu hỏi ôn thi TypeScript: Big-O. #OOP #ontap #OOP',148,false);
INSERT INTO tweets (id,addressed_id,addressed_tweet_id,addressed_username,date_time,link,link_cover,link_cover_size,link_description,link_title,reply_type,text,users_id,deleted) VALUES (2058,null,null,null,'2024-10-15 12:00:00',null,null,null,null,null,'EVERYONE','Deadline đồ án Spring Boot còn 8 ngày. #DoAn #DoAn',159,false);
INSERT INTO tweets (id,addressed_id,addressed_tweet_id,addressed_username,date_time,link,link_cover,link_cover_size,link_description,link_title,reply_type,text,users_id,deleted) VALUES (2059,null,null,null,'2024-04-03 16:00:00',null,null,null,null,null,'EVERYONE','Tips Docker: viết unit test trước khi refactor. #Frontend #Frontend',149,false);
INSERT INTO tweets (id,addressed_id,addressed_tweet_id,addressed_username,date_time,link,link_cover,link_cover_size,link_description,link_title,reply_type,text,users_id,deleted) VALUES (2060,null,null,null,'2024-08-02 10:00:00',null,null,null,null,null,'EVERYONE','Workshop Docker thứ Sáu phòng lab B. #Frontend #hackathon #Frontend',106,false);
INSERT INTO tweets (id,addressed_id,addressed_tweet_id,addressed_username,date_time,link,link_cover,link_cover_size,link_description,link_title,reply_type,text,users_id,deleted) VALUES (2061,null,null,null,'2024-09-12 03:00:00',null,null,null,null,null,'EVERYONE','Câu hỏi ôn thi Java: Big-O. #DoAn #ontap #DoAn',105,false);
INSERT INTO tweets (id,addressed_id,addressed_tweet_id,addressed_username,date_time,link,link_cover,link_cover_size,link_description,link_title,reply_type,text,users_id,deleted) VALUES (2062,null,null,null,'2024-09-11 19:00:00',null,null,null,null,null,'FOLLOW','Lỗi CORS khi deploy JUnit — allowedOrigins. #Git #Git',125,false);
INSERT INTO tweets (id,addressed_id,addressed_tweet_id,addressed_username,date_time,link,link_cover,link_cover_size,link_description,link_title,reply_type,text,users_id,deleted) VALUES (2063,null,null,null,'2024-01-05 18:00:00',null,null,null,null,null,'EVERYONE','Tips React: viết unit test trước khi refactor. #API #API',114,false);
INSERT INTO tweets (id,addressed_id,addressed_tweet_id,addressed_username,date_time,link,link_cover,link_cover_size,link_description,link_title,reply_type,text,users_id,deleted) VALUES (2064,null,null,null,'2024-06-09 22:00:00',null,null,null,null,null,'EVERYONE','Lỗi CORS khi deploy DSA — null-check. #API #API',115,false);
INSERT INTO tweets (id,addressed_id,addressed_tweet_id,addressed_username,date_time,link,link_cover,link_cover_size,link_description,link_title,reply_type,text,users_id,deleted) VALUES (2065,null,null,null,'2024-01-16 11:00:00',null,null,null,null,null,'FOLLOW','Tips DSA: viết unit test trước khi refactor. #OOP #OOP',141,false);
INSERT INTO tweets (id,addressed_id,addressed_tweet_id,addressed_username,date_time,link,link_cover,link_cover_size,link_description,link_title,reply_type,text,users_id,deleted) VALUES (2066,null,null,null,'2024-07-19 11:00:00',null,null,null,null,null,'EVERYONE','Tips Spring Boot: viết unit test trước khi refactor. #Frontend #Frontend',138,false);
INSERT INTO tweets (id,addressed_id,addressed_tweet_id,addressed_username,date_time,link,link_cover,link_cover_size,link_description,link_title,reply_type,text,users_id,deleted) VALUES (2067,null,null,null,'2024-05-31 08:00:00',null,null,null,null,null,'EVERYONE','Tips Redux: viết unit test trước khi refactor. #LeetCode #LeetCode',119,false);
INSERT INTO tweets (id,addressed_id,addressed_tweet_id,addressed_username,date_time,link,link_cover,link_cover_size,link_description,link_title,reply_type,text,users_id,deleted) VALUES (2068,null,null,null,'2024-11-26 11:00:00',null,null,null,null,null,'EVERYONE','Tips DSA: viết unit test trước khi refactor. #LapTrinh #LapTrinh',130,false);
INSERT INTO tweets (id,addressed_id,addressed_tweet_id,addressed_username,date_time,link,link_cover,link_cover_size,link_description,link_title,reply_type,text,users_id,deleted) VALUES (2069,null,null,null,'2024-09-25 14:00:00',null,null,null,null,null,'EVERYONE','Review code: Spring Data JPA hay JDBC cho DSA? #React #React',158,false);
INSERT INTO tweets (id,addressed_id,addressed_tweet_id,addressed_username,date_time,link,link_cover,link_cover_size,link_description,link_title,reply_type,text,users_id,deleted) VALUES (2070,null,null,null,'2024-10-20 00:00:00',null,null,null,null,null,'MENTION','Review code: Spring Data JPA hay fetch API cho TypeScript? #DevOps #DevOps',108,false);
INSERT INTO tweets (id,addressed_id,addressed_tweet_id,addressed_username,date_time,link,link_cover,link_cover_size,link_description,link_title,reply_type,text,users_id,deleted) VALUES (2071,null,null,null,'2024-07-19 23:00:00',null,null,null,null,null,'EVERYONE','Workshop React thứ Sáu phòng lab B. #DevOps #hackathon #DevOps',116,false);
INSERT INTO tweets (id,addressed_id,addressed_tweet_id,addressed_username,date_time,link,link_cover,link_cover_size,link_description,link_title,reply_type,text,users_id,deleted) VALUES (2072,null,null,null,'2024-09-22 13:00:00',null,null,null,null,null,'EVERYONE','Mình vừa hoàn thành bài tập React. #Hackathon #Hackathon',122,false);
INSERT INTO tweets (id,addressed_id,addressed_tweet_id,addressed_username,date_time,link,link_cover,link_cover_size,link_description,link_title,reply_type,text,users_id,deleted) VALUES (2073,null,null,null,'2024-10-16 05:00:00',null,null,null,null,null,'EVERYONE','Review code: Axios hay fetch API cho TypeScript? #API #API',113,false);
INSERT INTO tweets (id,addressed_id,addressed_tweet_id,addressed_username,date_time,link,link_cover,link_cover_size,link_description,link_title,reply_type,text,users_id,deleted) VALUES (2074,null,null,null,'2024-08-01 02:00:00',null,null,null,null,null,'EVERYONE','Câu hỏi ôn thi Spring Boot: Big-O. #Frontend #ontap #Frontend',113,false);
INSERT INTO tweets (id,addressed_id,addressed_tweet_id,addressed_username,date_time,link,link_cover,link_cover_size,link_description,link_title,reply_type,text,users_id,deleted) VALUES (2075,null,null,null,'2024-06-03 03:00:00',null,null,null,null,null,'FOLLOW','Workshop Redux thứ Sáu phòng lab B. #Internship #hackathon #Internship',141,false);
INSERT INTO tweets (id,addressed_id,addressed_tweet_id,addressed_username,date_time,link,link_cover,link_cover_size,link_description,link_title,reply_type,text,users_id,deleted) VALUES (2076,null,null,null,'2024-05-07 18:00:00',null,null,null,null,null,'MENTION','Câu hỏi ôn thi REST API: Big-O. #CNTT #ontap #CNTT',152,false);
INSERT INTO tweets (id,addressed_id,addressed_tweet_id,addressed_username,date_time,link,link_cover,link_cover_size,link_description,link_title,reply_type,text,users_id,deleted) VALUES (2077,null,null,null,'2024-07-19 04:00:00',null,null,null,null,null,'MENTION','Tips Spring Boot: viết unit test trước khi refactor. #React #React',160,false);
INSERT INTO tweets (id,addressed_id,addressed_tweet_id,addressed_username,date_time,link,link_cover,link_cover_size,link_description,link_title,reply_type,text,users_id,deleted) VALUES (2078,null,null,null,'2024-02-05 08:00:00',null,null,null,null,null,'EVERYONE','Roadmap học SQL: OOP, Axios, project. #Docker #Docker',142,false);
INSERT INTO tweets (id,addressed_id,addressed_tweet_id,addressed_username,date_time,link,link_cover,link_cover_size,link_description,link_title,reply_type,text,users_id,deleted) VALUES (2079,null,null,null,'2024-07-14 23:00:00',null,null,null,null,null,'EVERYONE','Câu hỏi ôn thi Docker: Big-O. #Git #ontap #Git',127,false);
INSERT INTO tweets (id,addressed_id,addressed_tweet_id,addressed_username,date_time,link,link_cover,link_cover_size,link_description,link_title,reply_type,text,users_id,deleted) VALUES (2080,null,null,null,'2024-11-10 13:00:00',null,null,null,null,null,'EVERYONE','Mình vừa hoàn thành bài tập TypeScript. #DevOps #DevOps',154,false);
INSERT INTO tweets (id,addressed_id,addressed_tweet_id,addressed_username,date_time,link,link_cover,link_cover_size,link_description,link_title,reply_type,text,users_id,deleted) VALUES (2081,null,null,null,'2024-09-11 16:00:00',null,null,null,null,null,'EVERYONE','Deadline đồ án TypeScript còn 11 ngày. #SQL #SQL',100,false);
INSERT INTO tweets (id,addressed_id,addressed_tweet_id,addressed_username,date_time,link,link_cover,link_cover_size,link_description,link_title,reply_type,text,users_id,deleted) VALUES (2082,null,null,null,'2024-02-23 02:00:00',null,null,null,null,null,'EVERYONE','Câu hỏi ôn thi SQL: dependency injection. #LeetCode #ontap #LeetCode',148,false);
INSERT INTO tweets (id,addressed_id,addressed_tweet_id,addressed_username,date_time,link,link_cover,link_cover_size,link_description,link_title,reply_type,text,users_id,deleted) VALUES (2083,null,null,null,'2024-03-14 13:00:00',null,null,null,null,null,'EVERYONE','Workshop Redux thứ Sáu phòng lab B. #React #hackathon #React',106,false);
INSERT INTO tweets (id,addressed_id,addressed_tweet_id,addressed_username,date_time,link,link_cover,link_cover_size,link_description,link_title,reply_type,text,users_id,deleted) VALUES (2084,null,null,null,'2024-07-23 13:00:00',null,null,null,null,null,'EVERYONE','Roadmap học Spring Boot: OOP, Axios, project. #LapTrinh #LapTrinh',114,false);
INSERT INTO tweets (id,addressed_id,addressed_tweet_id,addressed_username,date_time,link,link_cover,link_cover_size,link_description,link_title,reply_type,text,users_id,deleted) VALUES (2085,null,null,null,'2024-06-18 18:00:00',null,null,null,null,null,'EVERYONE','Review code: Axios hay fetch API cho React? #DoAn #DoAn',126,false);
INSERT INTO tweets (id,addressed_id,addressed_tweet_id,addressed_username,date_time,link,link_cover,link_cover_size,link_description,link_title,reply_type,text,users_id,deleted) VALUES (2086,null,null,null,'2024-05-28 21:00:00',null,null,null,null,null,'EVERYONE','Roadmap học JUnit: OOP, Spring Data JPA, project. #Git #Git',122,false);
INSERT INTO tweets (id,addressed_id,addressed_tweet_id,addressed_username,date_time,link,link_cover,link_cover_size,link_description,link_title,reply_type,text,users_id,deleted) VALUES (2087,null,null,null,'2024-11-25 19:00:00',null,null,null,null,null,'EVERYONE','Roadmap học TypeScript: OOP, Axios, project. #CNTT #CNTT',109,false);
INSERT INTO tweets (id,addressed_id,addressed_tweet_id,addressed_username,date_time,link,link_cover,link_cover_size,link_description,link_title,reply_type,text,users_id,deleted) VALUES (2088,null,null,null,'2024-05-15 02:00:00',null,null,null,null,null,'FOLLOW','Tips REST API: viết unit test trước khi refactor. #LapTrinh #LapTrinh',158,false);
INSERT INTO tweets (id,addressed_id,addressed_tweet_id,addressed_username,date_time,link,link_cover,link_cover_size,link_description,link_title,reply_type,text,users_id,deleted) VALUES (2089,null,null,null,'2024-03-21 15:00:00',null,null,null,null,null,'EVERYONE','Lỗi CORS khi deploy React — allowedOrigins. #OOP #OOP',143,false);
INSERT INTO tweets (id,addressed_id,addressed_tweet_id,addressed_username,date_time,link,link_cover,link_cover_size,link_description,link_title,reply_type,text,users_id,deleted) VALUES (2090,null,null,null,'2024-08-20 11:00:00',null,null,null,null,null,'FOLLOW','Deadline đồ án TypeScript còn 3 ngày. #DSA #DSA',132,false);
INSERT INTO tweets (id,addressed_id,addressed_tweet_id,addressed_username,date_time,link,link_cover,link_cover_size,link_description,link_title,reply_type,text,users_id,deleted) VALUES (2091,null,null,null,'2024-04-30 03:00:00',null,null,null,null,null,'EVERYONE','Deadline đồ án Redux còn 2 ngày. #CNTT #CNTT',141,false);
INSERT INTO tweets (id,addressed_id,addressed_tweet_id,addressed_username,date_time,link,link_cover,link_cover_size,link_description,link_title,reply_type,text,users_id,deleted) VALUES (2092,null,null,null,'2024-06-06 22:00:00',null,null,null,null,null,'EVERYONE','Câu hỏi ôn thi Java: Big-O. #API #ontap #API',139,false);
INSERT INTO tweets (id,addressed_id,addressed_tweet_id,addressed_username,date_time,link,link_cover,link_cover_size,link_description,link_title,reply_type,text,users_id,deleted) VALUES (2093,null,null,null,'2024-10-03 19:00:00',null,null,null,null,null,'FOLLOW','Review code: Axios hay JDBC cho SQL? #API #API',105,false);
INSERT INTO tweets (id,addressed_id,addressed_tweet_id,addressed_username,date_time,link,link_cover,link_cover_size,link_description,link_title,reply_type,text,users_id,deleted) VALUES (2094,null,null,null,'2024-11-09 07:00:00',null,null,null,null,null,'EVERYONE','Deadline đồ án Java còn 4 ngày. #React #React',143,false);
INSERT INTO tweets (id,addressed_id,addressed_tweet_id,addressed_username,date_time,link,link_cover,link_cover_size,link_description,link_title,reply_type,text,users_id,deleted) VALUES (2095,null,null,null,'2024-04-06 23:00:00',null,null,null,null,null,'EVERYONE','Mình vừa hoàn thành bài tập DSA. #CNTT #CNTT',152,false);
INSERT INTO tweets (id,addressed_id,addressed_tweet_id,addressed_username,date_time,link,link_cover,link_cover_size,link_description,link_title,reply_type,text,users_id,deleted) VALUES (2096,null,null,null,'2024-07-22 02:00:00',null,null,null,null,null,'EVERYONE','Tips TypeScript: viết unit test trước khi refactor. #CNTT #CNTT',119,false);
INSERT INTO tweets (id,addressed_id,addressed_tweet_id,addressed_username,date_time,link,link_cover,link_cover_size,link_description,link_title,reply_type,text,users_id,deleted) VALUES (2097,null,null,null,'2024-01-07 05:00:00',null,null,null,null,null,'EVERYONE','Roadmap học DSA: OOP, Axios, project. #DoAn #DoAn',110,false);
INSERT INTO tweets (id,addressed_id,addressed_tweet_id,addressed_username,date_time,link,link_cover,link_cover_size,link_description,link_title,reply_type,text,users_id,deleted) VALUES (2098,null,null,null,'2024-10-15 05:00:00',null,null,null,null,null,'EVERYONE','Lỗi NullPointerException khi deploy Redux — null-check. #DSA #DSA',123,false);
INSERT INTO tweets (id,addressed_id,addressed_tweet_id,addressed_username,date_time,link,link_cover,link_cover_size,link_description,link_title,reply_type,text,users_id,deleted) VALUES (2099,null,null,null,'2024-10-10 18:00:00',null,null,null,null,null,'EVERYONE','Mình vừa hoàn thành bài tập DSA. #DevOps #DevOps',172,false);
INSERT INTO tweets (id,addressed_id,addressed_tweet_id,addressed_username,date_time,link,link_cover,link_cover_size,link_description,link_title,reply_type,text,users_id,deleted) VALUES (2100,null,null,null,'2024-07-01 06:00:00',null,null,null,null,null,'EVERYONE','Mình vừa hoàn thành bài tập REST API. #API #API',121,false);
INSERT INTO tweets (id,addressed_id,addressed_tweet_id,addressed_username,date_time,link,link_cover,link_cover_size,link_description,link_title,reply_type,text,users_id,deleted) VALUES (2101,null,null,null,'2024-11-25 19:00:00',null,null,null,null,null,'EVERYONE','Lỗi CORS khi deploy DSA — allowedOrigins. #DSA #DSA',160,false);
INSERT INTO tweets (id,addressed_id,addressed_tweet_id,addressed_username,date_time,link,link_cover,link_cover_size,link_description,link_title,reply_type,text,users_id,deleted) VALUES (2102,null,null,null,'2024-01-29 15:00:00',null,null,null,null,null,'EVERYONE','Workshop Java thứ Sáu phòng lab B. #Git #hackathon #Git',125,false);
INSERT INTO tweets (id,addressed_id,addressed_tweet_id,addressed_username,date_time,link,link_cover,link_cover_size,link_description,link_title,reply_type,text,users_id,deleted) VALUES (2103,null,null,null,'2024-01-19 04:00:00',null,null,null,null,null,'EVERYONE','Deadline đồ án REST API còn 2 ngày. #API #API',134,false);
INSERT INTO tweets (id,addressed_id,addressed_tweet_id,addressed_username,date_time,link,link_cover,link_cover_size,link_description,link_title,reply_type,text,users_id,deleted) VALUES (2104,null,null,null,'2024-09-27 02:00:00',null,null,null,null,null,'EVERYONE','Roadmap học Spring Boot: OOP, Spring Data JPA, project. #OOP #OOP',147,false);
INSERT INTO tweets (id,addressed_id,addressed_tweet_id,addressed_username,date_time,link,link_cover,link_cover_size,link_description,link_title,reply_type,text,users_id,deleted) VALUES (2105,null,null,null,'2024-01-07 11:00:00',null,null,null,null,null,'EVERYONE','Câu hỏi ôn thi OOP: dependency injection. #DoAn #ontap #DoAn',104,false);
INSERT INTO tweets (id,addressed_id,addressed_tweet_id,addressed_username,date_time,link,link_cover,link_cover_size,link_description,link_title,reply_type,text,users_id,deleted) VALUES (2106,null,null,null,'2024-03-22 09:00:00',null,null,null,null,null,'EVERYONE','Roadmap học Spring Boot: OOP, Axios, project. #DevOps #DevOps',119,false);
INSERT INTO tweets (id,addressed_id,addressed_tweet_id,addressed_username,date_time,link,link_cover,link_cover_size,link_description,link_title,reply_type,text,users_id,deleted) VALUES (2107,null,null,null,'2024-01-01 12:00:00',null,null,null,null,null,'EVERYONE','Tips Redux: viết unit test trước khi refactor. #React #React',158,false);
INSERT INTO tweets (id,addressed_id,addressed_tweet_id,addressed_username,date_time,link,link_cover,link_cover_size,link_description,link_title,reply_type,text,users_id,deleted) VALUES (2108,null,null,null,'2024-10-25 02:00:00',null,null,null,null,null,'EVERYONE','Roadmap học React: OOP, Spring Data JPA, project. #CleanCode #CleanCode',130,false);
INSERT INTO tweets (id,addressed_id,addressed_tweet_id,addressed_username,date_time,link,link_cover,link_cover_size,link_description,link_title,reply_type,text,users_id,deleted) VALUES (2109,null,null,null,'2024-09-20 08:00:00',null,null,null,null,null,'EVERYONE','Workshop OOP thứ Sáu phòng lab B. #LapTrinh #hackathon #LapTrinh',149,false);
INSERT INTO tweets (id,addressed_id,addressed_tweet_id,addressed_username,date_time,link,link_cover,link_cover_size,link_description,link_title,reply_type,text,users_id,deleted) VALUES (2110,null,null,null,'2024-10-03 23:00:00',null,null,null,null,null,'EVERYONE','Mình vừa hoàn thành bài tập SQL. #Git #Git',142,false);
INSERT INTO tweets (id,addressed_id,addressed_tweet_id,addressed_username,date_time,link,link_cover,link_cover_size,link_description,link_title,reply_type,text,users_id,deleted) VALUES (2111,null,null,null,'2024-10-05 07:00:00',null,null,null,null,null,'EVERYONE','Workshop Docker thứ Sáu phòng lab B. #SpringBoot #hackathon #SpringBoot',158,false);
INSERT INTO tweets (id,addressed_id,addressed_tweet_id,addressed_username,date_time,link,link_cover,link_cover_size,link_description,link_title,reply_type,text,users_id,deleted) VALUES (2112,null,null,null,'2024-05-29 03:00:00',null,null,null,null,null,'FOLLOW','Review code: Spring Data JPA hay fetch API cho Git? #SpringBoot #SpringBoot',132,false);
INSERT INTO tweets (id,addressed_id,addressed_tweet_id,addressed_username,date_time,link,link_cover,link_cover_size,link_description,link_title,reply_type,text,users_id,deleted) VALUES (2113,null,null,null,'2024-01-27 22:00:00',null,null,null,null,null,'EVERYONE','Lỗi CORS khi deploy React — null-check. #Internship #Internship',156,false);
INSERT INTO tweets (id,addressed_id,addressed_tweet_id,addressed_username,date_time,link,link_cover,link_cover_size,link_description,link_title,reply_type,text,users_id,deleted) VALUES (2114,null,null,null,'2024-07-24 16:00:00',null,null,null,null,null,'EVERYONE','Workshop SQL thứ Sáu phòng lab B. #DevOps #hackathon #DevOps',123,false);
INSERT INTO tweets (id,addressed_id,addressed_tweet_id,addressed_username,date_time,link,link_cover,link_cover_size,link_description,link_title,reply_type,text,users_id,deleted) VALUES (2115,null,null,null,'2024-08-17 02:00:00',null,null,null,null,null,'EVERYONE','Lỗi CORS khi deploy Redux — null-check. #API #API',121,false);
INSERT INTO tweets (id,addressed_id,addressed_tweet_id,addressed_username,date_time,link,link_cover,link_cover_size,link_description,link_title,reply_type,text,users_id,deleted) VALUES (2116,null,null,null,'2024-09-22 17:00:00',null,null,null,null,null,'EVERYONE','Deadline đồ án Java còn 3 ngày. #Backend #Backend',146,false);
INSERT INTO tweets (id,addressed_id,addressed_tweet_id,addressed_username,date_time,link,link_cover,link_cover_size,link_description,link_title,reply_type,text,users_id,deleted) VALUES (2117,null,null,null,'2024-07-14 21:00:00',null,null,null,null,null,'EVERYONE','Mình vừa hoàn thành bài tập TypeScript. #Internship #Internship',146,false);
INSERT INTO tweets (id,addressed_id,addressed_tweet_id,addressed_username,date_time,link,link_cover,link_cover_size,link_description,link_title,reply_type,text,users_id,deleted) VALUES (2118,null,null,null,'2024-06-25 17:00:00',null,null,null,null,null,'EVERYONE','Lỗi NullPointerException khi deploy DSA — null-check. #Internship #Internship',146,false);
INSERT INTO tweets (id,addressed_id,addressed_tweet_id,addressed_username,date_time,link,link_cover,link_cover_size,link_description,link_title,reply_type,text,users_id,deleted) VALUES (2119,null,null,null,'2024-02-16 07:00:00',null,null,null,null,null,'FOLLOW','Workshop OOP thứ Sáu phòng lab B. #Hackathon #hackathon #Hackathon',115,false);
INSERT INTO tweets (id,addressed_id,addressed_tweet_id,addressed_username,date_time,link,link_cover,link_cover_size,link_description,link_title,reply_type,text,users_id,deleted) VALUES (2120,null,null,null,'2024-10-17 14:00:00',null,null,null,null,null,'EVERYONE','Câu hỏi ôn thi Spring Boot: Big-O. #SQL #ontap #SQL',157,false);
INSERT INTO tweets (id,addressed_id,addressed_tweet_id,addressed_username,date_time,link,link_cover,link_cover_size,link_description,link_title,reply_type,text,users_id,deleted) VALUES (2121,null,null,null,'2024-07-08 02:00:00',null,null,null,null,null,'EVERYONE','Review code: Spring Data JPA hay JDBC cho Spring Boot? #LapTrinh #LapTrinh',122,false);
INSERT INTO tweets (id,addressed_id,addressed_tweet_id,addressed_username,date_time,link,link_cover,link_cover_size,link_description,link_title,reply_type,text,users_id,deleted) VALUES (2122,null,null,null,'2024-09-19 12:00:00',null,null,null,null,null,'EVERYONE','Deadline đồ án TypeScript còn 2 ngày. #DevOps #DevOps',159,false);
INSERT INTO tweets (id,addressed_id,addressed_tweet_id,addressed_username,date_time,link,link_cover,link_cover_size,link_description,link_title,reply_type,text,users_id,deleted) VALUES (2123,null,null,null,'2024-09-19 01:00:00',null,null,null,null,null,'MENTION','Lỗi CORS khi deploy DSA — null-check. #Git #Git',109,false);
INSERT INTO tweets (id,addressed_id,addressed_tweet_id,addressed_username,date_time,link,link_cover,link_cover_size,link_description,link_title,reply_type,text,users_id,deleted) VALUES (2124,null,null,null,'2024-11-15 01:00:00',null,null,null,null,null,'EVERYONE','Mình vừa hoàn thành bài tập Spring Boot. #Backend #Backend',155,false);
INSERT INTO tweets (id,addressed_id,addressed_tweet_id,addressed_username,date_time,link,link_cover,link_cover_size,link_description,link_title,reply_type,text,users_id,deleted) VALUES (2125,null,null,null,'2024-06-20 13:00:00',null,null,null,null,null,'EVERYONE','Workshop Spring Boot thứ Sáu phòng lab B. #Backend #hackathon #Backend',144,false);
INSERT INTO tweets (id,addressed_id,addressed_tweet_id,addressed_username,date_time,link,link_cover,link_cover_size,link_description,link_title,reply_type,text,users_id,deleted) VALUES (2126,null,null,null,'2024-09-18 18:00:00',null,null,null,null,null,'EVERYONE','Lỗi NullPointerException khi deploy TypeScript — allowedOrigins. #SQL #SQL',119,false);
INSERT INTO tweets (id,addressed_id,addressed_tweet_id,addressed_username,date_time,link,link_cover,link_cover_size,link_description,link_title,reply_type,text,users_id,deleted) VALUES (2127,null,null,null,'2024-01-25 21:00:00',null,null,null,null,null,'EVERYONE','Workshop DSA thứ Sáu phòng lab B. #Frontend #hackathon #Frontend',103,false);
INSERT INTO tweets (id,addressed_id,addressed_tweet_id,addressed_username,date_time,link,link_cover,link_cover_size,link_description,link_title,reply_type,text,users_id,deleted) VALUES (2128,null,null,null,'2024-09-07 14:00:00',null,null,null,null,null,'MENTION','Roadmap học Redux: OOP, Spring Data JPA, project. #API #API',120,false);
INSERT INTO tweets (id,addressed_id,addressed_tweet_id,addressed_username,date_time,link,link_cover,link_cover_size,link_description,link_title,reply_type,text,users_id,deleted) VALUES (2129,null,null,null,'2024-04-01 07:00:00',null,null,null,null,null,'EVERYONE','Deadline đồ án SQL còn 9 ngày. #Internship #Internship',144,false);
INSERT INTO tweets (id,addressed_id,addressed_tweet_id,addressed_username,date_time,link,link_cover,link_cover_size,link_description,link_title,reply_type,text,users_id,deleted) VALUES (2130,null,null,null,'2024-03-05 19:00:00',null,null,null,null,null,'EVERYONE','Mình vừa hoàn thành bài tập Git. #Docker #Docker',118,false);
INSERT INTO tweets (id,addressed_id,addressed_tweet_id,addressed_username,date_time,link,link_cover,link_cover_size,link_description,link_title,reply_type,text,users_id,deleted) VALUES (2131,null,null,null,'2024-11-25 23:00:00',null,null,null,null,null,'EVERYONE','Câu hỏi ôn thi Redux: Big-O. #Backend #ontap #Backend',171,false);
INSERT INTO tweets (id,addressed_id,addressed_tweet_id,addressed_username,date_time,link,link_cover,link_cover_size,link_description,link_title,reply_type,text,users_id,deleted) VALUES (2132,null,null,null,'2024-02-15 17:00:00',null,null,null,null,null,'FOLLOW','Mình vừa hoàn thành bài tập Git. #SpringBoot #SpringBoot',145,false);
INSERT INTO tweets (id,addressed_id,addressed_tweet_id,addressed_username,date_time,link,link_cover,link_cover_size,link_description,link_title,reply_type,text,users_id,deleted) VALUES (2133,null,null,null,'2024-05-11 20:00:00',null,null,null,null,null,'EVERYONE','Lỗi CORS khi deploy Java — allowedOrigins. #Internship #Internship',146,false);
INSERT INTO tweets (id,addressed_id,addressed_tweet_id,addressed_username,date_time,link,link_cover,link_cover_size,link_description,link_title,reply_type,text,users_id,deleted) VALUES (2134,null,null,null,'2024-07-24 15:00:00',null,null,null,null,null,'EVERYONE','Deadline đồ án Spring Boot còn 7 ngày. #Docker #Docker',135,false);
INSERT INTO tweets (id,addressed_id,addressed_tweet_id,addressed_username,date_time,link,link_cover,link_cover_size,link_description,link_title,reply_type,text,users_id,deleted) VALUES (2135,null,null,null,'2024-04-21 22:00:00',null,null,null,null,null,'FOLLOW','Mình vừa hoàn thành bài tập Java. #SpringBoot #SpringBoot',172,false);
INSERT INTO tweets (id,addressed_id,addressed_tweet_id,addressed_username,date_time,link,link_cover,link_cover_size,link_description,link_title,reply_type,text,users_id,deleted) VALUES (2136,null,null,null,'2024-10-05 10:00:00',null,null,null,null,null,'EVERYONE','Roadmap học TypeScript: OOP, Axios, project. #SQL #SQL',140,false);
INSERT INTO tweets (id,addressed_id,addressed_tweet_id,addressed_username,date_time,link,link_cover,link_cover_size,link_description,link_title,reply_type,text,users_id,deleted) VALUES (2137,null,null,null,'2024-07-18 04:00:00',null,null,null,null,null,'EVERYONE','Roadmap học TypeScript: OOP, Spring Data JPA, project. #Docker #Docker',142,false);
INSERT INTO tweets (id,addressed_id,addressed_tweet_id,addressed_username,date_time,link,link_cover,link_cover_size,link_description,link_title,reply_type,text,users_id,deleted) VALUES (2138,null,null,null,'2024-04-17 01:00:00',null,null,null,null,null,'EVERYONE','Deadline đồ án DSA còn 4 ngày. #Internship #Internship',175,false);
INSERT INTO tweets (id,addressed_id,addressed_tweet_id,addressed_username,date_time,link,link_cover,link_cover_size,link_description,link_title,reply_type,text,users_id,deleted) VALUES (2139,null,null,null,'2024-08-14 00:00:00',null,null,null,null,null,'EVERYONE','Roadmap học JUnit: OOP, Axios, project. #DSA #DSA',152,false);
INSERT INTO tweets (id,addressed_id,addressed_tweet_id,addressed_username,date_time,link,link_cover,link_cover_size,link_description,link_title,reply_type,text,users_id,deleted) VALUES (2140,null,null,null,'2024-11-22 18:00:00',null,null,null,null,null,'EVERYONE','Deadline đồ án Redux còn 9 ngày. #CNTT #CNTT',148,false);
INSERT INTO tweets (id,addressed_id,addressed_tweet_id,addressed_username,date_time,link,link_cover,link_cover_size,link_description,link_title,reply_type,text,users_id,deleted) VALUES (2141,null,null,null,'2024-07-10 07:00:00',null,null,null,null,null,'FOLLOW','Workshop Git thứ Sáu phòng lab B. #OOP #hackathon #OOP',138,false);
INSERT INTO tweets (id,addressed_id,addressed_tweet_id,addressed_username,date_time,link,link_cover,link_cover_size,link_description,link_title,reply_type,text,users_id,deleted) VALUES (2142,null,null,null,'2024-01-15 08:00:00',null,null,null,null,null,'EVERYONE','Tips TypeScript: viết unit test trước khi refactor. #DoAn #DoAn',135,false);
INSERT INTO tweets (id,addressed_id,addressed_tweet_id,addressed_username,date_time,link,link_cover,link_cover_size,link_description,link_title,reply_type,text,users_id,deleted) VALUES (2143,null,null,null,'2024-02-16 20:00:00',null,null,null,null,null,'EVERYONE','Câu hỏi ôn thi DSA: Big-O. #LapTrinh #ontap #LapTrinh',110,false);
INSERT INTO tweets (id,addressed_id,addressed_tweet_id,addressed_username,date_time,link,link_cover,link_cover_size,link_description,link_title,reply_type,text,users_id,deleted) VALUES (2144,null,null,null,'2024-04-22 17:00:00',null,null,null,null,null,'EVERYONE','Mình vừa hoàn thành bài tập DSA. #OOP #OOP',130,false);
INSERT INTO tweets (id,addressed_id,addressed_tweet_id,addressed_username,date_time,link,link_cover,link_cover_size,link_description,link_title,reply_type,text,users_id,deleted) VALUES (2145,null,null,null,'2024-04-19 15:00:00',null,null,null,null,null,'EVERYONE','Mình vừa hoàn thành bài tập JUnit. #Git #Git',112,false);
INSERT INTO tweets (id,addressed_id,addressed_tweet_id,addressed_username,date_time,link,link_cover,link_cover_size,link_description,link_title,reply_type,text,users_id,deleted) VALUES (2146,null,null,null,'2024-10-12 10:00:00',null,null,null,null,null,'EVERYONE','Review code: Spring Data JPA hay JDBC cho JUnit? #React #React',107,false);
INSERT INTO tweets (id,addressed_id,addressed_tweet_id,addressed_username,date_time,link,link_cover,link_cover_size,link_description,link_title,reply_type,text,users_id,deleted) VALUES (2147,null,null,null,'2024-08-06 21:00:00',null,null,null,null,null,'EVERYONE','Workshop Java thứ Sáu phòng lab B. #SQL #hackathon #SQL',171,false);
INSERT INTO tweets (id,addressed_id,addressed_tweet_id,addressed_username,date_time,link,link_cover,link_cover_size,link_description,link_title,reply_type,text,users_id,deleted) VALUES (2148,null,null,null,'2024-09-02 06:00:00',null,null,null,null,null,'EVERYONE','Câu hỏi ôn thi Git: Big-O. #Git #ontap #Git',171,false);
INSERT INTO tweets (id,addressed_id,addressed_tweet_id,addressed_username,date_time,link,link_cover,link_cover_size,link_description,link_title,reply_type,text,users_id,deleted) VALUES (2149,null,null,null,'2024-08-16 10:00:00',null,null,null,null,null,'EVERYONE','Review code: Axios hay fetch API cho React? #DoAn #DoAn',143,false);
INSERT INTO tweets (id,addressed_id,addressed_tweet_id,addressed_username,date_time,link,link_cover,link_cover_size,link_description,link_title,reply_type,text,users_id,deleted) VALUES (2150,null,null,null,'2024-11-21 15:00:00',null,null,null,null,null,'EVERYONE','Lỗi NullPointerException khi deploy Docker — allowedOrigins. #Frontend #Frontend',117,false);
INSERT INTO tweets (id,addressed_id,addressed_tweet_id,addressed_username,date_time,link,link_cover,link_cover_size,link_description,link_title,reply_type,text,users_id,deleted) VALUES (2151,null,null,null,'2024-05-18 09:00:00',null,null,null,null,null,'EVERYONE','Lỗi CORS khi deploy OOP — allowedOrigins. #Hackathon #Hackathon',101,false);
INSERT INTO tweets (id,addressed_id,addressed_tweet_id,addressed_username,date_time,link,link_cover,link_cover_size,link_description,link_title,reply_type,text,users_id,deleted) VALUES (2152,null,null,null,'2024-06-04 07:00:00',null,null,null,null,null,'EVERYONE','Workshop SQL thứ Sáu phòng lab B. #Docker #hackathon #Docker',139,false);
INSERT INTO tweets (id,addressed_id,addressed_tweet_id,addressed_username,date_time,link,link_cover,link_cover_size,link_description,link_title,reply_type,text,users_id,deleted) VALUES (2153,null,null,null,'2024-01-27 15:00:00',null,null,null,null,null,'FOLLOW','Câu hỏi ôn thi JUnit: Big-O. #LeetCode #ontap #LeetCode',147,false);
INSERT INTO tweets (id,addressed_id,addressed_tweet_id,addressed_username,date_time,link,link_cover,link_cover_size,link_description,link_title,reply_type,text,users_id,deleted) VALUES (2154,null,null,null,'2024-08-20 04:00:00',null,null,null,null,null,'EVERYONE','Review code: Spring Data JPA hay JDBC cho TypeScript? #SpringBoot #SpringBoot',114,false);
INSERT INTO tweets (id,addressed_id,addressed_tweet_id,addressed_username,date_time,link,link_cover,link_cover_size,link_description,link_title,reply_type,text,users_id,deleted) VALUES (2155,null,null,null,'2024-08-17 15:00:00',null,null,null,null,null,'EVERYONE','Câu hỏi ôn thi Java: Big-O. #React #ontap #React',170,false);
INSERT INTO tweets (id,addressed_id,addressed_tweet_id,addressed_username,date_time,link,link_cover,link_cover_size,link_description,link_title,reply_type,text,users_id,deleted) VALUES (2156,null,null,null,'2024-08-27 01:00:00',null,null,null,null,null,'EVERYONE','Workshop Java thứ Sáu phòng lab B. #Internship #hackathon #Internship',102,false);
INSERT INTO tweets (id,addressed_id,addressed_tweet_id,addressed_username,date_time,link,link_cover,link_cover_size,link_description,link_title,reply_type,text,users_id,deleted) VALUES (2157,null,null,null,'2024-10-31 05:00:00',null,null,null,null,null,'EVERYONE','Câu hỏi ôn thi Java: Big-O. #React #ontap #React',107,false);
INSERT INTO tweets (id,addressed_id,addressed_tweet_id,addressed_username,date_time,link,link_cover,link_cover_size,link_description,link_title,reply_type,text,users_id,deleted) VALUES (2158,null,null,null,'2024-06-29 12:00:00',null,null,null,null,null,'EVERYONE','Tips DSA: viết unit test trước khi refactor. #Internship #Internship',148,false);
INSERT INTO tweets (id,addressed_id,addressed_tweet_id,addressed_username,date_time,link,link_cover,link_cover_size,link_description,link_title,reply_type,text,users_id,deleted) VALUES (2159,null,null,null,'2024-04-28 03:00:00',null,null,null,null,null,'EVERYONE','Mình vừa hoàn thành bài tập Git. #Java #Java',128,false);
INSERT INTO tweets (id,addressed_id,addressed_tweet_id,addressed_username,date_time,link,link_cover,link_cover_size,link_description,link_title,reply_type,text,users_id,deleted) VALUES (2160,null,null,null,'2024-07-21 17:00:00',null,null,null,null,null,'EVERYONE','Mình vừa hoàn thành bài tập DSA. #Docker #Docker',124,false);
INSERT INTO tweets (id,addressed_id,addressed_tweet_id,addressed_username,date_time,link,link_cover,link_cover_size,link_description,link_title,reply_type,text,users_id,deleted) VALUES (2161,null,null,null,'2024-03-20 22:00:00',null,null,null,null,null,'EVERYONE','Mình vừa hoàn thành bài tập REST API. #OOP #OOP',106,false);
INSERT INTO tweets (id,addressed_id,addressed_tweet_id,addressed_username,date_time,link,link_cover,link_cover_size,link_description,link_title,reply_type,text,users_id,deleted) VALUES (2162,null,null,null,'2024-01-21 19:00:00',null,null,null,null,null,'EVERYONE','Lỗi CORS khi deploy Docker — allowedOrigins. #CleanCode #CleanCode',140,false);
INSERT INTO tweets (id,addressed_id,addressed_tweet_id,addressed_username,date_time,link,link_cover,link_cover_size,link_description,link_title,reply_type,text,users_id,deleted) VALUES (2163,null,null,null,'2024-04-12 08:00:00',null,null,null,null,null,'EVERYONE','Câu hỏi ôn thi Java: dependency injection. #LeetCode #ontap #LeetCode',122,false);
INSERT INTO tweets (id,addressed_id,addressed_tweet_id,addressed_username,date_time,link,link_cover,link_cover_size,link_description,link_title,reply_type,text,users_id,deleted) VALUES (2164,null,null,null,'2024-07-09 05:00:00',null,null,null,null,null,'EVERYONE','Review code: Spring Data JPA hay fetch API cho Docker? #Frontend #Frontend',176,false);
INSERT INTO tweets (id,addressed_id,addressed_tweet_id,addressed_username,date_time,link,link_cover,link_cover_size,link_description,link_title,reply_type,text,users_id,deleted) VALUES (2165,null,null,null,'2024-01-18 14:00:00',null,null,null,null,null,'EVERYONE','Workshop Docker thứ Sáu phòng lab B. #OOP #hackathon #OOP',149,false);
INSERT INTO tweets (id,addressed_id,addressed_tweet_id,addressed_username,date_time,link,link_cover,link_cover_size,link_description,link_title,reply_type,text,users_id,deleted) VALUES (2166,null,null,null,'2024-11-22 15:00:00',null,null,null,null,null,'FOLLOW','Review code: Spring Data JPA hay fetch API cho TypeScript? #React #React',105,false);
INSERT INTO tweets (id,addressed_id,addressed_tweet_id,addressed_username,date_time,link,link_cover,link_cover_size,link_description,link_title,reply_type,text,users_id,deleted) VALUES (2167,null,null,null,'2024-07-07 10:00:00',null,null,null,null,null,'EVERYONE','Tips OOP: viết unit test trước khi refactor. #DSA #DSA',127,false);
INSERT INTO tweets (id,addressed_id,addressed_tweet_id,addressed_username,date_time,link,link_cover,link_cover_size,link_description,link_title,reply_type,text,users_id,deleted) VALUES (2168,null,null,null,'2024-06-08 01:00:00',null,null,null,null,null,'EVERYONE','Câu hỏi ôn thi JUnit: Big-O. #Internship #ontap #Internship',136,false);
INSERT INTO tweets (id,addressed_id,addressed_tweet_id,addressed_username,date_time,link,link_cover,link_cover_size,link_description,link_title,reply_type,text,users_id,deleted) VALUES (2169,null,null,null,'2024-03-30 00:00:00',null,null,null,null,null,'EVERYONE','Review code: Axios hay JDBC cho SQL? #CNTT #CNTT',160,false);
INSERT INTO tweets (id,addressed_id,addressed_tweet_id,addressed_username,date_time,link,link_cover,link_cover_size,link_description,link_title,reply_type,text,users_id,deleted) VALUES (2170,null,null,null,'2024-03-28 20:00:00',null,null,null,null,null,'EVERYONE','Deadline đồ án Docker còn 6 ngày. #DoAn #DoAn',153,false);
INSERT INTO tweets (id,addressed_id,addressed_tweet_id,addressed_username,date_time,link,link_cover,link_cover_size,link_description,link_title,reply_type,text,users_id,deleted) VALUES (2171,null,null,null,'2024-11-08 23:00:00',null,null,null,null,null,'FOLLOW','Câu hỏi ôn thi React: dependency injection. #Frontend #ontap #Frontend',170,false);
INSERT INTO tweets (id,addressed_id,addressed_tweet_id,addressed_username,date_time,link,link_cover,link_cover_size,link_description,link_title,reply_type,text,users_id,deleted) VALUES (2172,null,null,null,'2024-01-24 04:00:00',null,null,null,null,null,'EVERYONE','Mình vừa hoàn thành bài tập Spring Boot. #Backend #Backend',107,false);
INSERT INTO tweets (id,addressed_id,addressed_tweet_id,addressed_username,date_time,link,link_cover,link_cover_size,link_description,link_title,reply_type,text,users_id,deleted) VALUES (2173,null,null,null,'2024-01-05 01:00:00',null,null,null,null,null,'EVERYONE','Câu hỏi ôn thi SQL: Big-O. #DSA #ontap #DSA',101,false);
INSERT INTO tweets (id,addressed_id,addressed_tweet_id,addressed_username,date_time,link,link_cover,link_cover_size,link_description,link_title,reply_type,text,users_id,deleted) VALUES (2174,null,null,null,'2024-03-23 06:00:00',null,null,null,null,null,'EVERYONE','Workshop Java thứ Sáu phòng lab B. #DevOps #hackathon #DevOps',135,false);
INSERT INTO tweets (id,addressed_id,addressed_tweet_id,addressed_username,date_time,link,link_cover,link_cover_size,link_description,link_title,reply_type,text,users_id,deleted) VALUES (2175,null,null,null,'2024-07-11 20:00:00',null,null,null,null,null,'EVERYONE','Lỗi CORS khi deploy Git — allowedOrigins. #Hackathon #Hackathon',175,false);
INSERT INTO tweets (id,addressed_id,addressed_tweet_id,addressed_username,date_time,link,link_cover,link_cover_size,link_description,link_title,reply_type,text,users_id,deleted) VALUES (2176,null,null,null,'2024-07-07 15:00:00',null,null,null,null,null,'EVERYONE','Tips DSA: viết unit test trước khi refactor. #DoAn #DoAn',128,false);
INSERT INTO tweets (id,addressed_id,addressed_tweet_id,addressed_username,date_time,link,link_cover,link_cover_size,link_description,link_title,reply_type,text,users_id,deleted) VALUES (2177,null,null,null,'2024-03-13 03:00:00',null,null,null,null,null,'FOLLOW','Tips Redux: viết unit test trước khi refactor. #SQL #SQL',101,false);
INSERT INTO tweets (id,addressed_id,addressed_tweet_id,addressed_username,date_time,link,link_cover,link_cover_size,link_description,link_title,reply_type,text,users_id,deleted) VALUES (2178,null,null,null,'2024-11-24 04:00:00',null,null,null,null,null,'EVERYONE','Mình vừa hoàn thành bài tập Spring Boot. #Hackathon #Hackathon',160,false);
INSERT INTO tweets (id,addressed_id,addressed_tweet_id,addressed_username,date_time,link,link_cover,link_cover_size,link_description,link_title,reply_type,text,users_id,deleted) VALUES (2179,null,null,null,'2024-09-26 19:00:00',null,null,null,null,null,'MENTION','Tips Git: viết unit test trước khi refactor. #Internship #Internship',118,false);
INSERT INTO tweets (id,addressed_id,addressed_tweet_id,addressed_username,date_time,link,link_cover,link_cover_size,link_description,link_title,reply_type,text,users_id,deleted) VALUES (2180,null,null,null,'2024-11-26 17:00:00',null,null,null,null,null,'EVERYONE','Lỗi NullPointerException khi deploy Java — allowedOrigins. #Backend #Backend',110,false);
INSERT INTO tweets (id,addressed_id,addressed_tweet_id,addressed_username,date_time,link,link_cover,link_cover_size,link_description,link_title,reply_type,text,users_id,deleted) VALUES (2181,null,null,null,'2024-01-30 06:00:00',null,null,null,null,null,'EVERYONE','Câu hỏi ôn thi Redux: Big-O. #Hackathon #ontap #Hackathon',103,false);
INSERT INTO tweets (id,addressed_id,addressed_tweet_id,addressed_username,date_time,link,link_cover,link_cover_size,link_description,link_title,reply_type,text,users_id,deleted) VALUES (2182,null,null,null,'2024-05-03 02:00:00',null,null,null,null,null,'EVERYONE','Tips Spring Boot: viết unit test trước khi refactor. #OOP #OOP',137,false);
INSERT INTO tweets (id,addressed_id,addressed_tweet_id,addressed_username,date_time,link,link_cover,link_cover_size,link_description,link_title,reply_type,text,users_id,deleted) VALUES (2183,null,null,null,'2024-05-27 02:00:00',null,null,null,null,null,'EVERYONE','Câu hỏi ôn thi SQL: dependency injection. #DoAn #ontap #DoAn',100,false);
INSERT INTO tweets (id,addressed_id,addressed_tweet_id,addressed_username,date_time,link,link_cover,link_cover_size,link_description,link_title,reply_type,text,users_id,deleted) VALUES (2184,null,null,null,'2024-04-09 14:00:00',null,null,null,null,null,'EVERYONE','Tips Java: viết unit test trước khi refactor. #LeetCode #LeetCode',173,false);
INSERT INTO tweets (id,addressed_id,addressed_tweet_id,addressed_username,date_time,link,link_cover,link_cover_size,link_description,link_title,reply_type,text,users_id,deleted) VALUES (2185,null,null,null,'2024-04-12 18:00:00',null,null,null,null,null,'EVERYONE','Review code: Spring Data JPA hay fetch API cho TypeScript? #DevOps #DevOps',110,false);
INSERT INTO tweets (id,addressed_id,addressed_tweet_id,addressed_username,date_time,link,link_cover,link_cover_size,link_description,link_title,reply_type,text,users_id,deleted) VALUES (2186,null,null,null,'2024-03-26 21:00:00',null,null,null,null,null,'FOLLOW','Deadline đồ án REST API còn 5 ngày. #React #React',118,false);
INSERT INTO tweets (id,addressed_id,addressed_tweet_id,addressed_username,date_time,link,link_cover,link_cover_size,link_description,link_title,reply_type,text,users_id,deleted) VALUES (2187,null,null,null,'2024-10-01 10:00:00',null,null,null,null,null,'FOLLOW','Câu hỏi ôn thi Spring Boot: Big-O. #DSA #ontap #DSA',171,false);
INSERT INTO tweets (id,addressed_id,addressed_tweet_id,addressed_username,date_time,link,link_cover,link_cover_size,link_description,link_title,reply_type,text,users_id,deleted) VALUES (2188,null,null,null,'2024-04-17 05:00:00',null,null,null,null,null,'EVERYONE','Roadmap học DSA: OOP, Spring Data JPA, project. #CNTT #CNTT',156,false);
INSERT INTO tweets (id,addressed_id,addressed_tweet_id,addressed_username,date_time,link,link_cover,link_cover_size,link_description,link_title,reply_type,text,users_id,deleted) VALUES (2189,null,null,null,'2024-10-05 16:00:00',null,null,null,null,null,'EVERYONE','Workshop OOP thứ Sáu phòng lab B. #CNTT #hackathon #CNTT',150,false);
INSERT INTO tweets (id,addressed_id,addressed_tweet_id,addressed_username,date_time,link,link_cover,link_cover_size,link_description,link_title,reply_type,text,users_id,deleted) VALUES (2190,null,null,null,'2024-09-29 06:00:00',null,null,null,null,null,'EVERYONE','Review code: Spring Data JPA hay JDBC cho TypeScript? #Docker #Docker',146,false);
INSERT INTO tweets (id,addressed_id,addressed_tweet_id,addressed_username,date_time,link,link_cover,link_cover_size,link_description,link_title,reply_type,text,users_id,deleted) VALUES (2191,null,null,null,'2024-09-26 08:00:00',null,null,null,null,null,'EVERYONE','Câu hỏi ôn thi React: Big-O. #LeetCode #ontap #LeetCode',108,false);
INSERT INTO tweets (id,addressed_id,addressed_tweet_id,addressed_username,date_time,link,link_cover,link_cover_size,link_description,link_title,reply_type,text,users_id,deleted) VALUES (2192,null,null,null,'2024-09-19 11:00:00',null,null,null,null,null,'EVERYONE','Roadmap học JUnit: OOP, Axios, project. #Frontend #Frontend',157,false);
INSERT INTO tweets (id,addressed_id,addressed_tweet_id,addressed_username,date_time,link,link_cover,link_cover_size,link_description,link_title,reply_type,text,users_id,deleted) VALUES (2193,null,null,null,'2024-02-03 15:00:00',null,null,null,null,null,'EVERYONE','Mình vừa hoàn thành bài tập TypeScript. #SQL #SQL',145,false);
INSERT INTO tweets (id,addressed_id,addressed_tweet_id,addressed_username,date_time,link,link_cover,link_cover_size,link_description,link_title,reply_type,text,users_id,deleted) VALUES (2194,null,null,null,'2024-06-13 18:00:00',null,null,null,null,null,'EVERYONE','Review code: Axios hay fetch API cho Redux? #Backend #Backend',173,false);
INSERT INTO tweets (id,addressed_id,addressed_tweet_id,addressed_username,date_time,link,link_cover,link_cover_size,link_description,link_title,reply_type,text,users_id,deleted) VALUES (2195,null,null,null,'2024-06-26 20:00:00',null,null,null,null,null,'EVERYONE','Tips OOP: viết unit test trước khi refactor. #React #React',153,false);
INSERT INTO tweets (id,addressed_id,addressed_tweet_id,addressed_username,date_time,link,link_cover,link_cover_size,link_description,link_title,reply_type,text,users_id,deleted) VALUES (2196,null,null,null,'2024-10-03 13:00:00',null,null,null,null,null,'EVERYONE','Câu hỏi ôn thi OOP: dependency injection. #Docker #ontap #Docker',160,false);
INSERT INTO tweets (id,addressed_id,addressed_tweet_id,addressed_username,date_time,link,link_cover,link_cover_size,link_description,link_title,reply_type,text,users_id,deleted) VALUES (2197,null,null,null,'2024-07-10 02:00:00',null,null,null,null,null,'EVERYONE','Tips DSA: viết unit test trước khi refactor. #CNTT #CNTT',102,false);
INSERT INTO tweets (id,addressed_id,addressed_tweet_id,addressed_username,date_time,link,link_cover,link_cover_size,link_description,link_title,reply_type,text,users_id,deleted) VALUES (2198,null,null,null,'2024-06-02 10:00:00',null,null,null,null,null,'EVERYONE','Roadmap học DSA: OOP, Spring Data JPA, project. #OOP #OOP',159,false);
INSERT INTO tweets (id,addressed_id,addressed_tweet_id,addressed_username,date_time,link,link_cover,link_cover_size,link_description,link_title,reply_type,text,users_id,deleted) VALUES (2199,null,null,null,'2024-03-08 06:00:00',null,null,null,null,null,'EVERYONE','Review code: Spring Data JPA hay JDBC cho Docker? #Java #Java',149,false);
INSERT INTO tweets (id,addressed_id,addressed_tweet_id,addressed_username,date_time,link,link_cover,link_cover_size,link_description,link_title,reply_type,text,users_id,deleted) VALUES (2200,null,null,null,'2024-07-29 17:00:00',null,null,null,null,null,'EVERYONE','Lỗi CORS khi deploy TypeScript — allowedOrigins. #Frontend #Frontend',133,false);
INSERT INTO tweets (id,addressed_id,addressed_tweet_id,addressed_username,date_time,link,link_cover,link_cover_size,link_description,link_title,reply_type,text,users_id,deleted) VALUES (2201,null,null,null,'2024-03-03 11:00:00',null,null,null,null,null,'EVERYONE','Tips DSA: viết unit test trước khi refactor. #CleanCode #CleanCode',138,false);
INSERT INTO tweets (id,addressed_id,addressed_tweet_id,addressed_username,date_time,link,link_cover,link_cover_size,link_description,link_title,reply_type,text,users_id,deleted) VALUES (2202,null,null,null,'2024-08-04 22:00:00',null,null,null,null,null,'EVERYONE','Roadmap học REST API: OOP, Spring Data JPA, project. #Backend #Backend',118,false);
INSERT INTO tweets (id,addressed_id,addressed_tweet_id,addressed_username,date_time,link,link_cover,link_cover_size,link_description,link_title,reply_type,text,users_id,deleted) VALUES (2203,null,null,null,'2024-10-22 10:00:00',null,null,null,null,null,'EVERYONE','Deadline đồ án Redux còn 5 ngày. #DevOps #DevOps',122,false);
INSERT INTO tweets (id,addressed_id,addressed_tweet_id,addressed_username,date_time,link,link_cover,link_cover_size,link_description,link_title,reply_type,text,users_id,deleted) VALUES (2204,null,null,null,'2024-08-30 09:00:00',null,null,null,null,null,'EVERYONE','Deadline đồ án Docker còn 14 ngày. #Frontend #Frontend',101,false);
INSERT INTO tweets (id,addressed_id,addressed_tweet_id,addressed_username,date_time,link,link_cover,link_cover_size,link_description,link_title,reply_type,text,users_id,deleted) VALUES (2205,null,null,null,'2024-07-02 12:00:00',null,null,null,null,null,'EVERYONE','Tips TypeScript: viết unit test trước khi refactor. #SQL #SQL',170,false);
INSERT INTO tweets (id,addressed_id,addressed_tweet_id,addressed_username,date_time,link,link_cover,link_cover_size,link_description,link_title,reply_type,text,users_id,deleted) VALUES (2206,null,null,null,'2024-09-16 09:00:00',null,null,null,null,null,'EVERYONE','Câu hỏi ôn thi JUnit: dependency injection. #CleanCode #ontap #CleanCode',158,false);
INSERT INTO tweets (id,addressed_id,addressed_tweet_id,addressed_username,date_time,link,link_cover,link_cover_size,link_description,link_title,reply_type,text,users_id,deleted) VALUES (2207,null,null,null,'2024-04-28 23:00:00',null,null,null,null,null,'FOLLOW','Roadmap học Spring Boot: OOP, Spring Data JPA, project. #DSA #DSA',177,false);
INSERT INTO tweets (id,addressed_id,addressed_tweet_id,addressed_username,date_time,link,link_cover,link_cover_size,link_description,link_title,reply_type,text,users_id,deleted) VALUES (2208,null,null,null,'2024-10-04 16:00:00',null,null,null,null,null,'EVERYONE','Tips Docker: viết unit test trước khi refactor. #API #API',111,false);
INSERT INTO tweets (id,addressed_id,addressed_tweet_id,addressed_username,date_time,link,link_cover,link_cover_size,link_description,link_title,reply_type,text,users_id,deleted) VALUES (2209,null,null,null,'2024-11-21 02:00:00',null,null,null,null,null,'FOLLOW','Lỗi CORS khi deploy JUnit — allowedOrigins. #CleanCode #CleanCode',107,false);
INSERT INTO tweets (id,addressed_id,addressed_tweet_id,addressed_username,date_time,link,link_cover,link_cover_size,link_description,link_title,reply_type,text,users_id,deleted) VALUES (2210,null,null,null,'2024-10-09 18:00:00',null,null,null,null,null,'EVERYONE','Roadmap học Java: OOP, Spring Data JPA, project. #Git #Git',112,false);
INSERT INTO tweets (id,addressed_id,addressed_tweet_id,addressed_username,date_time,link,link_cover,link_cover_size,link_description,link_title,reply_type,text,users_id,deleted) VALUES (2211,null,null,null,'2024-08-04 06:00:00',null,null,null,null,null,'EVERYONE','Deadline đồ án TypeScript còn 11 ngày. #Frontend #Frontend',150,false);
INSERT INTO tweets (id,addressed_id,addressed_tweet_id,addressed_username,date_time,link,link_cover,link_cover_size,link_description,link_title,reply_type,text,users_id,deleted) VALUES (2212,null,null,null,'2024-09-06 11:00:00',null,null,null,null,null,'MENTION','Workshop OOP thứ Sáu phòng lab B. #Internship #hackathon #Internship',111,false);
INSERT INTO tweets (id,addressed_id,addressed_tweet_id,addressed_username,date_time,link,link_cover,link_cover_size,link_description,link_title,reply_type,text,users_id,deleted) VALUES (2213,null,null,null,'2024-04-25 06:00:00',null,null,null,null,null,'EVERYONE','Roadmap học Docker: OOP, Spring Data JPA, project. #React #React',145,false);
INSERT INTO tweets (id,addressed_id,addressed_tweet_id,addressed_username,date_time,link,link_cover,link_cover_size,link_description,link_title,reply_type,text,users_id,deleted) VALUES (2214,null,null,null,'2024-02-12 09:00:00',null,null,null,null,null,'FOLLOW','Câu hỏi ôn thi SQL: dependency injection. #CleanCode #ontap #CleanCode',116,false);
INSERT INTO tweets (id,addressed_id,addressed_tweet_id,addressed_username,date_time,link,link_cover,link_cover_size,link_description,link_title,reply_type,text,users_id,deleted) VALUES (2215,null,null,null,'2024-02-01 20:00:00',null,null,null,null,null,'EVERYONE','Câu hỏi ôn thi Java: Big-O. #API #ontap #API',120,false);
INSERT INTO tweets (id,addressed_id,addressed_tweet_id,addressed_username,date_time,link,link_cover,link_cover_size,link_description,link_title,reply_type,text,users_id,deleted) VALUES (2216,null,null,null,'2024-05-26 12:00:00',null,null,null,null,null,'EVERYONE','Lỗi CORS khi deploy DSA — allowedOrigins. #React #React',132,false);
INSERT INTO tweets (id,addressed_id,addressed_tweet_id,addressed_username,date_time,link,link_cover,link_cover_size,link_description,link_title,reply_type,text,users_id,deleted) VALUES (2217,null,null,null,'2024-08-25 10:00:00',null,null,null,null,null,'EVERYONE','Review code: Spring Data JPA hay JDBC cho Redux? #Java #Java',112,false);
INSERT INTO tweets (id,addressed_id,addressed_tweet_id,addressed_username,date_time,link,link_cover,link_cover_size,link_description,link_title,reply_type,text,users_id,deleted) VALUES (2218,null,null,null,'2024-04-16 22:00:00',null,null,null,null,null,'EVERYONE','Deadline đồ án Redux còn 2 ngày. #LeetCode #LeetCode',115,false);
INSERT INTO tweets (id,addressed_id,addressed_tweet_id,addressed_username,date_time,link,link_cover,link_cover_size,link_description,link_title,reply_type,text,users_id,deleted) VALUES (2219,null,null,null,'2024-04-29 20:00:00',null,null,null,null,null,'EVERYONE','Roadmap học React: OOP, Spring Data JPA, project. #Git #Git',138,false);
INSERT INTO tweets (id,addressed_id,addressed_tweet_id,addressed_username,date_time,link,link_cover,link_cover_size,link_description,link_title,reply_type,text,users_id,deleted) VALUES (2220,null,null,null,'2024-11-24 18:00:00',null,null,null,null,null,'EVERYONE','Câu hỏi ôn thi Docker: Big-O. #LeetCode #ontap #LeetCode',119,false);
INSERT INTO tweets (id,addressed_id,addressed_tweet_id,addressed_username,date_time,link,link_cover,link_cover_size,link_description,link_title,reply_type,text,users_id,deleted) VALUES (2221,null,null,null,'2024-06-25 17:00:00',null,null,null,null,null,'EVERYONE','Workshop DSA thứ Sáu phòng lab B. #OOP #hackathon #OOP',117,false);
INSERT INTO tweets (id,addressed_id,addressed_tweet_id,addressed_username,date_time,link,link_cover,link_cover_size,link_description,link_title,reply_type,text,users_id,deleted) VALUES (2222,null,null,null,'2024-06-19 12:00:00',null,null,null,null,null,'EVERYONE','Workshop DSA thứ Sáu phòng lab B. #Internship #hackathon #Internship',124,false);
INSERT INTO tweets (id,addressed_id,addressed_tweet_id,addressed_username,date_time,link,link_cover,link_cover_size,link_description,link_title,reply_type,text,users_id,deleted) VALUES (2223,null,null,null,'2024-09-17 08:00:00',null,null,null,null,null,'EVERYONE','Mình vừa hoàn thành bài tập SQL. #Backend #Backend',109,false);
INSERT INTO tweets (id,addressed_id,addressed_tweet_id,addressed_username,date_time,link,link_cover,link_cover_size,link_description,link_title,reply_type,text,users_id,deleted) VALUES (2224,null,null,null,'2024-08-02 13:00:00',null,null,null,null,null,'EVERYONE','Tips Java: viết unit test trước khi refactor. #Java #Java',109,false);
INSERT INTO tweets (id,addressed_id,addressed_tweet_id,addressed_username,date_time,link,link_cover,link_cover_size,link_description,link_title,reply_type,text,users_id,deleted) VALUES (2225,null,null,null,'2024-06-23 12:00:00',null,null,null,null,null,'FOLLOW','Roadmap học Spring Boot: OOP, Spring Data JPA, project. #LeetCode #LeetCode',153,false);
INSERT INTO tweets (id,addressed_id,addressed_tweet_id,addressed_username,date_time,link,link_cover,link_cover_size,link_description,link_title,reply_type,text,users_id,deleted) VALUES (2226,null,null,null,'2024-03-24 10:00:00',null,null,null,null,null,'EVERYONE','Lỗi CORS khi deploy REST API — null-check. #DevOps #DevOps',119,false);
INSERT INTO tweets (id,addressed_id,addressed_tweet_id,addressed_username,date_time,link,link_cover,link_cover_size,link_description,link_title,reply_type,text,users_id,deleted) VALUES (2227,null,null,null,'2024-08-29 15:00:00',null,null,null,null,null,'EVERYONE','Câu hỏi ôn thi TypeScript: dependency injection. #Docker #ontap #Docker',155,false);
INSERT INTO tweets (id,addressed_id,addressed_tweet_id,addressed_username,date_time,link,link_cover,link_cover_size,link_description,link_title,reply_type,text,users_id,deleted) VALUES (2228,null,null,null,'2024-09-07 04:00:00',null,null,null,null,null,'FOLLOW','Câu hỏi ôn thi SQL: Big-O. #SQL #ontap #SQL',101,false);
INSERT INTO tweets (id,addressed_id,addressed_tweet_id,addressed_username,date_time,link,link_cover,link_cover_size,link_description,link_title,reply_type,text,users_id,deleted) VALUES (2229,null,null,null,'2024-06-23 08:00:00',null,null,null,null,null,'EVERYONE','Roadmap học Git: OOP, Spring Data JPA, project. #CNTT #CNTT',103,false);
INSERT INTO tweets (id,addressed_id,addressed_tweet_id,addressed_username,date_time,link,link_cover,link_cover_size,link_description,link_title,reply_type,text,users_id,deleted) VALUES (2230,null,null,null,'2024-01-16 00:00:00',null,null,null,null,null,'FOLLOW','Deadline đồ án SQL còn 3 ngày. #CleanCode #CleanCode',171,false);
INSERT INTO tweets (id,addressed_id,addressed_tweet_id,addressed_username,date_time,link,link_cover,link_cover_size,link_description,link_title,reply_type,text,users_id,deleted) VALUES (2231,null,null,null,'2024-03-17 15:00:00',null,null,null,null,null,'EVERYONE','Mình vừa hoàn thành bài tập Redux. #OOP #OOP',101,false);
INSERT INTO tweets (id,addressed_id,addressed_tweet_id,addressed_username,date_time,link,link_cover,link_cover_size,link_description,link_title,reply_type,text,users_id,deleted) VALUES (2232,null,null,null,'2024-10-01 13:00:00',null,null,null,null,null,'EVERYONE','Workshop Spring Boot thứ Sáu phòng lab B. #CNTT #hackathon #CNTT',153,false);
INSERT INTO tweets (id,addressed_id,addressed_tweet_id,addressed_username,date_time,link,link_cover,link_cover_size,link_description,link_title,reply_type,text,users_id,deleted) VALUES (2233,null,null,null,'2024-01-03 17:00:00',null,null,null,null,null,'EVERYONE','Tips Redux: viết unit test trước khi refactor. #Internship #Internship',105,false);
INSERT INTO tweets (id,addressed_id,addressed_tweet_id,addressed_username,date_time,link,link_cover,link_cover_size,link_description,link_title,reply_type,text,users_id,deleted) VALUES (2234,null,null,null,'2024-09-07 00:00:00',null,null,null,null,null,'FOLLOW','Workshop OOP thứ Sáu phòng lab B. #CleanCode #hackathon #CleanCode',137,false);
INSERT INTO tweets (id,addressed_id,addressed_tweet_id,addressed_username,date_time,link,link_cover,link_cover_size,link_description,link_title,reply_type,text,users_id,deleted) VALUES (2235,null,null,null,'2024-09-16 01:00:00',null,null,null,null,null,'EVERYONE','Mình vừa hoàn thành bài tập REST API. #Git #Git',131,false);
INSERT INTO tweets (id,addressed_id,addressed_tweet_id,addressed_username,date_time,link,link_cover,link_cover_size,link_description,link_title,reply_type,text,users_id,deleted) VALUES (2236,null,null,null,'2024-02-01 18:00:00',null,null,null,null,null,'EVERYONE','Review code: Axios hay fetch API cho JUnit? #Docker #Docker',139,false);
INSERT INTO tweets (id,addressed_id,addressed_tweet_id,addressed_username,date_time,link,link_cover,link_cover_size,link_description,link_title,reply_type,text,users_id,deleted) VALUES (2237,null,null,null,'2024-01-26 13:00:00',null,null,null,null,null,'EVERYONE','Roadmap học OOP: OOP, Axios, project. #Backend #Backend',129,false);
INSERT INTO tweets (id,addressed_id,addressed_tweet_id,addressed_username,date_time,link,link_cover,link_cover_size,link_description,link_title,reply_type,text,users_id,deleted) VALUES (2238,null,null,null,'2024-06-03 12:00:00',null,null,null,null,null,'EVERYONE','Deadline đồ án Docker còn 5 ngày. #LeetCode #LeetCode',107,false);
INSERT INTO tweets (id,addressed_id,addressed_tweet_id,addressed_username,date_time,link,link_cover,link_cover_size,link_description,link_title,reply_type,text,users_id,deleted) VALUES (2239,null,null,null,'2024-04-17 04:00:00',null,null,null,null,null,'EVERYONE','Deadline đồ án TypeScript còn 2 ngày. #DSA #DSA',109,false);
INSERT INTO tweets (id,addressed_id,addressed_tweet_id,addressed_username,date_time,link,link_cover,link_cover_size,link_description,link_title,reply_type,text,users_id,deleted) VALUES (2240,null,null,null,'2024-10-02 15:00:00',null,null,null,null,null,'EVERYONE','Review code: Axios hay fetch API cho Redux? #LapTrinh #LapTrinh',176,false);
INSERT INTO tweets (id,addressed_id,addressed_tweet_id,addressed_username,date_time,link,link_cover,link_cover_size,link_description,link_title,reply_type,text,users_id,deleted) VALUES (2241,null,null,null,'2024-03-29 19:00:00',null,null,null,null,null,'EVERYONE','Lỗi CORS khi deploy React — null-check. #DSA #DSA',105,false);
INSERT INTO tweets (id,addressed_id,addressed_tweet_id,addressed_username,date_time,link,link_cover,link_cover_size,link_description,link_title,reply_type,text,users_id,deleted) VALUES (2242,null,null,null,'2024-02-11 10:00:00',null,null,null,null,null,'EVERYONE','Roadmap học Redux: OOP, Spring Data JPA, project. #Java #Java',122,false);
INSERT INTO tweets (id,addressed_id,addressed_tweet_id,addressed_username,date_time,link,link_cover,link_cover_size,link_description,link_title,reply_type,text,users_id,deleted) VALUES (2243,null,null,null,'2024-03-08 11:00:00',null,null,null,null,null,'FOLLOW','Review code: Spring Data JPA hay fetch API cho REST API? #Git #Git',128,false);
INSERT INTO tweets (id,addressed_id,addressed_tweet_id,addressed_username,date_time,link,link_cover,link_cover_size,link_description,link_title,reply_type,text,users_id,deleted) VALUES (2244,null,null,null,'2024-10-07 11:00:00',null,null,null,null,null,'EVERYONE','Tips SQL: viết unit test trước khi refactor. #Git #Git',156,false);
INSERT INTO tweets (id,addressed_id,addressed_tweet_id,addressed_username,date_time,link,link_cover,link_cover_size,link_description,link_title,reply_type,text,users_id,deleted) VALUES (2245,null,null,null,'2024-04-05 12:00:00',null,null,null,null,null,'EVERYONE','Roadmap học DSA: OOP, Spring Data JPA, project. #Java #Java',171,false);
INSERT INTO tweets (id,addressed_id,addressed_tweet_id,addressed_username,date_time,link,link_cover,link_cover_size,link_description,link_title,reply_type,text,users_id,deleted) VALUES (2246,null,null,null,'2024-04-05 11:00:00',null,null,null,null,null,'EVERYONE','Review code: Axios hay fetch API cho DSA? #SpringBoot #SpringBoot',119,false);
INSERT INTO tweets (id,addressed_id,addressed_tweet_id,addressed_username,date_time,link,link_cover,link_cover_size,link_description,link_title,reply_type,text,users_id,deleted) VALUES (2247,null,null,null,'2024-04-27 10:00:00',null,null,null,null,null,'FOLLOW','Review code: Spring Data JPA hay fetch API cho DSA? #DSA #DSA',153,false);
INSERT INTO tweets (id,addressed_id,addressed_tweet_id,addressed_username,date_time,link,link_cover,link_cover_size,link_description,link_title,reply_type,text,users_id,deleted) VALUES (2248,null,null,null,'2024-01-20 23:00:00',null,null,null,null,null,'EVERYONE','Roadmap học Git: OOP, Spring Data JPA, project. #CNTT #CNTT',172,false);
INSERT INTO tweets (id,addressed_id,addressed_tweet_id,addressed_username,date_time,link,link_cover,link_cover_size,link_description,link_title,reply_type,text,users_id,deleted) VALUES (2249,null,null,null,'2024-07-01 03:00:00',null,null,null,null,null,'EVERYONE','Lỗi NullPointerException khi deploy TypeScript — null-check. #Backend #Backend',160,false);
INSERT INTO tweets (id,addressed_id,addressed_tweet_id,addressed_username,date_time,link,link_cover,link_cover_size,link_description,link_title,reply_type,text,users_id,deleted) VALUES (2250,null,null,null,'2024-11-07 23:00:00',null,null,null,null,null,'EVERYONE','Roadmap học SQL: OOP, Spring Data JPA, project. #OOP #OOP',107,false);
INSERT INTO tweets (id,addressed_id,addressed_tweet_id,addressed_username,date_time,link,link_cover,link_cover_size,link_description,link_title,reply_type,text,users_id,deleted) VALUES (2251,null,null,null,'2024-01-31 19:00:00',null,null,null,null,null,'EVERYONE','Deadline đồ án TypeScript còn 4 ngày. #CleanCode #CleanCode',145,false);
INSERT INTO tweets (id,addressed_id,addressed_tweet_id,addressed_username,date_time,link,link_cover,link_cover_size,link_description,link_title,reply_type,text,users_id,deleted) VALUES (2252,null,null,null,'2024-01-21 07:00:00',null,null,null,null,null,'EVERYONE','Câu hỏi ôn thi Java: Big-O. #Java #ontap #Java',128,false);
INSERT INTO tweets (id,addressed_id,addressed_tweet_id,addressed_username,date_time,link,link_cover,link_cover_size,link_description,link_title,reply_type,text,users_id,deleted) VALUES (2253,null,null,null,'2024-02-16 13:00:00',null,null,null,null,null,'MENTION','Lỗi CORS khi deploy Spring Boot — allowedOrigins. #Docker #Docker',118,false);
INSERT INTO tweets (id,addressed_id,addressed_tweet_id,addressed_username,date_time,link,link_cover,link_cover_size,link_description,link_title,reply_type,text,users_id,deleted) VALUES (2254,null,null,null,'2024-09-07 12:00:00',null,null,null,null,null,'EVERYONE','Lỗi NullPointerException khi deploy React — allowedOrigins. #Frontend #Frontend',155,false);
INSERT INTO tweets (id,addressed_id,addressed_tweet_id,addressed_username,date_time,link,link_cover,link_cover_size,link_description,link_title,reply_type,text,users_id,deleted) VALUES (2255,null,null,null,'2024-08-06 07:00:00',null,null,null,null,null,'EVERYONE','Mình vừa hoàn thành bài tập OOP. #SQL #SQL',116,false);
INSERT INTO tweets (id,addressed_id,addressed_tweet_id,addressed_username,date_time,link,link_cover,link_cover_size,link_description,link_title,reply_type,text,users_id,deleted) VALUES (2256,null,null,null,'2024-10-07 11:00:00',null,null,null,null,null,'EVERYONE','Lỗi CORS khi deploy OOP — null-check. #Git #Git',171,false);
INSERT INTO tweets (id,addressed_id,addressed_tweet_id,addressed_username,date_time,link,link_cover,link_cover_size,link_description,link_title,reply_type,text,users_id,deleted) VALUES (2257,null,null,null,'2024-09-02 21:00:00',null,null,null,null,null,'EVERYONE','Mình vừa hoàn thành bài tập Git. #API #API',142,false);
INSERT INTO tweets (id,addressed_id,addressed_tweet_id,addressed_username,date_time,link,link_cover,link_cover_size,link_description,link_title,reply_type,text,users_id,deleted) VALUES (2258,null,null,null,'2024-10-09 21:00:00',null,null,null,null,null,'EVERYONE','Roadmap học React: OOP, Axios, project. #API #API',149,false);
INSERT INTO tweets (id,addressed_id,addressed_tweet_id,addressed_username,date_time,link,link_cover,link_cover_size,link_description,link_title,reply_type,text,users_id,deleted) VALUES (2259,null,null,null,'2024-11-20 20:00:00',null,null,null,null,null,'EVERYONE','Câu hỏi ôn thi Spring Boot: Big-O. #SQL #ontap #SQL',128,false);
INSERT INTO tweets (id,addressed_id,addressed_tweet_id,addressed_username,date_time,link,link_cover,link_cover_size,link_description,link_title,reply_type,text,users_id,deleted) VALUES (2260,null,null,null,'2024-05-27 05:00:00',null,null,null,null,null,'FOLLOW','Roadmap học React: OOP, Spring Data JPA, project. #SQL #SQL',143,false);
INSERT INTO tweets (id,addressed_id,addressed_tweet_id,addressed_username,date_time,link,link_cover,link_cover_size,link_description,link_title,reply_type,text,users_id,deleted) VALUES (2261,null,null,null,'2024-08-13 11:00:00',null,null,null,null,null,'EVERYONE','Deadline đồ án Java còn 2 ngày. #LeetCode #LeetCode',121,false);
INSERT INTO tweets (id,addressed_id,addressed_tweet_id,addressed_username,date_time,link,link_cover,link_cover_size,link_description,link_title,reply_type,text,users_id,deleted) VALUES (2262,null,null,null,'2024-05-25 22:00:00',null,null,null,null,null,'EVERYONE','Mình vừa hoàn thành bài tập REST API. #Docker #Docker',130,false);
INSERT INTO tweets (id,addressed_id,addressed_tweet_id,addressed_username,date_time,link,link_cover,link_cover_size,link_description,link_title,reply_type,text,users_id,deleted) VALUES (2263,null,null,null,'2024-04-15 06:00:00',null,null,null,null,null,'EVERYONE','Tips Java: viết unit test trước khi refactor. #DSA #DSA',161,false);
INSERT INTO tweets (id,addressed_id,addressed_tweet_id,addressed_username,date_time,link,link_cover,link_cover_size,link_description,link_title,reply_type,text,users_id,deleted) VALUES (2264,null,null,null,'2024-03-04 16:00:00',null,null,null,null,null,'EVERYONE','Workshop Spring Boot thứ Sáu phòng lab B. #Frontend #hackathon #Frontend',160,false);
INSERT INTO tweets (id,addressed_id,addressed_tweet_id,addressed_username,date_time,link,link_cover,link_cover_size,link_description,link_title,reply_type,text,users_id,deleted) VALUES (2265,null,null,null,'2024-08-16 01:00:00',null,null,null,null,null,'EVERYONE','Câu hỏi ôn thi Git: dependency injection. #API #ontap #API',133,false);
INSERT INTO tweets (id,addressed_id,addressed_tweet_id,addressed_username,date_time,link,link_cover,link_cover_size,link_description,link_title,reply_type,text,users_id,deleted) VALUES (2266,null,null,null,'2024-04-12 00:00:00',null,null,null,null,null,'EVERYONE','Review code: Axios hay fetch API cho JUnit? #LeetCode #LeetCode',177,false);
INSERT INTO tweets (id,addressed_id,addressed_tweet_id,addressed_username,date_time,link,link_cover,link_cover_size,link_description,link_title,reply_type,text,users_id,deleted) VALUES (2267,null,null,null,'2024-02-13 01:00:00',null,null,null,null,null,'EVERYONE','Deadline đồ án Spring Boot còn 13 ngày. #Backend #Backend',104,false);
INSERT INTO tweets (id,addressed_id,addressed_tweet_id,addressed_username,date_time,link,link_cover,link_cover_size,link_description,link_title,reply_type,text,users_id,deleted) VALUES (2268,null,null,null,'2024-07-08 21:00:00',null,null,null,null,null,'EVERYONE','Review code: Axios hay fetch API cho DSA? #LeetCode #LeetCode',110,false);
INSERT INTO tweets (id,addressed_id,addressed_tweet_id,addressed_username,date_time,link,link_cover,link_cover_size,link_description,link_title,reply_type,text,users_id,deleted) VALUES (2269,null,null,null,'2024-07-12 09:00:00',null,null,null,null,null,'EVERYONE','Câu hỏi ôn thi Java: dependency injection. #Hackathon #ontap #Hackathon',141,false);
INSERT INTO tweets (id,addressed_id,addressed_tweet_id,addressed_username,date_time,link,link_cover,link_cover_size,link_description,link_title,reply_type,text,users_id,deleted) VALUES (2270,null,null,null,'2024-07-14 06:00:00',null,null,null,null,null,'EVERYONE','Tips Git: viết unit test trước khi refactor. #Docker #Docker',112,false);
INSERT INTO tweets (id,addressed_id,addressed_tweet_id,addressed_username,date_time,link,link_cover,link_cover_size,link_description,link_title,reply_type,text,users_id,deleted) VALUES (2271,null,null,null,'2024-01-17 19:00:00',null,null,null,null,null,'EVERYONE','Workshop REST API thứ Sáu phòng lab B. #SQL #hackathon #SQL',104,false);
INSERT INTO tweets (id,addressed_id,addressed_tweet_id,addressed_username,date_time,link,link_cover,link_cover_size,link_description,link_title,reply_type,text,users_id,deleted) VALUES (2272,null,null,null,'2024-11-27 22:00:00',null,null,null,null,null,'FOLLOW','Mình vừa hoàn thành bài tập SQL. #LapTrinh #LapTrinh',134,false);
INSERT INTO tweets (id,addressed_id,addressed_tweet_id,addressed_username,date_time,link,link_cover,link_cover_size,link_description,link_title,reply_type,text,users_id,deleted) VALUES (2273,null,null,null,'2024-11-07 18:00:00',null,null,null,null,null,'EVERYONE','Câu hỏi ôn thi SQL: dependency injection. #DoAn #ontap #DoAn',117,false);
INSERT INTO tweets (id,addressed_id,addressed_tweet_id,addressed_username,date_time,link,link_cover,link_cover_size,link_description,link_title,reply_type,text,users_id,deleted) VALUES (2274,null,null,null,'2024-09-23 09:00:00',null,null,null,null,null,'FOLLOW','Lỗi CORS khi deploy Java — allowedOrigins. #Backend #Backend',170,false);
INSERT INTO tweets (id,addressed_id,addressed_tweet_id,addressed_username,date_time,link,link_cover,link_cover_size,link_description,link_title,reply_type,text,users_id,deleted) VALUES (2275,null,null,null,'2024-11-09 08:00:00',null,null,null,null,null,'EVERYONE','Review code: Spring Data JPA hay JDBC cho Docker? #SQL #SQL',103,false);
INSERT INTO tweets (id,addressed_id,addressed_tweet_id,addressed_username,date_time,link,link_cover,link_cover_size,link_description,link_title,reply_type,text,users_id,deleted) VALUES (2276,null,null,null,'2024-06-15 20:00:00',null,null,null,null,null,'EVERYONE','Lỗi NullPointerException khi deploy Redux — null-check. #Hackathon #Hackathon',125,false);
INSERT INTO tweets (id,addressed_id,addressed_tweet_id,addressed_username,date_time,link,link_cover,link_cover_size,link_description,link_title,reply_type,text,users_id,deleted) VALUES (2277,null,null,null,'2024-01-17 22:00:00',null,null,null,null,null,'EVERYONE','Lỗi CORS khi deploy SQL — null-check. #Frontend #Frontend',122,false);
INSERT INTO tweets (id,addressed_id,addressed_tweet_id,addressed_username,date_time,link,link_cover,link_cover_size,link_description,link_title,reply_type,text,users_id,deleted) VALUES (2278,null,null,null,'2024-11-07 03:00:00',null,null,null,null,null,'EVERYONE','Review code: Axios hay fetch API cho DSA? #OOP #OOP',127,false);
INSERT INTO tweets (id,addressed_id,addressed_tweet_id,addressed_username,date_time,link,link_cover,link_cover_size,link_description,link_title,reply_type,text,users_id,deleted) VALUES (2279,null,null,null,'2024-06-05 16:00:00',null,null,null,null,null,'EVERYONE','Review code: Axios hay fetch API cho Git? #Java #Java',122,false);
INSERT INTO tweets (id,addressed_id,addressed_tweet_id,addressed_username,date_time,link,link_cover,link_cover_size,link_description,link_title,reply_type,text,users_id,deleted) VALUES (2280,null,null,null,'2024-06-13 10:00:00',null,null,null,null,null,'EVERYONE','Roadmap học TypeScript: OOP, Spring Data JPA, project. #DoAn #DoAn',159,false);
INSERT INTO tweets (id,addressed_id,addressed_tweet_id,addressed_username,date_time,link,link_cover,link_cover_size,link_description,link_title,reply_type,text,users_id,deleted) VALUES (2281,null,null,null,'2024-10-01 22:00:00',null,null,null,null,null,'FOLLOW','Workshop Git thứ Sáu phòng lab B. #CNTT #hackathon #CNTT',135,false);
INSERT INTO tweets (id,addressed_id,addressed_tweet_id,addressed_username,date_time,link,link_cover,link_cover_size,link_description,link_title,reply_type,text,users_id,deleted) VALUES (2282,null,null,null,'2024-05-12 12:00:00',null,null,null,null,null,'EVERYONE','Deadline đồ án OOP còn 1 ngày. #CNTT #CNTT',151,false);
INSERT INTO tweets (id,addressed_id,addressed_tweet_id,addressed_username,date_time,link,link_cover,link_cover_size,link_description,link_title,reply_type,text,users_id,deleted) VALUES (2283,null,null,null,'2024-04-10 06:00:00',null,null,null,null,null,'EVERYONE','Review code: Axios hay fetch API cho DSA? #CNTT #CNTT',124,false);
INSERT INTO tweets (id,addressed_id,addressed_tweet_id,addressed_username,date_time,link,link_cover,link_cover_size,link_description,link_title,reply_type,text,users_id,deleted) VALUES (2284,null,null,null,'2024-05-23 12:00:00',null,null,null,null,null,'EVERYONE','Deadline đồ án DSA còn 6 ngày. #Hackathon #Hackathon',116,false);
INSERT INTO tweets (id,addressed_id,addressed_tweet_id,addressed_username,date_time,link,link_cover,link_cover_size,link_description,link_title,reply_type,text,users_id,deleted) VALUES (2285,null,null,null,'2024-06-10 04:00:00',null,null,null,null,null,'FOLLOW','Workshop TypeScript thứ Sáu phòng lab B. #LapTrinh #hackathon #LapTrinh',142,false);
INSERT INTO tweets (id,addressed_id,addressed_tweet_id,addressed_username,date_time,link,link_cover,link_cover_size,link_description,link_title,reply_type,text,users_id,deleted) VALUES (2286,null,null,null,'2024-04-26 23:00:00',null,null,null,null,null,'EVERYONE','Roadmap học JUnit: OOP, Axios, project. #Docker #Docker',172,false);
INSERT INTO tweets (id,addressed_id,addressed_tweet_id,addressed_username,date_time,link,link_cover,link_cover_size,link_description,link_title,reply_type,text,users_id,deleted) VALUES (2287,null,null,null,'2024-08-04 13:00:00',null,null,null,null,null,'EVERYONE','Lỗi CORS khi deploy OOP — null-check. #Git #Git',158,false);
INSERT INTO tweets (id,addressed_id,addressed_tweet_id,addressed_username,date_time,link,link_cover,link_cover_size,link_description,link_title,reply_type,text,users_id,deleted) VALUES (2288,null,null,null,'2024-08-04 05:00:00',null,null,null,null,null,'EVERYONE','Review code: Spring Data JPA hay fetch API cho React? #Hackathon #Hackathon',157,false);
INSERT INTO tweets (id,addressed_id,addressed_tweet_id,addressed_username,date_time,link,link_cover,link_cover_size,link_description,link_title,reply_type,text,users_id,deleted) VALUES (2289,null,null,null,'2024-01-07 02:00:00',null,null,null,null,null,'EVERYONE','Roadmap học Java: OOP, Spring Data JPA, project. #Frontend #Frontend',154,false);
INSERT INTO tweets (id,addressed_id,addressed_tweet_id,addressed_username,date_time,link,link_cover,link_cover_size,link_description,link_title,reply_type,text,users_id,deleted) VALUES (2290,null,null,null,'2024-10-08 04:00:00',null,null,null,null,null,'EVERYONE','Lỗi CORS khi deploy Git — null-check. #OOP #OOP',131,false);
INSERT INTO tweets (id,addressed_id,addressed_tweet_id,addressed_username,date_time,link,link_cover,link_cover_size,link_description,link_title,reply_type,text,users_id,deleted) VALUES (2291,null,null,null,'2024-02-26 06:00:00',null,null,null,null,null,'FOLLOW','Lỗi CORS khi deploy REST API — allowedOrigins. #API #API',137,false);
INSERT INTO tweets (id,addressed_id,addressed_tweet_id,addressed_username,date_time,link,link_cover,link_cover_size,link_description,link_title,reply_type,text,users_id,deleted) VALUES (2292,null,null,null,'2024-05-05 03:00:00',null,null,null,null,null,'EVERYONE','Review code: Spring Data JPA hay JDBC cho Docker? #Java #Java',151,false);
INSERT INTO tweets (id,addressed_id,addressed_tweet_id,addressed_username,date_time,link,link_cover,link_cover_size,link_description,link_title,reply_type,text,users_id,deleted) VALUES (2293,null,null,null,'2024-08-23 10:00:00',null,null,null,null,null,'EVERYONE','Workshop JUnit thứ Sáu phòng lab B. #Internship #hackathon #Internship',104,false);
INSERT INTO tweets (id,addressed_id,addressed_tweet_id,addressed_username,date_time,link,link_cover,link_cover_size,link_description,link_title,reply_type,text,users_id,deleted) VALUES (2294,null,null,null,'2024-05-23 15:00:00',null,null,null,null,null,'EVERYONE','Tips JUnit: viết unit test trước khi refactor. #Internship #Internship',156,false);
INSERT INTO tweets (id,addressed_id,addressed_tweet_id,addressed_username,date_time,link,link_cover,link_cover_size,link_description,link_title,reply_type,text,users_id,deleted) VALUES (2295,null,null,null,'2024-06-18 21:00:00',null,null,null,null,null,'EVERYONE','Deadline đồ án REST API còn 14 ngày. #Hackathon #Hackathon',174,false);
INSERT INTO tweets (id,addressed_id,addressed_tweet_id,addressed_username,date_time,link,link_cover,link_cover_size,link_description,link_title,reply_type,text,users_id,deleted) VALUES (2296,null,null,null,'2024-11-06 17:00:00',null,null,null,null,null,'EVERYONE','Review code: Axios hay fetch API cho SQL? #Hackathon #Hackathon',125,false);
INSERT INTO tweets (id,addressed_id,addressed_tweet_id,addressed_username,date_time,link,link_cover,link_cover_size,link_description,link_title,reply_type,text,users_id,deleted) VALUES (2297,null,null,null,'2024-09-23 01:00:00',null,null,null,null,null,'EVERYONE','Review code: Spring Data JPA hay JDBC cho Java? #CNTT #CNTT',161,false);
INSERT INTO tweets (id,addressed_id,addressed_tweet_id,addressed_username,date_time,link,link_cover,link_cover_size,link_description,link_title,reply_type,text,users_id,deleted) VALUES (2298,null,null,null,'2024-10-25 08:00:00',null,null,null,null,null,'EVERYONE','Review code: Axios hay fetch API cho Redux? #Hackathon #Hackathon',112,false);
INSERT INTO tweets (id,addressed_id,addressed_tweet_id,addressed_username,date_time,link,link_cover,link_cover_size,link_description,link_title,reply_type,text,users_id,deleted) VALUES (2299,null,null,null,'2024-08-14 10:00:00',null,null,null,null,null,'EVERYONE','Lỗi NullPointerException khi deploy REST API — null-check. #LapTrinh #LapTrinh',137,false);
INSERT INTO tweets (id,addressed_id,addressed_tweet_id,addressed_username,date_time,link,link_cover,link_cover_size,link_description,link_title,reply_type,text,users_id,deleted) VALUES (2300,null,null,null,'2024-05-16 19:00:00',null,null,null,null,null,'EVERYONE','Câu hỏi ôn thi TypeScript: dependency injection. #LapTrinh #ontap #LapTrinh',142,false);
INSERT INTO tweets (id,addressed_id,addressed_tweet_id,addressed_username,date_time,link,link_cover,link_cover_size,link_description,link_title,reply_type,text,users_id,deleted) VALUES (2301,null,null,null,'2024-08-25 15:00:00',null,null,null,null,null,'EVERYONE','Roadmap học OOP: OOP, Axios, project. #Hackathon #Hackathon',158,false);
INSERT INTO tweets (id,addressed_id,addressed_tweet_id,addressed_username,date_time,link,link_cover,link_cover_size,link_description,link_title,reply_type,text,users_id,deleted) VALUES (2302,null,null,null,'2024-10-21 10:00:00',null,null,null,null,null,'EVERYONE','Roadmap học TypeScript: OOP, Axios, project. #Docker #Docker',120,false);
INSERT INTO tweets (id,addressed_id,addressed_tweet_id,addressed_username,date_time,link,link_cover,link_cover_size,link_description,link_title,reply_type,text,users_id,deleted) VALUES (2303,null,null,null,'2024-01-05 05:00:00',null,null,null,null,null,'EVERYONE','Câu hỏi ôn thi Spring Boot: Big-O. #Frontend #ontap #Frontend',116,false);
INSERT INTO tweets (id,addressed_id,addressed_tweet_id,addressed_username,date_time,link,link_cover,link_cover_size,link_description,link_title,reply_type,text,users_id,deleted) VALUES (2304,null,null,null,'2024-04-28 00:00:00',null,null,null,null,null,'EVERYONE','Review code: Axios hay JDBC cho DSA? #CleanCode #CleanCode',175,false);
INSERT INTO tweets (id,addressed_id,addressed_tweet_id,addressed_username,date_time,link,link_cover,link_cover_size,link_description,link_title,reply_type,text,users_id,deleted) VALUES (2305,null,null,null,'2024-09-13 11:00:00',null,null,null,null,null,'EVERYONE','Mình vừa hoàn thành bài tập Java. #Git #Git',149,false);
INSERT INTO tweets (id,addressed_id,addressed_tweet_id,addressed_username,date_time,link,link_cover,link_cover_size,link_description,link_title,reply_type,text,users_id,deleted) VALUES (2306,null,null,null,'2024-06-05 16:00:00',null,null,null,null,null,'EVERYONE','Workshop Java thứ Sáu phòng lab B. #CNTT #hackathon #CNTT',130,false);
INSERT INTO tweets (id,addressed_id,addressed_tweet_id,addressed_username,date_time,link,link_cover,link_cover_size,link_description,link_title,reply_type,text,users_id,deleted) VALUES (2307,null,null,null,'2024-05-20 17:00:00',null,null,null,null,null,'EVERYONE','Câu hỏi ôn thi Redux: Big-O. #React #ontap #React',157,false);
INSERT INTO tweets (id,addressed_id,addressed_tweet_id,addressed_username,date_time,link,link_cover,link_cover_size,link_description,link_title,reply_type,text,users_id,deleted) VALUES (2308,null,null,null,'2024-10-05 17:00:00',null,null,null,null,null,'EVERYONE','Workshop JUnit thứ Sáu phòng lab B. #React #hackathon #React',100,false);
INSERT INTO tweets (id,addressed_id,addressed_tweet_id,addressed_username,date_time,link,link_cover,link_cover_size,link_description,link_title,reply_type,text,users_id,deleted) VALUES (2309,null,null,null,'2024-01-01 17:00:00',null,null,null,null,null,'EVERYONE','Câu hỏi ôn thi OOP: dependency injection. #CNTT #ontap #CNTT',158,false);
INSERT INTO tweets (id,addressed_id,addressed_tweet_id,addressed_username,date_time,link,link_cover,link_cover_size,link_description,link_title,reply_type,text,users_id,deleted) VALUES (2310,null,null,null,'2024-02-06 12:00:00',null,null,null,null,null,'EVERYONE','Lỗi CORS khi deploy OOP — null-check. #DevOps #DevOps',137,false);
INSERT INTO tweets (id,addressed_id,addressed_tweet_id,addressed_username,date_time,link,link_cover,link_cover_size,link_description,link_title,reply_type,text,users_id,deleted) VALUES (2311,null,null,null,'2024-01-16 20:00:00',null,null,null,null,null,'FOLLOW','Tips REST API: viết unit test trước khi refactor. #DSA #DSA',125,false);
INSERT INTO tweets (id,addressed_id,addressed_tweet_id,addressed_username,date_time,link,link_cover,link_cover_size,link_description,link_title,reply_type,text,users_id,deleted) VALUES (2312,null,null,null,'2024-10-13 07:00:00',null,null,null,null,null,'EVERYONE','Câu hỏi ôn thi DSA: Big-O. #API #ontap #API',115,false);
INSERT INTO tweets (id,addressed_id,addressed_tweet_id,addressed_username,date_time,link,link_cover,link_cover_size,link_description,link_title,reply_type,text,users_id,deleted) VALUES (2313,null,null,null,'2024-05-22 21:00:00',null,null,null,null,null,'MENTION','Deadline đồ án OOP còn 14 ngày. #SQL #SQL',173,false);
INSERT INTO tweets (id,addressed_id,addressed_tweet_id,addressed_username,date_time,link,link_cover,link_cover_size,link_description,link_title,reply_type,text,users_id,deleted) VALUES (2314,null,null,null,'2024-10-14 18:00:00',null,null,null,null,null,'EVERYONE','Roadmap học SQL: OOP, Axios, project. #Hackathon #Hackathon',131,false);
INSERT INTO tweets (id,addressed_id,addressed_tweet_id,addressed_username,date_time,link,link_cover,link_cover_size,link_description,link_title,reply_type,text,users_id,deleted) VALUES (2315,null,null,null,'2024-08-30 11:00:00',null,null,null,null,null,'EVERYONE','Review code: Axios hay fetch API cho Docker? #DevOps #DevOps',140,false);
INSERT INTO tweets (id,addressed_id,addressed_tweet_id,addressed_username,date_time,link,link_cover,link_cover_size,link_description,link_title,reply_type,text,users_id,deleted) VALUES (2316,null,null,null,'2024-01-09 15:00:00',null,null,null,null,null,'EVERYONE','Câu hỏi ôn thi TypeScript: dependency injection. #DevOps #ontap #DevOps',145,false);
INSERT INTO tweets (id,addressed_id,addressed_tweet_id,addressed_username,date_time,link,link_cover,link_cover_size,link_description,link_title,reply_type,text,users_id,deleted) VALUES (2317,null,null,null,'2024-08-23 17:00:00',null,null,null,null,null,'EVERYONE','Review code: Spring Data JPA hay fetch API cho Git? #SpringBoot #SpringBoot',106,false);
INSERT INTO tweets (id,addressed_id,addressed_tweet_id,addressed_username,date_time,link,link_cover,link_cover_size,link_description,link_title,reply_type,text,users_id,deleted) VALUES (2318,null,null,null,'2024-06-23 09:00:00',null,null,null,null,null,'EVERYONE','Mình vừa hoàn thành bài tập SQL. #DevOps #DevOps',126,false);
INSERT INTO tweets (id,addressed_id,addressed_tweet_id,addressed_username,date_time,link,link_cover,link_cover_size,link_description,link_title,reply_type,text,users_id,deleted) VALUES (2319,null,null,null,'2024-07-30 19:00:00',null,null,null,null,null,'FOLLOW','Roadmap học REST API: OOP, Axios, project. #SpringBoot #SpringBoot',136,false);
INSERT INTO tweets (id,addressed_id,addressed_tweet_id,addressed_username,date_time,link,link_cover,link_cover_size,link_description,link_title,reply_type,text,users_id,deleted) VALUES (2320,null,null,null,'2024-08-21 00:00:00',null,null,null,null,null,'EVERYONE','Lỗi CORS khi deploy TypeScript — allowedOrigins. #OOP #OOP',156,false);
INSERT INTO tweets (id,addressed_id,addressed_tweet_id,addressed_username,date_time,link,link_cover,link_cover_size,link_description,link_title,reply_type,text,users_id,deleted) VALUES (2321,null,null,null,'2024-07-18 08:00:00',null,null,null,null,null,'EVERYONE','Tips REST API: viết unit test trước khi refactor. #Backend #Backend',122,false);
INSERT INTO tweets (id,addressed_id,addressed_tweet_id,addressed_username,date_time,link,link_cover,link_cover_size,link_description,link_title,reply_type,text,users_id,deleted) VALUES (2322,null,null,null,'2024-06-16 10:00:00',null,null,null,null,null,'EVERYONE','Câu hỏi ôn thi OOP: Big-O. #CNTT #ontap #CNTT',100,false);
INSERT INTO tweets (id,addressed_id,addressed_tweet_id,addressed_username,date_time,link,link_cover,link_cover_size,link_description,link_title,reply_type,text,users_id,deleted) VALUES (2323,null,null,null,'2024-02-01 09:00:00',null,null,null,null,null,'EVERYONE','Lỗi NullPointerException khi deploy JUnit — allowedOrigins. #React #React',145,false);
INSERT INTO tweets (id,addressed_id,addressed_tweet_id,addressed_username,date_time,link,link_cover,link_cover_size,link_description,link_title,reply_type,text,users_id,deleted) VALUES (2324,null,null,null,'2024-06-01 02:00:00',null,null,null,null,null,'EVERYONE','Lỗi NullPointerException khi deploy SQL — null-check. #CNTT #CNTT',127,false);
INSERT INTO tweets (id,addressed_id,addressed_tweet_id,addressed_username,date_time,link,link_cover,link_cover_size,link_description,link_title,reply_type,text,users_id,deleted) VALUES (2325,null,null,null,'2024-11-07 01:00:00',null,null,null,null,null,'EVERYONE','Lỗi CORS khi deploy REST API — allowedOrigins. #SpringBoot #SpringBoot',131,false);
INSERT INTO tweets (id,addressed_id,addressed_tweet_id,addressed_username,date_time,link,link_cover,link_cover_size,link_description,link_title,reply_type,text,users_id,deleted) VALUES (2326,null,null,null,'2024-02-27 03:00:00',null,null,null,null,null,'MENTION','Câu hỏi ôn thi Redux: dependency injection. #Backend #ontap #Backend',147,false);
INSERT INTO tweets (id,addressed_id,addressed_tweet_id,addressed_username,date_time,link,link_cover,link_cover_size,link_description,link_title,reply_type,text,users_id,deleted) VALUES (2327,null,null,null,'2024-07-02 13:00:00',null,null,null,null,null,'EVERYONE','Mình vừa hoàn thành bài tập DSA. #DevOps #DevOps',176,false);
INSERT INTO tweets (id,addressed_id,addressed_tweet_id,addressed_username,date_time,link,link_cover,link_cover_size,link_description,link_title,reply_type,text,users_id,deleted) VALUES (2328,null,null,null,'2024-03-01 18:00:00',null,null,null,null,null,'EVERYONE','Deadline đồ án Java còn 8 ngày. #React #React',155,false);
INSERT INTO tweets (id,addressed_id,addressed_tweet_id,addressed_username,date_time,link,link_cover,link_cover_size,link_description,link_title,reply_type,text,users_id,deleted) VALUES (2329,null,null,null,'2024-01-06 18:00:00',null,null,null,null,null,'EVERYONE','Review code: Axios hay fetch API cho Git? #CleanCode #CleanCode',109,false);
INSERT INTO tweets (id,addressed_id,addressed_tweet_id,addressed_username,date_time,link,link_cover,link_cover_size,link_description,link_title,reply_type,text,users_id,deleted) VALUES (2330,null,null,null,'2024-04-08 22:00:00',null,null,null,null,null,'EVERYONE','Mình vừa hoàn thành bài tập DSA. #DevOps #DevOps',115,false);
INSERT INTO tweets (id,addressed_id,addressed_tweet_id,addressed_username,date_time,link,link_cover,link_cover_size,link_description,link_title,reply_type,text,users_id,deleted) VALUES (2331,null,null,null,'2024-02-16 13:00:00',null,null,null,null,null,'EVERYONE','Workshop Redux thứ Sáu phòng lab B. #React #hackathon #React',138,false);
INSERT INTO tweets (id,addressed_id,addressed_tweet_id,addressed_username,date_time,link,link_cover,link_cover_size,link_description,link_title,reply_type,text,users_id,deleted) VALUES (2332,null,null,null,'2024-01-02 17:00:00',null,null,null,null,null,'EVERYONE','Deadline đồ án Git còn 11 ngày. #DoAn #DoAn',177,false);
INSERT INTO tweets (id,addressed_id,addressed_tweet_id,addressed_username,date_time,link,link_cover,link_cover_size,link_description,link_title,reply_type,text,users_id,deleted) VALUES (2333,null,null,null,'2024-03-03 19:00:00',null,null,null,null,null,'EVERYONE','Tips Git: viết unit test trước khi refactor. #DevOps #DevOps',150,false);
INSERT INTO tweets (id,addressed_id,addressed_tweet_id,addressed_username,date_time,link,link_cover,link_cover_size,link_description,link_title,reply_type,text,users_id,deleted) VALUES (2334,null,null,null,'2024-03-26 13:00:00',null,null,null,null,null,'EVERYONE','Tips React: viết unit test trước khi refactor. #DSA #DSA',132,false);
INSERT INTO tweets (id,addressed_id,addressed_tweet_id,addressed_username,date_time,link,link_cover,link_cover_size,link_description,link_title,reply_type,text,users_id,deleted) VALUES (2335,null,null,null,'2024-04-18 11:00:00',null,null,null,null,null,'EVERYONE','Lỗi CORS khi deploy React — null-check. #CNTT #CNTT',170,false);
INSERT INTO tweets (id,addressed_id,addressed_tweet_id,addressed_username,date_time,link,link_cover,link_cover_size,link_description,link_title,reply_type,text,users_id,deleted) VALUES (2336,null,null,null,'2024-04-16 21:00:00',null,null,null,null,null,'EVERYONE','Deadline đồ án TypeScript còn 10 ngày. #DoAn #DoAn',142,false);
INSERT INTO tweets (id,addressed_id,addressed_tweet_id,addressed_username,date_time,link,link_cover,link_cover_size,link_description,link_title,reply_type,text,users_id,deleted) VALUES (2337,null,null,null,'2024-09-21 10:00:00',null,null,null,null,null,'EVERYONE','Workshop SQL thứ Sáu phòng lab B. #LeetCode #hackathon #LeetCode',128,false);
INSERT INTO tweets (id,addressed_id,addressed_tweet_id,addressed_username,date_time,link,link_cover,link_cover_size,link_description,link_title,reply_type,text,users_id,deleted) VALUES (2338,null,null,null,'2024-10-31 12:00:00',null,null,null,null,null,'EVERYONE','Tips Git: viết unit test trước khi refactor. #SQL #SQL',113,false);
INSERT INTO tweets (id,addressed_id,addressed_tweet_id,addressed_username,date_time,link,link_cover,link_cover_size,link_description,link_title,reply_type,text,users_id,deleted) VALUES (2339,null,null,null,'2024-05-13 23:00:00',null,null,null,null,null,'EVERYONE','Roadmap học TypeScript: OOP, Spring Data JPA, project. #Java #Java',172,false);
INSERT INTO tweets (id,addressed_id,addressed_tweet_id,addressed_username,date_time,link,link_cover,link_cover_size,link_description,link_title,reply_type,text,users_id,deleted) VALUES (2340,null,null,null,'2024-10-16 10:00:00',null,null,null,null,null,'MENTION','Câu hỏi ôn thi JUnit: dependency injection. #Git #ontap #Git',137,false);
INSERT INTO tweets (id,addressed_id,addressed_tweet_id,addressed_username,date_time,link,link_cover,link_cover_size,link_description,link_title,reply_type,text,users_id,deleted) VALUES (2341,null,null,null,'2024-03-15 16:00:00',null,null,null,null,null,'EVERYONE','Deadline đồ án Redux còn 3 ngày. #Backend #Backend',121,false);
INSERT INTO tweets (id,addressed_id,addressed_tweet_id,addressed_username,date_time,link,link_cover,link_cover_size,link_description,link_title,reply_type,text,users_id,deleted) VALUES (2342,null,null,null,'2024-11-09 07:00:00',null,null,null,null,null,'EVERYONE','Workshop SQL thứ Sáu phòng lab B. #React #hackathon #React',129,false);
INSERT INTO tweets (id,addressed_id,addressed_tweet_id,addressed_username,date_time,link,link_cover,link_cover_size,link_description,link_title,reply_type,text,users_id,deleted) VALUES (2343,null,null,null,'2024-05-04 16:00:00',null,null,null,null,null,'EVERYONE','Lỗi NullPointerException khi deploy Spring Boot — allowedOrigins. #SpringBoot #SpringBoot',105,false);
INSERT INTO tweets (id,addressed_id,addressed_tweet_id,addressed_username,date_time,link,link_cover,link_cover_size,link_description,link_title,reply_type,text,users_id,deleted) VALUES (2344,null,null,null,'2024-10-29 19:00:00',null,null,null,null,null,'EVERYONE','Workshop REST API thứ Sáu phòng lab B. #Backend #hackathon #Backend',109,false);
INSERT INTO tweets (id,addressed_id,addressed_tweet_id,addressed_username,date_time,link,link_cover,link_cover_size,link_description,link_title,reply_type,text,users_id,deleted) VALUES (2345,null,null,null,'2024-02-23 17:00:00',null,null,null,null,null,'EVERYONE','Câu hỏi ôn thi React: dependency injection. #Git #ontap #Git',172,false);
INSERT INTO tweets (id,addressed_id,addressed_tweet_id,addressed_username,date_time,link,link_cover,link_cover_size,link_description,link_title,reply_type,text,users_id,deleted) VALUES (2346,null,null,null,'2024-07-20 15:00:00',null,null,null,null,null,'EVERYONE','Roadmap học SQL: OOP, Spring Data JPA, project. #OOP #OOP',115,false);
INSERT INTO tweets (id,addressed_id,addressed_tweet_id,addressed_username,date_time,link,link_cover,link_cover_size,link_description,link_title,reply_type,text,users_id,deleted) VALUES (2347,null,null,null,'2024-02-26 18:00:00',null,null,null,null,null,'EVERYONE','Review code: Spring Data JPA hay JDBC cho Java? #Java #Java',152,false);
INSERT INTO tweets (id,addressed_id,addressed_tweet_id,addressed_username,date_time,link,link_cover,link_cover_size,link_description,link_title,reply_type,text,users_id,deleted) VALUES (2348,null,null,null,'2024-07-26 00:00:00',null,null,null,null,null,'MENTION','Roadmap học TypeScript: OOP, Spring Data JPA, project. #Backend #Backend',123,false);
INSERT INTO tweets (id,addressed_id,addressed_tweet_id,addressed_username,date_time,link,link_cover,link_cover_size,link_description,link_title,reply_type,text,users_id,deleted) VALUES (2349,null,null,null,'2024-11-10 19:00:00',null,null,null,null,null,'EVERYONE','Review code: Spring Data JPA hay JDBC cho REST API? #SQL #SQL',161,false);
-- users_tweets
INSERT INTO users_tweets (user_id,tweets_id) VALUES (136,2000);
INSERT INTO users_tweets (user_id,tweets_id) VALUES (113,2001);
INSERT INTO users_tweets (user_id,tweets_id) VALUES (106,2002);
INSERT INTO users_tweets (user_id,tweets_id) VALUES (154,2003);
INSERT INTO users_tweets (user_id,tweets_id) VALUES (146,2004);
INSERT INTO users_tweets (user_id,tweets_id) VALUES (120,2005);
INSERT INTO users_tweets (user_id,tweets_id) VALUES (148,2006);
INSERT INTO users_tweets (user_id,tweets_id) VALUES (151,2007);
INSERT INTO users_tweets (user_id,tweets_id) VALUES (133,2008);
INSERT INTO users_tweets (user_id,tweets_id) VALUES (124,2009);
INSERT INTO users_tweets (user_id,tweets_id) VALUES (142,2010);
INSERT INTO users_tweets (user_id,tweets_id) VALUES (153,2011);
INSERT INTO users_tweets (user_id,tweets_id) VALUES (141,2012);
INSERT INTO users_tweets (user_id,tweets_id) VALUES (142,2013);
INSERT INTO users_tweets (user_id,tweets_id) VALUES (109,2014);
INSERT INTO users_tweets (user_id,tweets_id) VALUES (100,2015);
INSERT INTO users_tweets (user_id,tweets_id) VALUES (175,2016);
INSERT INTO users_tweets (user_id,tweets_id) VALUES (135,2017);
INSERT INTO users_tweets (user_id,tweets_id) VALUES (177,2018);
INSERT INTO users_tweets (user_id,tweets_id) VALUES (159,2019);
INSERT INTO users_tweets (user_id,tweets_id) VALUES (138,2020);
INSERT INTO users_tweets (user_id,tweets_id) VALUES (143,2021);
INSERT INTO users_tweets (user_id,tweets_id) VALUES (123,2022);
INSERT INTO users_tweets (user_id,tweets_id) VALUES (153,2023);
INSERT INTO users_tweets (user_id,tweets_id) VALUES (131,2024);
INSERT INTO users_tweets (user_id,tweets_id) VALUES (147,2025);
INSERT INTO users_tweets (user_id,tweets_id) VALUES (109,2026);
INSERT INTO users_tweets (user_id,tweets_id) VALUES (172,2027);
INSERT INTO users_tweets (user_id,tweets_id) VALUES (122,2028);
INSERT INTO users_tweets (user_id,tweets_id) VALUES (111,2029);
INSERT INTO users_tweets (user_id,tweets_id) VALUES (170,2030);
INSERT INTO users_tweets (user_id,tweets_id) VALUES (170,2031);
INSERT INTO users_tweets (user_id,tweets_id) VALUES (131,2032);
INSERT INTO users_tweets (user_id,tweets_id) VALUES (129,2033);
INSERT INTO users_tweets (user_id,tweets_id) VALUES (175,2034);
INSERT INTO users_tweets (user_id,tweets_id) VALUES (135,2035);
INSERT INTO users_tweets (user_id,tweets_id) VALUES (143,2036);
INSERT INTO users_tweets (user_id,tweets_id) VALUES (106,2037);
INSERT INTO users_tweets (user_id,tweets_id) VALUES (157,2038);
INSERT INTO users_tweets (user_id,tweets_id) VALUES (120,2039);
INSERT INTO users_tweets (user_id,tweets_id) VALUES (136,2040);
INSERT INTO users_tweets (user_id,tweets_id) VALUES (119,2041);
INSERT INTO users_tweets (user_id,tweets_id) VALUES (151,2042);
INSERT INTO users_tweets (user_id,tweets_id) VALUES (102,2043);
INSERT INTO users_tweets (user_id,tweets_id) VALUES (144,2044);
INSERT INTO users_tweets (user_id,tweets_id) VALUES (151,2045);
INSERT INTO users_tweets (user_id,tweets_id) VALUES (100,2046);
INSERT INTO users_tweets (user_id,tweets_id) VALUES (116,2047);
INSERT INTO users_tweets (user_id,tweets_id) VALUES (152,2048);
INSERT INTO users_tweets (user_id,tweets_id) VALUES (160,2049);
INSERT INTO users_tweets (user_id,tweets_id) VALUES (153,2050);
INSERT INTO users_tweets (user_id,tweets_id) VALUES (177,2051);
INSERT INTO users_tweets (user_id,tweets_id) VALUES (160,2052);
INSERT INTO users_tweets (user_id,tweets_id) VALUES (156,2053);
INSERT INTO users_tweets (user_id,tweets_id) VALUES (143,2054);
INSERT INTO users_tweets (user_id,tweets_id) VALUES (136,2055);
INSERT INTO users_tweets (user_id,tweets_id) VALUES (107,2056);
INSERT INTO users_tweets (user_id,tweets_id) VALUES (148,2057);
INSERT INTO users_tweets (user_id,tweets_id) VALUES (159,2058);
INSERT INTO users_tweets (user_id,tweets_id) VALUES (149,2059);
INSERT INTO users_tweets (user_id,tweets_id) VALUES (106,2060);
INSERT INTO users_tweets (user_id,tweets_id) VALUES (105,2061);
INSERT INTO users_tweets (user_id,tweets_id) VALUES (125,2062);
INSERT INTO users_tweets (user_id,tweets_id) VALUES (114,2063);
INSERT INTO users_tweets (user_id,tweets_id) VALUES (115,2064);
INSERT INTO users_tweets (user_id,tweets_id) VALUES (141,2065);
INSERT INTO users_tweets (user_id,tweets_id) VALUES (138,2066);
INSERT INTO users_tweets (user_id,tweets_id) VALUES (119,2067);
INSERT INTO users_tweets (user_id,tweets_id) VALUES (130,2068);
INSERT INTO users_tweets (user_id,tweets_id) VALUES (158,2069);
INSERT INTO users_tweets (user_id,tweets_id) VALUES (108,2070);
INSERT INTO users_tweets (user_id,tweets_id) VALUES (116,2071);
INSERT INTO users_tweets (user_id,tweets_id) VALUES (122,2072);
INSERT INTO users_tweets (user_id,tweets_id) VALUES (113,2073);
INSERT INTO users_tweets (user_id,tweets_id) VALUES (113,2074);
INSERT INTO users_tweets (user_id,tweets_id) VALUES (141,2075);
INSERT INTO users_tweets (user_id,tweets_id) VALUES (152,2076);
INSERT INTO users_tweets (user_id,tweets_id) VALUES (160,2077);
INSERT INTO users_tweets (user_id,tweets_id) VALUES (142,2078);
INSERT INTO users_tweets (user_id,tweets_id) VALUES (127,2079);
INSERT INTO users_tweets (user_id,tweets_id) VALUES (154,2080);
INSERT INTO users_tweets (user_id,tweets_id) VALUES (100,2081);
INSERT INTO users_tweets (user_id,tweets_id) VALUES (148,2082);
INSERT INTO users_tweets (user_id,tweets_id) VALUES (106,2083);
INSERT INTO users_tweets (user_id,tweets_id) VALUES (114,2084);
INSERT INTO users_tweets (user_id,tweets_id) VALUES (126,2085);
INSERT INTO users_tweets (user_id,tweets_id) VALUES (122,2086);
INSERT INTO users_tweets (user_id,tweets_id) VALUES (109,2087);
INSERT INTO users_tweets (user_id,tweets_id) VALUES (158,2088);
INSERT INTO users_tweets (user_id,tweets_id) VALUES (143,2089);
INSERT INTO users_tweets (user_id,tweets_id) VALUES (132,2090);
INSERT INTO users_tweets (user_id,tweets_id) VALUES (141,2091);
INSERT INTO users_tweets (user_id,tweets_id) VALUES (139,2092);
INSERT INTO users_tweets (user_id,tweets_id) VALUES (105,2093);
INSERT INTO users_tweets (user_id,tweets_id) VALUES (143,2094);
INSERT INTO users_tweets (user_id,tweets_id) VALUES (152,2095);
INSERT INTO users_tweets (user_id,tweets_id) VALUES (119,2096);
INSERT INTO users_tweets (user_id,tweets_id) VALUES (110,2097);
INSERT INTO users_tweets (user_id,tweets_id) VALUES (123,2098);
INSERT INTO users_tweets (user_id,tweets_id) VALUES (172,2099);
INSERT INTO users_tweets (user_id,tweets_id) VALUES (121,2100);
INSERT INTO users_tweets (user_id,tweets_id) VALUES (160,2101);
INSERT INTO users_tweets (user_id,tweets_id) VALUES (125,2102);
INSERT INTO users_tweets (user_id,tweets_id) VALUES (134,2103);
INSERT INTO users_tweets (user_id,tweets_id) VALUES (147,2104);
INSERT INTO users_tweets (user_id,tweets_id) VALUES (104,2105);
INSERT INTO users_tweets (user_id,tweets_id) VALUES (119,2106);
INSERT INTO users_tweets (user_id,tweets_id) VALUES (158,2107);
INSERT INTO users_tweets (user_id,tweets_id) VALUES (130,2108);
INSERT INTO users_tweets (user_id,tweets_id) VALUES (149,2109);
INSERT INTO users_tweets (user_id,tweets_id) VALUES (142,2110);
INSERT INTO users_tweets (user_id,tweets_id) VALUES (158,2111);
INSERT INTO users_tweets (user_id,tweets_id) VALUES (132,2112);
INSERT INTO users_tweets (user_id,tweets_id) VALUES (156,2113);
INSERT INTO users_tweets (user_id,tweets_id) VALUES (123,2114);
INSERT INTO users_tweets (user_id,tweets_id) VALUES (121,2115);
INSERT INTO users_tweets (user_id,tweets_id) VALUES (146,2116);
INSERT INTO users_tweets (user_id,tweets_id) VALUES (146,2117);
INSERT INTO users_tweets (user_id,tweets_id) VALUES (146,2118);
INSERT INTO users_tweets (user_id,tweets_id) VALUES (115,2119);
INSERT INTO users_tweets (user_id,tweets_id) VALUES (157,2120);
INSERT INTO users_tweets (user_id,tweets_id) VALUES (122,2121);
INSERT INTO users_tweets (user_id,tweets_id) VALUES (159,2122);
INSERT INTO users_tweets (user_id,tweets_id) VALUES (109,2123);
INSERT INTO users_tweets (user_id,tweets_id) VALUES (155,2124);
INSERT INTO users_tweets (user_id,tweets_id) VALUES (144,2125);
INSERT INTO users_tweets (user_id,tweets_id) VALUES (119,2126);
INSERT INTO users_tweets (user_id,tweets_id) VALUES (103,2127);
INSERT INTO users_tweets (user_id,tweets_id) VALUES (120,2128);
INSERT INTO users_tweets (user_id,tweets_id) VALUES (144,2129);
INSERT INTO users_tweets (user_id,tweets_id) VALUES (118,2130);
INSERT INTO users_tweets (user_id,tweets_id) VALUES (171,2131);
INSERT INTO users_tweets (user_id,tweets_id) VALUES (145,2132);
INSERT INTO users_tweets (user_id,tweets_id) VALUES (146,2133);
INSERT INTO users_tweets (user_id,tweets_id) VALUES (135,2134);
INSERT INTO users_tweets (user_id,tweets_id) VALUES (172,2135);
INSERT INTO users_tweets (user_id,tweets_id) VALUES (140,2136);
INSERT INTO users_tweets (user_id,tweets_id) VALUES (142,2137);
INSERT INTO users_tweets (user_id,tweets_id) VALUES (175,2138);
INSERT INTO users_tweets (user_id,tweets_id) VALUES (152,2139);
INSERT INTO users_tweets (user_id,tweets_id) VALUES (148,2140);
INSERT INTO users_tweets (user_id,tweets_id) VALUES (138,2141);
INSERT INTO users_tweets (user_id,tweets_id) VALUES (135,2142);
INSERT INTO users_tweets (user_id,tweets_id) VALUES (110,2143);
INSERT INTO users_tweets (user_id,tweets_id) VALUES (130,2144);
INSERT INTO users_tweets (user_id,tweets_id) VALUES (112,2145);
INSERT INTO users_tweets (user_id,tweets_id) VALUES (107,2146);
INSERT INTO users_tweets (user_id,tweets_id) VALUES (171,2147);
INSERT INTO users_tweets (user_id,tweets_id) VALUES (171,2148);
INSERT INTO users_tweets (user_id,tweets_id) VALUES (143,2149);
INSERT INTO users_tweets (user_id,tweets_id) VALUES (117,2150);
INSERT INTO users_tweets (user_id,tweets_id) VALUES (101,2151);
INSERT INTO users_tweets (user_id,tweets_id) VALUES (139,2152);
INSERT INTO users_tweets (user_id,tweets_id) VALUES (147,2153);
INSERT INTO users_tweets (user_id,tweets_id) VALUES (114,2154);
INSERT INTO users_tweets (user_id,tweets_id) VALUES (170,2155);
INSERT INTO users_tweets (user_id,tweets_id) VALUES (102,2156);
INSERT INTO users_tweets (user_id,tweets_id) VALUES (107,2157);
INSERT INTO users_tweets (user_id,tweets_id) VALUES (148,2158);
INSERT INTO users_tweets (user_id,tweets_id) VALUES (128,2159);
INSERT INTO users_tweets (user_id,tweets_id) VALUES (124,2160);
INSERT INTO users_tweets (user_id,tweets_id) VALUES (106,2161);
INSERT INTO users_tweets (user_id,tweets_id) VALUES (140,2162);
INSERT INTO users_tweets (user_id,tweets_id) VALUES (122,2163);
INSERT INTO users_tweets (user_id,tweets_id) VALUES (176,2164);
INSERT INTO users_tweets (user_id,tweets_id) VALUES (149,2165);
INSERT INTO users_tweets (user_id,tweets_id) VALUES (105,2166);
INSERT INTO users_tweets (user_id,tweets_id) VALUES (127,2167);
INSERT INTO users_tweets (user_id,tweets_id) VALUES (136,2168);
INSERT INTO users_tweets (user_id,tweets_id) VALUES (160,2169);
INSERT INTO users_tweets (user_id,tweets_id) VALUES (153,2170);
INSERT INTO users_tweets (user_id,tweets_id) VALUES (170,2171);
INSERT INTO users_tweets (user_id,tweets_id) VALUES (107,2172);
INSERT INTO users_tweets (user_id,tweets_id) VALUES (101,2173);
INSERT INTO users_tweets (user_id,tweets_id) VALUES (135,2174);
INSERT INTO users_tweets (user_id,tweets_id) VALUES (175,2175);
INSERT INTO users_tweets (user_id,tweets_id) VALUES (128,2176);
INSERT INTO users_tweets (user_id,tweets_id) VALUES (101,2177);
INSERT INTO users_tweets (user_id,tweets_id) VALUES (160,2178);
INSERT INTO users_tweets (user_id,tweets_id) VALUES (118,2179);
INSERT INTO users_tweets (user_id,tweets_id) VALUES (110,2180);
INSERT INTO users_tweets (user_id,tweets_id) VALUES (103,2181);
INSERT INTO users_tweets (user_id,tweets_id) VALUES (137,2182);
INSERT INTO users_tweets (user_id,tweets_id) VALUES (100,2183);
INSERT INTO users_tweets (user_id,tweets_id) VALUES (173,2184);
INSERT INTO users_tweets (user_id,tweets_id) VALUES (110,2185);
INSERT INTO users_tweets (user_id,tweets_id) VALUES (118,2186);
INSERT INTO users_tweets (user_id,tweets_id) VALUES (171,2187);
INSERT INTO users_tweets (user_id,tweets_id) VALUES (156,2188);
INSERT INTO users_tweets (user_id,tweets_id) VALUES (150,2189);
INSERT INTO users_tweets (user_id,tweets_id) VALUES (146,2190);
INSERT INTO users_tweets (user_id,tweets_id) VALUES (108,2191);
INSERT INTO users_tweets (user_id,tweets_id) VALUES (157,2192);
INSERT INTO users_tweets (user_id,tweets_id) VALUES (145,2193);
INSERT INTO users_tweets (user_id,tweets_id) VALUES (173,2194);
INSERT INTO users_tweets (user_id,tweets_id) VALUES (153,2195);
INSERT INTO users_tweets (user_id,tweets_id) VALUES (160,2196);
INSERT INTO users_tweets (user_id,tweets_id) VALUES (102,2197);
INSERT INTO users_tweets (user_id,tweets_id) VALUES (159,2198);
INSERT INTO users_tweets (user_id,tweets_id) VALUES (149,2199);
INSERT INTO users_tweets (user_id,tweets_id) VALUES (133,2200);
INSERT INTO users_tweets (user_id,tweets_id) VALUES (138,2201);
INSERT INTO users_tweets (user_id,tweets_id) VALUES (118,2202);
INSERT INTO users_tweets (user_id,tweets_id) VALUES (122,2203);
INSERT INTO users_tweets (user_id,tweets_id) VALUES (101,2204);
INSERT INTO users_tweets (user_id,tweets_id) VALUES (170,2205);
INSERT INTO users_tweets (user_id,tweets_id) VALUES (158,2206);
INSERT INTO users_tweets (user_id,tweets_id) VALUES (177,2207);
INSERT INTO users_tweets (user_id,tweets_id) VALUES (111,2208);
INSERT INTO users_tweets (user_id,tweets_id) VALUES (107,2209);
INSERT INTO users_tweets (user_id,tweets_id) VALUES (112,2210);
INSERT INTO users_tweets (user_id,tweets_id) VALUES (150,2211);
INSERT INTO users_tweets (user_id,tweets_id) VALUES (111,2212);
INSERT INTO users_tweets (user_id,tweets_id) VALUES (145,2213);
INSERT INTO users_tweets (user_id,tweets_id) VALUES (116,2214);
INSERT INTO users_tweets (user_id,tweets_id) VALUES (120,2215);
INSERT INTO users_tweets (user_id,tweets_id) VALUES (132,2216);
INSERT INTO users_tweets (user_id,tweets_id) VALUES (112,2217);
INSERT INTO users_tweets (user_id,tweets_id) VALUES (115,2218);
INSERT INTO users_tweets (user_id,tweets_id) VALUES (138,2219);
INSERT INTO users_tweets (user_id,tweets_id) VALUES (119,2220);
INSERT INTO users_tweets (user_id,tweets_id) VALUES (117,2221);
INSERT INTO users_tweets (user_id,tweets_id) VALUES (124,2222);
INSERT INTO users_tweets (user_id,tweets_id) VALUES (109,2223);
INSERT INTO users_tweets (user_id,tweets_id) VALUES (109,2224);
INSERT INTO users_tweets (user_id,tweets_id) VALUES (153,2225);
INSERT INTO users_tweets (user_id,tweets_id) VALUES (119,2226);
INSERT INTO users_tweets (user_id,tweets_id) VALUES (155,2227);
INSERT INTO users_tweets (user_id,tweets_id) VALUES (101,2228);
INSERT INTO users_tweets (user_id,tweets_id) VALUES (103,2229);
INSERT INTO users_tweets (user_id,tweets_id) VALUES (171,2230);
INSERT INTO users_tweets (user_id,tweets_id) VALUES (101,2231);
INSERT INTO users_tweets (user_id,tweets_id) VALUES (153,2232);
INSERT INTO users_tweets (user_id,tweets_id) VALUES (105,2233);
INSERT INTO users_tweets (user_id,tweets_id) VALUES (137,2234);
INSERT INTO users_tweets (user_id,tweets_id) VALUES (131,2235);
INSERT INTO users_tweets (user_id,tweets_id) VALUES (139,2236);
INSERT INTO users_tweets (user_id,tweets_id) VALUES (129,2237);
INSERT INTO users_tweets (user_id,tweets_id) VALUES (107,2238);
INSERT INTO users_tweets (user_id,tweets_id) VALUES (109,2239);
INSERT INTO users_tweets (user_id,tweets_id) VALUES (176,2240);
INSERT INTO users_tweets (user_id,tweets_id) VALUES (105,2241);
INSERT INTO users_tweets (user_id,tweets_id) VALUES (122,2242);
INSERT INTO users_tweets (user_id,tweets_id) VALUES (128,2243);
INSERT INTO users_tweets (user_id,tweets_id) VALUES (156,2244);
INSERT INTO users_tweets (user_id,tweets_id) VALUES (171,2245);
INSERT INTO users_tweets (user_id,tweets_id) VALUES (119,2246);
INSERT INTO users_tweets (user_id,tweets_id) VALUES (153,2247);
INSERT INTO users_tweets (user_id,tweets_id) VALUES (172,2248);
INSERT INTO users_tweets (user_id,tweets_id) VALUES (160,2249);
INSERT INTO users_tweets (user_id,tweets_id) VALUES (107,2250);
INSERT INTO users_tweets (user_id,tweets_id) VALUES (145,2251);
INSERT INTO users_tweets (user_id,tweets_id) VALUES (128,2252);
INSERT INTO users_tweets (user_id,tweets_id) VALUES (118,2253);
INSERT INTO users_tweets (user_id,tweets_id) VALUES (155,2254);
INSERT INTO users_tweets (user_id,tweets_id) VALUES (116,2255);
INSERT INTO users_tweets (user_id,tweets_id) VALUES (171,2256);
INSERT INTO users_tweets (user_id,tweets_id) VALUES (142,2257);
INSERT INTO users_tweets (user_id,tweets_id) VALUES (149,2258);
INSERT INTO users_tweets (user_id,tweets_id) VALUES (128,2259);
INSERT INTO users_tweets (user_id,tweets_id) VALUES (143,2260);
INSERT INTO users_tweets (user_id,tweets_id) VALUES (121,2261);
INSERT INTO users_tweets (user_id,tweets_id) VALUES (130,2262);
INSERT INTO users_tweets (user_id,tweets_id) VALUES (161,2263);
INSERT INTO users_tweets (user_id,tweets_id) VALUES (160,2264);
INSERT INTO users_tweets (user_id,tweets_id) VALUES (133,2265);
INSERT INTO users_tweets (user_id,tweets_id) VALUES (177,2266);
INSERT INTO users_tweets (user_id,tweets_id) VALUES (104,2267);
INSERT INTO users_tweets (user_id,tweets_id) VALUES (110,2268);
INSERT INTO users_tweets (user_id,tweets_id) VALUES (141,2269);
INSERT INTO users_tweets (user_id,tweets_id) VALUES (112,2270);
INSERT INTO users_tweets (user_id,tweets_id) VALUES (104,2271);
INSERT INTO users_tweets (user_id,tweets_id) VALUES (134,2272);
INSERT INTO users_tweets (user_id,tweets_id) VALUES (117,2273);
INSERT INTO users_tweets (user_id,tweets_id) VALUES (170,2274);
INSERT INTO users_tweets (user_id,tweets_id) VALUES (103,2275);
INSERT INTO users_tweets (user_id,tweets_id) VALUES (125,2276);
INSERT INTO users_tweets (user_id,tweets_id) VALUES (122,2277);
INSERT INTO users_tweets (user_id,tweets_id) VALUES (127,2278);
INSERT INTO users_tweets (user_id,tweets_id) VALUES (122,2279);
INSERT INTO users_tweets (user_id,tweets_id) VALUES (159,2280);
INSERT INTO users_tweets (user_id,tweets_id) VALUES (135,2281);
INSERT INTO users_tweets (user_id,tweets_id) VALUES (151,2282);
INSERT INTO users_tweets (user_id,tweets_id) VALUES (124,2283);
INSERT INTO users_tweets (user_id,tweets_id) VALUES (116,2284);
INSERT INTO users_tweets (user_id,tweets_id) VALUES (142,2285);
INSERT INTO users_tweets (user_id,tweets_id) VALUES (172,2286);
INSERT INTO users_tweets (user_id,tweets_id) VALUES (158,2287);
INSERT INTO users_tweets (user_id,tweets_id) VALUES (157,2288);
INSERT INTO users_tweets (user_id,tweets_id) VALUES (154,2289);
INSERT INTO users_tweets (user_id,tweets_id) VALUES (131,2290);
INSERT INTO users_tweets (user_id,tweets_id) VALUES (137,2291);
INSERT INTO users_tweets (user_id,tweets_id) VALUES (151,2292);
INSERT INTO users_tweets (user_id,tweets_id) VALUES (104,2293);
INSERT INTO users_tweets (user_id,tweets_id) VALUES (156,2294);
INSERT INTO users_tweets (user_id,tweets_id) VALUES (174,2295);
INSERT INTO users_tweets (user_id,tweets_id) VALUES (125,2296);
INSERT INTO users_tweets (user_id,tweets_id) VALUES (161,2297);
INSERT INTO users_tweets (user_id,tweets_id) VALUES (112,2298);
INSERT INTO users_tweets (user_id,tweets_id) VALUES (137,2299);
INSERT INTO users_tweets (user_id,tweets_id) VALUES (142,2300);
INSERT INTO users_tweets (user_id,tweets_id) VALUES (158,2301);
INSERT INTO users_tweets (user_id,tweets_id) VALUES (120,2302);
INSERT INTO users_tweets (user_id,tweets_id) VALUES (116,2303);
INSERT INTO users_tweets (user_id,tweets_id) VALUES (175,2304);
INSERT INTO users_tweets (user_id,tweets_id) VALUES (149,2305);
INSERT INTO users_tweets (user_id,tweets_id) VALUES (130,2306);
INSERT INTO users_tweets (user_id,tweets_id) VALUES (157,2307);
INSERT INTO users_tweets (user_id,tweets_id) VALUES (100,2308);
INSERT INTO users_tweets (user_id,tweets_id) VALUES (158,2309);
INSERT INTO users_tweets (user_id,tweets_id) VALUES (137,2310);
INSERT INTO users_tweets (user_id,tweets_id) VALUES (125,2311);
INSERT INTO users_tweets (user_id,tweets_id) VALUES (115,2312);
INSERT INTO users_tweets (user_id,tweets_id) VALUES (173,2313);
INSERT INTO users_tweets (user_id,tweets_id) VALUES (131,2314);
INSERT INTO users_tweets (user_id,tweets_id) VALUES (140,2315);
INSERT INTO users_tweets (user_id,tweets_id) VALUES (145,2316);
INSERT INTO users_tweets (user_id,tweets_id) VALUES (106,2317);
INSERT INTO users_tweets (user_id,tweets_id) VALUES (126,2318);
INSERT INTO users_tweets (user_id,tweets_id) VALUES (136,2319);
INSERT INTO users_tweets (user_id,tweets_id) VALUES (156,2320);
INSERT INTO users_tweets (user_id,tweets_id) VALUES (122,2321);
INSERT INTO users_tweets (user_id,tweets_id) VALUES (100,2322);
INSERT INTO users_tweets (user_id,tweets_id) VALUES (145,2323);
INSERT INTO users_tweets (user_id,tweets_id) VALUES (127,2324);
INSERT INTO users_tweets (user_id,tweets_id) VALUES (131,2325);
INSERT INTO users_tweets (user_id,tweets_id) VALUES (147,2326);
INSERT INTO users_tweets (user_id,tweets_id) VALUES (176,2327);
INSERT INTO users_tweets (user_id,tweets_id) VALUES (155,2328);
INSERT INTO users_tweets (user_id,tweets_id) VALUES (109,2329);
INSERT INTO users_tweets (user_id,tweets_id) VALUES (115,2330);
INSERT INTO users_tweets (user_id,tweets_id) VALUES (138,2331);
INSERT INTO users_tweets (user_id,tweets_id) VALUES (177,2332);
INSERT INTO users_tweets (user_id,tweets_id) VALUES (150,2333);
INSERT INTO users_tweets (user_id,tweets_id) VALUES (132,2334);
INSERT INTO users_tweets (user_id,tweets_id) VALUES (170,2335);
INSERT INTO users_tweets (user_id,tweets_id) VALUES (142,2336);
INSERT INTO users_tweets (user_id,tweets_id) VALUES (128,2337);
INSERT INTO users_tweets (user_id,tweets_id) VALUES (113,2338);
INSERT INTO users_tweets (user_id,tweets_id) VALUES (172,2339);
INSERT INTO users_tweets (user_id,tweets_id) VALUES (137,2340);
INSERT INTO users_tweets (user_id,tweets_id) VALUES (121,2341);
INSERT INTO users_tweets (user_id,tweets_id) VALUES (129,2342);
INSERT INTO users_tweets (user_id,tweets_id) VALUES (105,2343);
INSERT INTO users_tweets (user_id,tweets_id) VALUES (109,2344);
INSERT INTO users_tweets (user_id,tweets_id) VALUES (172,2345);
INSERT INTO users_tweets (user_id,tweets_id) VALUES (115,2346);
INSERT INTO users_tweets (user_id,tweets_id) VALUES (152,2347);
INSERT INTO users_tweets (user_id,tweets_id) VALUES (123,2348);
INSERT INTO users_tweets (user_id,tweets_id) VALUES (161,2349);
-- tweets_tags
INSERT INTO tweets_tags (tags_id,tweets_id) VALUES (104,2000);
INSERT INTO tweets_tags (tags_id,tweets_id) VALUES (100,2000);
INSERT INTO tweets_tags (tags_id,tweets_id) VALUES (102,2001);
INSERT INTO tweets_tags (tags_id,tweets_id) VALUES (103,2002);
INSERT INTO tweets_tags (tags_id,tweets_id) VALUES (102,2003);
INSERT INTO tweets_tags (tags_id,tweets_id) VALUES (117,2004);
INSERT INTO tweets_tags (tags_id,tweets_id) VALUES (104,2005);
INSERT INTO tweets_tags (tags_id,tweets_id) VALUES (117,2006);
INSERT INTO tweets_tags (tags_id,tweets_id) VALUES (100,2006);
INSERT INTO tweets_tags (tags_id,tweets_id) VALUES (101,2007);
INSERT INTO tweets_tags (tags_id,tweets_id) VALUES (107,2007);
INSERT INTO tweets_tags (tags_id,tweets_id) VALUES (104,2008);
INSERT INTO tweets_tags (tags_id,tweets_id) VALUES (107,2008);
INSERT INTO tweets_tags (tags_id,tweets_id) VALUES (106,2009);
INSERT INTO tweets_tags (tags_id,tweets_id) VALUES (101,2010);
INSERT INTO tweets_tags (tags_id,tweets_id) VALUES (105,2011);
INSERT INTO tweets_tags (tags_id,tweets_id) VALUES (110,2012);
INSERT INTO tweets_tags (tags_id,tweets_id) VALUES (100,2012);
INSERT INTO tweets_tags (tags_id,tweets_id) VALUES (103,2013);
INSERT INTO tweets_tags (tags_id,tweets_id) VALUES (110,2014);
INSERT INTO tweets_tags (tags_id,tweets_id) VALUES (113,2015);
INSERT INTO tweets_tags (tags_id,tweets_id) VALUES (102,2016);
INSERT INTO tweets_tags (tags_id,tweets_id) VALUES (108,2017);
INSERT INTO tweets_tags (tags_id,tweets_id) VALUES (100,2017);
INSERT INTO tweets_tags (tags_id,tweets_id) VALUES (103,2018);
INSERT INTO tweets_tags (tags_id,tweets_id) VALUES (115,2019);
INSERT INTO tweets_tags (tags_id,tweets_id) VALUES (105,2020);
INSERT INTO tweets_tags (tags_id,tweets_id) VALUES (105,2021);
INSERT INTO tweets_tags (tags_id,tweets_id) VALUES (117,2022);
INSERT INTO tweets_tags (tags_id,tweets_id) VALUES (107,2022);
INSERT INTO tweets_tags (tags_id,tweets_id) VALUES (106,2023);
INSERT INTO tweets_tags (tags_id,tweets_id) VALUES (116,2024);
INSERT INTO tweets_tags (tags_id,tweets_id) VALUES (104,2025);
INSERT INTO tweets_tags (tags_id,tweets_id) VALUES (118,2026);
INSERT INTO tweets_tags (tags_id,tweets_id) VALUES (101,2027);
INSERT INTO tweets_tags (tags_id,tweets_id) VALUES (108,2028);
INSERT INTO tweets_tags (tags_id,tweets_id) VALUES (107,2028);
INSERT INTO tweets_tags (tags_id,tweets_id) VALUES (106,2029);
INSERT INTO tweets_tags (tags_id,tweets_id) VALUES (100,2029);
INSERT INTO tweets_tags (tags_id,tweets_id) VALUES (116,2030);
INSERT INTO tweets_tags (tags_id,tweets_id) VALUES (102,2031);
INSERT INTO tweets_tags (tags_id,tweets_id) VALUES (111,2032);
INSERT INTO tweets_tags (tags_id,tweets_id) VALUES (113,2033);
INSERT INTO tweets_tags (tags_id,tweets_id) VALUES (111,2034);
INSERT INTO tweets_tags (tags_id,tweets_id) VALUES (117,2035);
INSERT INTO tweets_tags (tags_id,tweets_id) VALUES (104,2036);
INSERT INTO tweets_tags (tags_id,tweets_id) VALUES (112,2037);
INSERT INTO tweets_tags (tags_id,tweets_id) VALUES (110,2038);
INSERT INTO tweets_tags (tags_id,tweets_id) VALUES (107,2038);
INSERT INTO tweets_tags (tags_id,tweets_id) VALUES (109,2039);
INSERT INTO tweets_tags (tags_id,tweets_id) VALUES (111,2040);
INSERT INTO tweets_tags (tags_id,tweets_id) VALUES (100,2040);
INSERT INTO tweets_tags (tags_id,tweets_id) VALUES (106,2041);
INSERT INTO tweets_tags (tags_id,tweets_id) VALUES (106,2042);
INSERT INTO tweets_tags (tags_id,tweets_id) VALUES (100,2042);
INSERT INTO tweets_tags (tags_id,tweets_id) VALUES (106,2043);
INSERT INTO tweets_tags (tags_id,tweets_id) VALUES (115,2044);
INSERT INTO tweets_tags (tags_id,tweets_id) VALUES (102,2045);
INSERT INTO tweets_tags (tags_id,tweets_id) VALUES (102,2046);
INSERT INTO tweets_tags (tags_id,tweets_id) VALUES (100,2046);
INSERT INTO tweets_tags (tags_id,tweets_id) VALUES (111,2047);
INSERT INTO tweets_tags (tags_id,tweets_id) VALUES (100,2047);
INSERT INTO tweets_tags (tags_id,tweets_id) VALUES (103,2048);
INSERT INTO tweets_tags (tags_id,tweets_id) VALUES (109,2049);
INSERT INTO tweets_tags (tags_id,tweets_id) VALUES (100,2049);
INSERT INTO tweets_tags (tags_id,tweets_id) VALUES (101,2050);
INSERT INTO tweets_tags (tags_id,tweets_id) VALUES (107,2050);
INSERT INTO tweets_tags (tags_id,tweets_id) VALUES (105,2051);
INSERT INTO tweets_tags (tags_id,tweets_id) VALUES (100,2051);
INSERT INTO tweets_tags (tags_id,tweets_id) VALUES (105,2052);
INSERT INTO tweets_tags (tags_id,tweets_id) VALUES (113,2053);
INSERT INTO tweets_tags (tags_id,tweets_id) VALUES (100,2053);
INSERT INTO tweets_tags (tags_id,tweets_id) VALUES (105,2054);
INSERT INTO tweets_tags (tags_id,tweets_id) VALUES (109,2055);
INSERT INTO tweets_tags (tags_id,tweets_id) VALUES (111,2056);
INSERT INTO tweets_tags (tags_id,tweets_id) VALUES (109,2057);
INSERT INTO tweets_tags (tags_id,tweets_id) VALUES (100,2057);
INSERT INTO tweets_tags (tags_id,tweets_id) VALUES (111,2058);
INSERT INTO tweets_tags (tags_id,tweets_id) VALUES (114,2059);
INSERT INTO tweets_tags (tags_id,tweets_id) VALUES (114,2060);
INSERT INTO tweets_tags (tags_id,tweets_id) VALUES (107,2060);
INSERT INTO tweets_tags (tags_id,tweets_id) VALUES (111,2061);
INSERT INTO tweets_tags (tags_id,tweets_id) VALUES (100,2061);
INSERT INTO tweets_tags (tags_id,tweets_id) VALUES (112,2062);
INSERT INTO tweets_tags (tags_id,tweets_id) VALUES (110,2063);
INSERT INTO tweets_tags (tags_id,tweets_id) VALUES (110,2064);
INSERT INTO tweets_tags (tags_id,tweets_id) VALUES (109,2065);
INSERT INTO tweets_tags (tags_id,tweets_id) VALUES (114,2066);
INSERT INTO tweets_tags (tags_id,tweets_id) VALUES (115,2067);
INSERT INTO tweets_tags (tags_id,tweets_id) VALUES (119,2068);
INSERT INTO tweets_tags (tags_id,tweets_id) VALUES (103,2069);
INSERT INTO tweets_tags (tags_id,tweets_id) VALUES (102,2070);
INSERT INTO tweets_tags (tags_id,tweets_id) VALUES (102,2071);
INSERT INTO tweets_tags (tags_id,tweets_id) VALUES (107,2071);
INSERT INTO tweets_tags (tags_id,tweets_id) VALUES (106,2072);
INSERT INTO tweets_tags (tags_id,tweets_id) VALUES (110,2073);
INSERT INTO tweets_tags (tags_id,tweets_id) VALUES (114,2074);
INSERT INTO tweets_tags (tags_id,tweets_id) VALUES (100,2074);
INSERT INTO tweets_tags (tags_id,tweets_id) VALUES (105,2075);
INSERT INTO tweets_tags (tags_id,tweets_id) VALUES (107,2075);
INSERT INTO tweets_tags (tags_id,tweets_id) VALUES (101,2076);
INSERT INTO tweets_tags (tags_id,tweets_id) VALUES (100,2076);
INSERT INTO tweets_tags (tags_id,tweets_id) VALUES (103,2077);
INSERT INTO tweets_tags (tags_id,tweets_id) VALUES (113,2078);
INSERT INTO tweets_tags (tags_id,tweets_id) VALUES (112,2079);
INSERT INTO tweets_tags (tags_id,tweets_id) VALUES (100,2079);
INSERT INTO tweets_tags (tags_id,tweets_id) VALUES (102,2080);
INSERT INTO tweets_tags (tags_id,tweets_id) VALUES (104,2081);
INSERT INTO tweets_tags (tags_id,tweets_id) VALUES (115,2082);
INSERT INTO tweets_tags (tags_id,tweets_id) VALUES (100,2082);
INSERT INTO tweets_tags (tags_id,tweets_id) VALUES (103,2083);
INSERT INTO tweets_tags (tags_id,tweets_id) VALUES (107,2083);
INSERT INTO tweets_tags (tags_id,tweets_id) VALUES (119,2084);
INSERT INTO tweets_tags (tags_id,tweets_id) VALUES (111,2085);
INSERT INTO tweets_tags (tags_id,tweets_id) VALUES (112,2086);
INSERT INTO tweets_tags (tags_id,tweets_id) VALUES (101,2087);
INSERT INTO tweets_tags (tags_id,tweets_id) VALUES (119,2088);
INSERT INTO tweets_tags (tags_id,tweets_id) VALUES (109,2089);
INSERT INTO tweets_tags (tags_id,tweets_id) VALUES (116,2090);
INSERT INTO tweets_tags (tags_id,tweets_id) VALUES (101,2091);
INSERT INTO tweets_tags (tags_id,tweets_id) VALUES (110,2092);
INSERT INTO tweets_tags (tags_id,tweets_id) VALUES (100,2092);
INSERT INTO tweets_tags (tags_id,tweets_id) VALUES (110,2093);
INSERT INTO tweets_tags (tags_id,tweets_id) VALUES (103,2094);
INSERT INTO tweets_tags (tags_id,tweets_id) VALUES (101,2095);
INSERT INTO tweets_tags (tags_id,tweets_id) VALUES (101,2096);
INSERT INTO tweets_tags (tags_id,tweets_id) VALUES (111,2097);
INSERT INTO tweets_tags (tags_id,tweets_id) VALUES (116,2098);
INSERT INTO tweets_tags (tags_id,tweets_id) VALUES (102,2099);
INSERT INTO tweets_tags (tags_id,tweets_id) VALUES (110,2100);
INSERT INTO tweets_tags (tags_id,tweets_id) VALUES (116,2101);
INSERT INTO tweets_tags (tags_id,tweets_id) VALUES (112,2102);
INSERT INTO tweets_tags (tags_id,tweets_id) VALUES (107,2102);
INSERT INTO tweets_tags (tags_id,tweets_id) VALUES (110,2103);
INSERT INTO tweets_tags (tags_id,tweets_id) VALUES (109,2104);
INSERT INTO tweets_tags (tags_id,tweets_id) VALUES (111,2105);
INSERT INTO tweets_tags (tags_id,tweets_id) VALUES (100,2105);
INSERT INTO tweets_tags (tags_id,tweets_id) VALUES (102,2106);
INSERT INTO tweets_tags (tags_id,tweets_id) VALUES (103,2107);
INSERT INTO tweets_tags (tags_id,tweets_id) VALUES (118,2108);
INSERT INTO tweets_tags (tags_id,tweets_id) VALUES (119,2109);
INSERT INTO tweets_tags (tags_id,tweets_id) VALUES (107,2109);
INSERT INTO tweets_tags (tags_id,tweets_id) VALUES (112,2110);
INSERT INTO tweets_tags (tags_id,tweets_id) VALUES (117,2111);
INSERT INTO tweets_tags (tags_id,tweets_id) VALUES (107,2111);
INSERT INTO tweets_tags (tags_id,tweets_id) VALUES (117,2112);
INSERT INTO tweets_tags (tags_id,tweets_id) VALUES (105,2113);
INSERT INTO tweets_tags (tags_id,tweets_id) VALUES (102,2114);
INSERT INTO tweets_tags (tags_id,tweets_id) VALUES (107,2114);
INSERT INTO tweets_tags (tags_id,tweets_id) VALUES (110,2115);
INSERT INTO tweets_tags (tags_id,tweets_id) VALUES (108,2116);
INSERT INTO tweets_tags (tags_id,tweets_id) VALUES (105,2117);
INSERT INTO tweets_tags (tags_id,tweets_id) VALUES (105,2118);
INSERT INTO tweets_tags (tags_id,tweets_id) VALUES (106,2119);
INSERT INTO tweets_tags (tags_id,tweets_id) VALUES (107,2119);
INSERT INTO tweets_tags (tags_id,tweets_id) VALUES (104,2120);
INSERT INTO tweets_tags (tags_id,tweets_id) VALUES (100,2120);
INSERT INTO tweets_tags (tags_id,tweets_id) VALUES (119,2121);
INSERT INTO tweets_tags (tags_id,tweets_id) VALUES (102,2122);
INSERT INTO tweets_tags (tags_id,tweets_id) VALUES (112,2123);
INSERT INTO tweets_tags (tags_id,tweets_id) VALUES (108,2124);
INSERT INTO tweets_tags (tags_id,tweets_id) VALUES (108,2125);
INSERT INTO tweets_tags (tags_id,tweets_id) VALUES (107,2125);
INSERT INTO tweets_tags (tags_id,tweets_id) VALUES (104,2126);
INSERT INTO tweets_tags (tags_id,tweets_id) VALUES (114,2127);
INSERT INTO tweets_tags (tags_id,tweets_id) VALUES (107,2127);
INSERT INTO tweets_tags (tags_id,tweets_id) VALUES (110,2128);
INSERT INTO tweets_tags (tags_id,tweets_id) VALUES (105,2129);
INSERT INTO tweets_tags (tags_id,tweets_id) VALUES (113,2130);
INSERT INTO tweets_tags (tags_id,tweets_id) VALUES (108,2131);
INSERT INTO tweets_tags (tags_id,tweets_id) VALUES (100,2131);
INSERT INTO tweets_tags (tags_id,tweets_id) VALUES (117,2132);
INSERT INTO tweets_tags (tags_id,tweets_id) VALUES (105,2133);
INSERT INTO tweets_tags (tags_id,tweets_id) VALUES (113,2134);
INSERT INTO tweets_tags (tags_id,tweets_id) VALUES (117,2135);
INSERT INTO tweets_tags (tags_id,tweets_id) VALUES (104,2136);
INSERT INTO tweets_tags (tags_id,tweets_id) VALUES (113,2137);
INSERT INTO tweets_tags (tags_id,tweets_id) VALUES (105,2138);
INSERT INTO tweets_tags (tags_id,tweets_id) VALUES (116,2139);
INSERT INTO tweets_tags (tags_id,tweets_id) VALUES (101,2140);
INSERT INTO tweets_tags (tags_id,tweets_id) VALUES (109,2141);
INSERT INTO tweets_tags (tags_id,tweets_id) VALUES (107,2141);
INSERT INTO tweets_tags (tags_id,tweets_id) VALUES (111,2142);
INSERT INTO tweets_tags (tags_id,tweets_id) VALUES (119,2143);
INSERT INTO tweets_tags (tags_id,tweets_id) VALUES (100,2143);
INSERT INTO tweets_tags (tags_id,tweets_id) VALUES (109,2144);
INSERT INTO tweets_tags (tags_id,tweets_id) VALUES (112,2145);
INSERT INTO tweets_tags (tags_id,tweets_id) VALUES (103,2146);
INSERT INTO tweets_tags (tags_id,tweets_id) VALUES (104,2147);
INSERT INTO tweets_tags (tags_id,tweets_id) VALUES (107,2147);
INSERT INTO tweets_tags (tags_id,tweets_id) VALUES (112,2148);
INSERT INTO tweets_tags (tags_id,tweets_id) VALUES (100,2148);
INSERT INTO tweets_tags (tags_id,tweets_id) VALUES (111,2149);
INSERT INTO tweets_tags (tags_id,tweets_id) VALUES (114,2150);
INSERT INTO tweets_tags (tags_id,tweets_id) VALUES (106,2151);
INSERT INTO tweets_tags (tags_id,tweets_id) VALUES (113,2152);
INSERT INTO tweets_tags (tags_id,tweets_id) VALUES (107,2152);
INSERT INTO tweets_tags (tags_id,tweets_id) VALUES (115,2153);
INSERT INTO tweets_tags (tags_id,tweets_id) VALUES (100,2153);
INSERT INTO tweets_tags (tags_id,tweets_id) VALUES (117,2154);
INSERT INTO tweets_tags (tags_id,tweets_id) VALUES (103,2155);
INSERT INTO tweets_tags (tags_id,tweets_id) VALUES (100,2155);
INSERT INTO tweets_tags (tags_id,tweets_id) VALUES (105,2156);
INSERT INTO tweets_tags (tags_id,tweets_id) VALUES (107,2156);
INSERT INTO tweets_tags (tags_id,tweets_id) VALUES (103,2157);
INSERT INTO tweets_tags (tags_id,tweets_id) VALUES (100,2157);
INSERT INTO tweets_tags (tags_id,tweets_id) VALUES (105,2158);
INSERT INTO tweets_tags (tags_id,tweets_id) VALUES (120,2159);
INSERT INTO tweets_tags (tags_id,tweets_id) VALUES (113,2160);
INSERT INTO tweets_tags (tags_id,tweets_id) VALUES (109,2161);
INSERT INTO tweets_tags (tags_id,tweets_id) VALUES (118,2162);
INSERT INTO tweets_tags (tags_id,tweets_id) VALUES (115,2163);
INSERT INTO tweets_tags (tags_id,tweets_id) VALUES (100,2163);
INSERT INTO tweets_tags (tags_id,tweets_id) VALUES (114,2164);
INSERT INTO tweets_tags (tags_id,tweets_id) VALUES (109,2165);
INSERT INTO tweets_tags (tags_id,tweets_id) VALUES (107,2165);
INSERT INTO tweets_tags (tags_id,tweets_id) VALUES (103,2166);
INSERT INTO tweets_tags (tags_id,tweets_id) VALUES (116,2167);
INSERT INTO tweets_tags (tags_id,tweets_id) VALUES (105,2168);
INSERT INTO tweets_tags (tags_id,tweets_id) VALUES (100,2168);
INSERT INTO tweets_tags (tags_id,tweets_id) VALUES (101,2169);
INSERT INTO tweets_tags (tags_id,tweets_id) VALUES (111,2170);
INSERT INTO tweets_tags (tags_id,tweets_id) VALUES (114,2171);
INSERT INTO tweets_tags (tags_id,tweets_id) VALUES (100,2171);
INSERT INTO tweets_tags (tags_id,tweets_id) VALUES (108,2172);
INSERT INTO tweets_tags (tags_id,tweets_id) VALUES (116,2173);
INSERT INTO tweets_tags (tags_id,tweets_id) VALUES (100,2173);
INSERT INTO tweets_tags (tags_id,tweets_id) VALUES (102,2174);
INSERT INTO tweets_tags (tags_id,tweets_id) VALUES (107,2174);
INSERT INTO tweets_tags (tags_id,tweets_id) VALUES (106,2175);
INSERT INTO tweets_tags (tags_id,tweets_id) VALUES (111,2176);
INSERT INTO tweets_tags (tags_id,tweets_id) VALUES (104,2177);
INSERT INTO tweets_tags (tags_id,tweets_id) VALUES (106,2178);
INSERT INTO tweets_tags (tags_id,tweets_id) VALUES (105,2179);
INSERT INTO tweets_tags (tags_id,tweets_id) VALUES (108,2180);
INSERT INTO tweets_tags (tags_id,tweets_id) VALUES (106,2181);
INSERT INTO tweets_tags (tags_id,tweets_id) VALUES (100,2181);
INSERT INTO tweets_tags (tags_id,tweets_id) VALUES (109,2182);
INSERT INTO tweets_tags (tags_id,tweets_id) VALUES (111,2183);
INSERT INTO tweets_tags (tags_id,tweets_id) VALUES (100,2183);
INSERT INTO tweets_tags (tags_id,tweets_id) VALUES (115,2184);
INSERT INTO tweets_tags (tags_id,tweets_id) VALUES (102,2185);
INSERT INTO tweets_tags (tags_id,tweets_id) VALUES (103,2186);
INSERT INTO tweets_tags (tags_id,tweets_id) VALUES (116,2187);
INSERT INTO tweets_tags (tags_id,tweets_id) VALUES (100,2187);
INSERT INTO tweets_tags (tags_id,tweets_id) VALUES (101,2188);
INSERT INTO tweets_tags (tags_id,tweets_id) VALUES (101,2189);
INSERT INTO tweets_tags (tags_id,tweets_id) VALUES (107,2189);
INSERT INTO tweets_tags (tags_id,tweets_id) VALUES (113,2190);
INSERT INTO tweets_tags (tags_id,tweets_id) VALUES (115,2191);
INSERT INTO tweets_tags (tags_id,tweets_id) VALUES (100,2191);
INSERT INTO tweets_tags (tags_id,tweets_id) VALUES (114,2192);
INSERT INTO tweets_tags (tags_id,tweets_id) VALUES (104,2193);
INSERT INTO tweets_tags (tags_id,tweets_id) VALUES (108,2194);
INSERT INTO tweets_tags (tags_id,tweets_id) VALUES (103,2195);
INSERT INTO tweets_tags (tags_id,tweets_id) VALUES (113,2196);
INSERT INTO tweets_tags (tags_id,tweets_id) VALUES (100,2196);
INSERT INTO tweets_tags (tags_id,tweets_id) VALUES (101,2197);
INSERT INTO tweets_tags (tags_id,tweets_id) VALUES (109,2198);
INSERT INTO tweets_tags (tags_id,tweets_id) VALUES (120,2199);
INSERT INTO tweets_tags (tags_id,tweets_id) VALUES (114,2200);
INSERT INTO tweets_tags (tags_id,tweets_id) VALUES (118,2201);
INSERT INTO tweets_tags (tags_id,tweets_id) VALUES (108,2202);
INSERT INTO tweets_tags (tags_id,tweets_id) VALUES (102,2203);
INSERT INTO tweets_tags (tags_id,tweets_id) VALUES (114,2204);
INSERT INTO tweets_tags (tags_id,tweets_id) VALUES (104,2205);
INSERT INTO tweets_tags (tags_id,tweets_id) VALUES (118,2206);
INSERT INTO tweets_tags (tags_id,tweets_id) VALUES (100,2206);
INSERT INTO tweets_tags (tags_id,tweets_id) VALUES (116,2207);
INSERT INTO tweets_tags (tags_id,tweets_id) VALUES (110,2208);
INSERT INTO tweets_tags (tags_id,tweets_id) VALUES (118,2209);
INSERT INTO tweets_tags (tags_id,tweets_id) VALUES (112,2210);
INSERT INTO tweets_tags (tags_id,tweets_id) VALUES (114,2211);
INSERT INTO tweets_tags (tags_id,tweets_id) VALUES (105,2212);
INSERT INTO tweets_tags (tags_id,tweets_id) VALUES (107,2212);
INSERT INTO tweets_tags (tags_id,tweets_id) VALUES (103,2213);
INSERT INTO tweets_tags (tags_id,tweets_id) VALUES (118,2214);
INSERT INTO tweets_tags (tags_id,tweets_id) VALUES (100,2214);
INSERT INTO tweets_tags (tags_id,tweets_id) VALUES (110,2215);
INSERT INTO tweets_tags (tags_id,tweets_id) VALUES (100,2215);
INSERT INTO tweets_tags (tags_id,tweets_id) VALUES (103,2216);
INSERT INTO tweets_tags (tags_id,tweets_id) VALUES (120,2217);
INSERT INTO tweets_tags (tags_id,tweets_id) VALUES (115,2218);
INSERT INTO tweets_tags (tags_id,tweets_id) VALUES (112,2219);
INSERT INTO tweets_tags (tags_id,tweets_id) VALUES (115,2220);
INSERT INTO tweets_tags (tags_id,tweets_id) VALUES (100,2220);
INSERT INTO tweets_tags (tags_id,tweets_id) VALUES (109,2221);
INSERT INTO tweets_tags (tags_id,tweets_id) VALUES (107,2221);
INSERT INTO tweets_tags (tags_id,tweets_id) VALUES (105,2222);
INSERT INTO tweets_tags (tags_id,tweets_id) VALUES (107,2222);
INSERT INTO tweets_tags (tags_id,tweets_id) VALUES (108,2223);
INSERT INTO tweets_tags (tags_id,tweets_id) VALUES (120,2224);
INSERT INTO tweets_tags (tags_id,tweets_id) VALUES (115,2225);
INSERT INTO tweets_tags (tags_id,tweets_id) VALUES (102,2226);
INSERT INTO tweets_tags (tags_id,tweets_id) VALUES (113,2227);
INSERT INTO tweets_tags (tags_id,tweets_id) VALUES (100,2227);
INSERT INTO tweets_tags (tags_id,tweets_id) VALUES (104,2228);
INSERT INTO tweets_tags (tags_id,tweets_id) VALUES (100,2228);
INSERT INTO tweets_tags (tags_id,tweets_id) VALUES (101,2229);
INSERT INTO tweets_tags (tags_id,tweets_id) VALUES (118,2230);
INSERT INTO tweets_tags (tags_id,tweets_id) VALUES (109,2231);
INSERT INTO tweets_tags (tags_id,tweets_id) VALUES (101,2232);
INSERT INTO tweets_tags (tags_id,tweets_id) VALUES (107,2232);
INSERT INTO tweets_tags (tags_id,tweets_id) VALUES (105,2233);
INSERT INTO tweets_tags (tags_id,tweets_id) VALUES (118,2234);
INSERT INTO tweets_tags (tags_id,tweets_id) VALUES (107,2234);
INSERT INTO tweets_tags (tags_id,tweets_id) VALUES (112,2235);
INSERT INTO tweets_tags (tags_id,tweets_id) VALUES (113,2236);
INSERT INTO tweets_tags (tags_id,tweets_id) VALUES (108,2237);
INSERT INTO tweets_tags (tags_id,tweets_id) VALUES (115,2238);
INSERT INTO tweets_tags (tags_id,tweets_id) VALUES (116,2239);
INSERT INTO tweets_tags (tags_id,tweets_id) VALUES (119,2240);
INSERT INTO tweets_tags (tags_id,tweets_id) VALUES (116,2241);
INSERT INTO tweets_tags (tags_id,tweets_id) VALUES (120,2242);
INSERT INTO tweets_tags (tags_id,tweets_id) VALUES (112,2243);
INSERT INTO tweets_tags (tags_id,tweets_id) VALUES (112,2244);
INSERT INTO tweets_tags (tags_id,tweets_id) VALUES (120,2245);
INSERT INTO tweets_tags (tags_id,tweets_id) VALUES (117,2246);
INSERT INTO tweets_tags (tags_id,tweets_id) VALUES (116,2247);
INSERT INTO tweets_tags (tags_id,tweets_id) VALUES (101,2248);
INSERT INTO tweets_tags (tags_id,tweets_id) VALUES (108,2249);
INSERT INTO tweets_tags (tags_id,tweets_id) VALUES (109,2250);
INSERT INTO tweets_tags (tags_id,tweets_id) VALUES (118,2251);
INSERT INTO tweets_tags (tags_id,tweets_id) VALUES (120,2252);
INSERT INTO tweets_tags (tags_id,tweets_id) VALUES (100,2252);
INSERT INTO tweets_tags (tags_id,tweets_id) VALUES (113,2253);
INSERT INTO tweets_tags (tags_id,tweets_id) VALUES (114,2254);
INSERT INTO tweets_tags (tags_id,tweets_id) VALUES (104,2255);
INSERT INTO tweets_tags (tags_id,tweets_id) VALUES (112,2256);
INSERT INTO tweets_tags (tags_id,tweets_id) VALUES (110,2257);
INSERT INTO tweets_tags (tags_id,tweets_id) VALUES (110,2258);
INSERT INTO tweets_tags (tags_id,tweets_id) VALUES (104,2259);
INSERT INTO tweets_tags (tags_id,tweets_id) VALUES (100,2259);
INSERT INTO tweets_tags (tags_id,tweets_id) VALUES (104,2260);
INSERT INTO tweets_tags (tags_id,tweets_id) VALUES (115,2261);
INSERT INTO tweets_tags (tags_id,tweets_id) VALUES (113,2262);
INSERT INTO tweets_tags (tags_id,tweets_id) VALUES (116,2263);
INSERT INTO tweets_tags (tags_id,tweets_id) VALUES (114,2264);
INSERT INTO tweets_tags (tags_id,tweets_id) VALUES (107,2264);
INSERT INTO tweets_tags (tags_id,tweets_id) VALUES (110,2265);
INSERT INTO tweets_tags (tags_id,tweets_id) VALUES (100,2265);
INSERT INTO tweets_tags (tags_id,tweets_id) VALUES (115,2266);
INSERT INTO tweets_tags (tags_id,tweets_id) VALUES (108,2267);
INSERT INTO tweets_tags (tags_id,tweets_id) VALUES (115,2268);
INSERT INTO tweets_tags (tags_id,tweets_id) VALUES (106,2269);
INSERT INTO tweets_tags (tags_id,tweets_id) VALUES (100,2269);
INSERT INTO tweets_tags (tags_id,tweets_id) VALUES (113,2270);
INSERT INTO tweets_tags (tags_id,tweets_id) VALUES (104,2271);
INSERT INTO tweets_tags (tags_id,tweets_id) VALUES (107,2271);
INSERT INTO tweets_tags (tags_id,tweets_id) VALUES (119,2272);
INSERT INTO tweets_tags (tags_id,tweets_id) VALUES (111,2273);
INSERT INTO tweets_tags (tags_id,tweets_id) VALUES (100,2273);
INSERT INTO tweets_tags (tags_id,tweets_id) VALUES (108,2274);
INSERT INTO tweets_tags (tags_id,tweets_id) VALUES (104,2275);
INSERT INTO tweets_tags (tags_id,tweets_id) VALUES (106,2276);
INSERT INTO tweets_tags (tags_id,tweets_id) VALUES (114,2277);
INSERT INTO tweets_tags (tags_id,tweets_id) VALUES (109,2278);
INSERT INTO tweets_tags (tags_id,tweets_id) VALUES (120,2279);
INSERT INTO tweets_tags (tags_id,tweets_id) VALUES (111,2280);
INSERT INTO tweets_tags (tags_id,tweets_id) VALUES (101,2281);
INSERT INTO tweets_tags (tags_id,tweets_id) VALUES (107,2281);
INSERT INTO tweets_tags (tags_id,tweets_id) VALUES (101,2282);
INSERT INTO tweets_tags (tags_id,tweets_id) VALUES (101,2283);
INSERT INTO tweets_tags (tags_id,tweets_id) VALUES (106,2284);
INSERT INTO tweets_tags (tags_id,tweets_id) VALUES (119,2285);
INSERT INTO tweets_tags (tags_id,tweets_id) VALUES (107,2285);
INSERT INTO tweets_tags (tags_id,tweets_id) VALUES (113,2286);
INSERT INTO tweets_tags (tags_id,tweets_id) VALUES (112,2287);
INSERT INTO tweets_tags (tags_id,tweets_id) VALUES (106,2288);
INSERT INTO tweets_tags (tags_id,tweets_id) VALUES (114,2289);
INSERT INTO tweets_tags (tags_id,tweets_id) VALUES (109,2290);
INSERT INTO tweets_tags (tags_id,tweets_id) VALUES (110,2291);
INSERT INTO tweets_tags (tags_id,tweets_id) VALUES (120,2292);
INSERT INTO tweets_tags (tags_id,tweets_id) VALUES (105,2293);
INSERT INTO tweets_tags (tags_id,tweets_id) VALUES (107,2293);
INSERT INTO tweets_tags (tags_id,tweets_id) VALUES (105,2294);
INSERT INTO tweets_tags (tags_id,tweets_id) VALUES (106,2295);
INSERT INTO tweets_tags (tags_id,tweets_id) VALUES (106,2296);
INSERT INTO tweets_tags (tags_id,tweets_id) VALUES (101,2297);
INSERT INTO tweets_tags (tags_id,tweets_id) VALUES (106,2298);
INSERT INTO tweets_tags (tags_id,tweets_id) VALUES (119,2299);
INSERT INTO tweets_tags (tags_id,tweets_id) VALUES (119,2300);
INSERT INTO tweets_tags (tags_id,tweets_id) VALUES (100,2300);
INSERT INTO tweets_tags (tags_id,tweets_id) VALUES (106,2301);
INSERT INTO tweets_tags (tags_id,tweets_id) VALUES (113,2302);
INSERT INTO tweets_tags (tags_id,tweets_id) VALUES (114,2303);
INSERT INTO tweets_tags (tags_id,tweets_id) VALUES (100,2303);
INSERT INTO tweets_tags (tags_id,tweets_id) VALUES (118,2304);
INSERT INTO tweets_tags (tags_id,tweets_id) VALUES (112,2305);
INSERT INTO tweets_tags (tags_id,tweets_id) VALUES (101,2306);
INSERT INTO tweets_tags (tags_id,tweets_id) VALUES (107,2306);
INSERT INTO tweets_tags (tags_id,tweets_id) VALUES (103,2307);
INSERT INTO tweets_tags (tags_id,tweets_id) VALUES (100,2307);
INSERT INTO tweets_tags (tags_id,tweets_id) VALUES (103,2308);
INSERT INTO tweets_tags (tags_id,tweets_id) VALUES (107,2308);
INSERT INTO tweets_tags (tags_id,tweets_id) VALUES (101,2309);
INSERT INTO tweets_tags (tags_id,tweets_id) VALUES (100,2309);
INSERT INTO tweets_tags (tags_id,tweets_id) VALUES (102,2310);
INSERT INTO tweets_tags (tags_id,tweets_id) VALUES (116,2311);
INSERT INTO tweets_tags (tags_id,tweets_id) VALUES (110,2312);
INSERT INTO tweets_tags (tags_id,tweets_id) VALUES (100,2312);
INSERT INTO tweets_tags (tags_id,tweets_id) VALUES (104,2313);
INSERT INTO tweets_tags (tags_id,tweets_id) VALUES (106,2314);
INSERT INTO tweets_tags (tags_id,tweets_id) VALUES (102,2315);
INSERT INTO tweets_tags (tags_id,tweets_id) VALUES (102,2316);
INSERT INTO tweets_tags (tags_id,tweets_id) VALUES (100,2316);
INSERT INTO tweets_tags (tags_id,tweets_id) VALUES (117,2317);
INSERT INTO tweets_tags (tags_id,tweets_id) VALUES (102,2318);
INSERT INTO tweets_tags (tags_id,tweets_id) VALUES (117,2319);
INSERT INTO tweets_tags (tags_id,tweets_id) VALUES (109,2320);
INSERT INTO tweets_tags (tags_id,tweets_id) VALUES (108,2321);
INSERT INTO tweets_tags (tags_id,tweets_id) VALUES (101,2322);
INSERT INTO tweets_tags (tags_id,tweets_id) VALUES (100,2322);
INSERT INTO tweets_tags (tags_id,tweets_id) VALUES (103,2323);
INSERT INTO tweets_tags (tags_id,tweets_id) VALUES (101,2324);
INSERT INTO tweets_tags (tags_id,tweets_id) VALUES (117,2325);
INSERT INTO tweets_tags (tags_id,tweets_id) VALUES (108,2326);
INSERT INTO tweets_tags (tags_id,tweets_id) VALUES (100,2326);
INSERT INTO tweets_tags (tags_id,tweets_id) VALUES (102,2327);
INSERT INTO tweets_tags (tags_id,tweets_id) VALUES (103,2328);
INSERT INTO tweets_tags (tags_id,tweets_id) VALUES (118,2329);
INSERT INTO tweets_tags (tags_id,tweets_id) VALUES (102,2330);
INSERT INTO tweets_tags (tags_id,tweets_id) VALUES (103,2331);
INSERT INTO tweets_tags (tags_id,tweets_id) VALUES (107,2331);
INSERT INTO tweets_tags (tags_id,tweets_id) VALUES (111,2332);
INSERT INTO tweets_tags (tags_id,tweets_id) VALUES (102,2333);
INSERT INTO tweets_tags (tags_id,tweets_id) VALUES (116,2334);
INSERT INTO tweets_tags (tags_id,tweets_id) VALUES (101,2335);
INSERT INTO tweets_tags (tags_id,tweets_id) VALUES (111,2336);
INSERT INTO tweets_tags (tags_id,tweets_id) VALUES (115,2337);
INSERT INTO tweets_tags (tags_id,tweets_id) VALUES (107,2337);
INSERT INTO tweets_tags (tags_id,tweets_id) VALUES (104,2338);
INSERT INTO tweets_tags (tags_id,tweets_id) VALUES (120,2339);
INSERT INTO tweets_tags (tags_id,tweets_id) VALUES (112,2340);
INSERT INTO tweets_tags (tags_id,tweets_id) VALUES (100,2340);
INSERT INTO tweets_tags (tags_id,tweets_id) VALUES (108,2341);
INSERT INTO tweets_tags (tags_id,tweets_id) VALUES (103,2342);
INSERT INTO tweets_tags (tags_id,tweets_id) VALUES (107,2342);
INSERT INTO tweets_tags (tags_id,tweets_id) VALUES (117,2343);
INSERT INTO tweets_tags (tags_id,tweets_id) VALUES (108,2344);
INSERT INTO tweets_tags (tags_id,tweets_id) VALUES (107,2344);
INSERT INTO tweets_tags (tags_id,tweets_id) VALUES (112,2345);
INSERT INTO tweets_tags (tags_id,tweets_id) VALUES (100,2345);
INSERT INTO tweets_tags (tags_id,tweets_id) VALUES (109,2346);
INSERT INTO tweets_tags (tags_id,tweets_id) VALUES (120,2347);
INSERT INTO tweets_tags (tags_id,tweets_id) VALUES (108,2348);
INSERT INTO tweets_tags (tags_id,tweets_id) VALUES (104,2349);
-- replies
INSERT INTO tweets (id,addressed_id,addressed_tweet_id,addressed_username,date_time,link,link_cover,link_cover_size,link_description,link_title,reply_type,text,users_id,deleted) VALUES (2350,142,2336,'sv142_dung','2024-06-01 12:00:00',null,null,null,null,null,'EVERYONE','Hay qua!',156,false);
INSERT INTO users_tweets (user_id,tweets_id) VALUES (156,2350);
INSERT INTO replies (tweets_id,reply_id) VALUES (2336,2350);
INSERT INTO tweets (id,addressed_id,addressed_tweet_id,addressed_username,date_time,link,link_cover,link_cover_size,link_description,link_title,reply_type,text,users_id,deleted) VALUES (2351,148,2082,'sv148_an','2024-06-01 12:00:00',null,null,null,null,null,'EVERYONE','Hay qua!',117,false);
INSERT INTO users_tweets (user_id,tweets_id) VALUES (117,2351);
INSERT INTO replies (tweets_id,reply_id) VALUES (2082,2351);
INSERT INTO tweets (id,addressed_id,addressed_tweet_id,addressed_username,date_time,link,link_cover,link_cover_size,link_description,link_title,reply_type,text,users_id,deleted) VALUES (2352,103,2181,'sv103_huy','2024-06-01 12:00:00',null,null,null,null,null,'EVERYONE','Hay qua!',155,false);
INSERT INTO users_tweets (user_id,tweets_id) VALUES (155,2352);
INSERT INTO replies (tweets_id,reply_id) VALUES (2181,2352);
INSERT INTO tweets (id,addressed_id,addressed_tweet_id,addressed_username,date_time,link,link_cover,link_cover_size,link_description,link_title,reply_type,text,users_id,deleted) VALUES (2353,106,2002,'sv106_ha','2024-06-01 12:00:00',null,null,null,null,null,'EVERYONE','Hay qua!',145,false);
INSERT INTO users_tweets (user_id,tweets_id) VALUES (145,2353);
INSERT INTO replies (tweets_id,reply_id) VALUES (2002,2353);
INSERT INTO tweets (id,addressed_id,addressed_tweet_id,addressed_username,date_time,link,link_cover,link_cover_size,link_description,link_title,reply_type,text,users_id,deleted) VALUES (2354,160,2101,'sv160_nam','2024-06-01 12:00:00',null,null,null,null,null,'EVERYONE','Hay qua!',114,false);
INSERT INTO users_tweets (user_id,tweets_id) VALUES (114,2354);
INSERT INTO replies (tweets_id,reply_id) VALUES (2101,2354);
INSERT INTO tweets (id,addressed_id,addressed_tweet_id,addressed_username,date_time,link,link_cover,link_cover_size,link_description,link_title,reply_type,text,users_id,deleted) VALUES (2355,110,2097,'sv110_chi','2024-06-01 12:00:00',null,null,null,null,null,'EVERYONE','Hay qua!',136,false);
INSERT INTO users_tweets (user_id,tweets_id) VALUES (136,2355);
INSERT INTO replies (tweets_id,reply_id) VALUES (2097,2355);
INSERT INTO tweets (id,addressed_id,addressed_tweet_id,addressed_username,date_time,link,link_cover,link_cover_size,link_description,link_title,reply_type,text,users_id,deleted) VALUES (2356,138,2020,'sv138_binh','2024-06-01 12:00:00',null,null,null,null,null,'EVERYONE','Hay qua!',117,false);
INSERT INTO users_tweets (user_id,tweets_id) VALUES (117,2356);
INSERT INTO replies (tweets_id,reply_id) VALUES (2020,2356);
INSERT INTO tweets (id,addressed_id,addressed_tweet_id,addressed_username,date_time,link,link_cover,link_cover_size,link_description,link_title,reply_type,text,users_id,deleted) VALUES (2357,118,2202,'sv118_tuan','2024-06-01 12:00:00',null,null,null,null,null,'EVERYONE','Hay qua!',153,false);
INSERT INTO users_tweets (user_id,tweets_id) VALUES (153,2357);
INSERT INTO replies (tweets_id,reply_id) VALUES (2202,2357);
INSERT INTO tweets (id,addressed_id,addressed_tweet_id,addressed_username,date_time,link,link_cover,link_cover_size,link_description,link_title,reply_type,text,users_id,deleted) VALUES (2358,160,2169,'sv160_nam','2024-06-01 12:00:00',null,null,null,null,null,'EVERYONE','Hay qua!',104,false);
INSERT INTO users_tweets (user_id,tweets_id) VALUES (104,2358);
INSERT INTO replies (tweets_id,reply_id) VALUES (2169,2358);
INSERT INTO tweets (id,addressed_id,addressed_tweet_id,addressed_username,date_time,link,link_cover,link_cover_size,link_description,link_title,reply_type,text,users_id,deleted) VALUES (2359,148,2082,'sv148_an','2024-06-01 12:00:00',null,null,null,null,null,'EVERYONE','Hay qua!',125,false);
INSERT INTO users_tweets (user_id,tweets_id) VALUES (125,2359);
INSERT INTO replies (tweets_id,reply_id) VALUES (2082,2359);
INSERT INTO tweets (id,addressed_id,addressed_tweet_id,addressed_username,date_time,link,link_cover,link_cover_size,link_description,link_title,reply_type,text,users_id,deleted) VALUES (2360,171,2245,'gv_le_spring','2024-06-01 12:00:00',null,null,null,null,null,'EVERYONE','Hay qua!',134,false);
INSERT INTO users_tweets (user_id,tweets_id) VALUES (134,2360);
INSERT INTO replies (tweets_id,reply_id) VALUES (2245,2360);
INSERT INTO tweets (id,addressed_id,addressed_tweet_id,addressed_username,date_time,link,link_cover,link_cover_size,link_description,link_title,reply_type,text,users_id,deleted) VALUES (2361,106,2060,'sv106_ha','2024-06-01 12:00:00',null,null,null,null,null,'EVERYONE','Hay qua!',153,false);
INSERT INTO users_tweets (user_id,tweets_id) VALUES (153,2361);
INSERT INTO replies (tweets_id,reply_id) VALUES (2060,2361);
INSERT INTO tweets (id,addressed_id,addressed_tweet_id,addressed_username,date_time,link,link_cover,link_cover_size,link_description,link_title,reply_type,text,users_id,deleted) VALUES (2362,107,2250,'sv107_trang','2024-06-01 12:00:00',null,null,null,null,null,'EVERYONE','Hay qua!',171,false);
INSERT INTO users_tweets (user_id,tweets_id) VALUES (171,2362);
INSERT INTO replies (tweets_id,reply_id) VALUES (2250,2362);
INSERT INTO tweets (id,addressed_id,addressed_tweet_id,addressed_username,date_time,link,link_cover,link_cover_size,link_description,link_title,reply_type,text,users_id,deleted) VALUES (2363,161,2349,'sv161_tuan','2024-06-01 12:00:00',null,null,null,null,null,'EVERYONE','Hay qua!',116,false);
INSERT INTO users_tweets (user_id,tweets_id) VALUES (116,2363);
INSERT INTO replies (tweets_id,reply_id) VALUES (2349,2363);
INSERT INTO tweets (id,addressed_id,addressed_tweet_id,addressed_username,date_time,link,link_cover,link_cover_size,link_description,link_title,reply_type,text,users_id,deleted) VALUES (2364,105,2166,'sv105_an','2024-06-01 12:00:00',null,null,null,null,null,'EVERYONE','Hay qua!',151,false);
INSERT INTO users_tweets (user_id,tweets_id) VALUES (151,2364);
INSERT INTO replies (tweets_id,reply_id) VALUES (2166,2364);
INSERT INTO tweets (id,addressed_id,addressed_tweet_id,addressed_username,date_time,link,link_cover,link_cover_size,link_description,link_title,reply_type,text,users_id,deleted) VALUES (2365,171,2256,'gv_le_spring','2024-06-01 12:00:00',null,null,null,null,null,'EVERYONE','Hay qua!',149,false);
INSERT INTO users_tweets (user_id,tweets_id) VALUES (149,2365);
INSERT INTO replies (tweets_id,reply_id) VALUES (2256,2365);
INSERT INTO tweets (id,addressed_id,addressed_tweet_id,addressed_username,date_time,link,link_cover,link_cover_size,link_description,link_title,reply_type,text,users_id,deleted) VALUES (2366,119,2067,'sv119_thao','2024-06-01 12:00:00',null,null,null,null,null,'EVERYONE','Hay qua!',114,false);
INSERT INTO users_tweets (user_id,tweets_id) VALUES (114,2366);
INSERT INTO replies (tweets_id,reply_id) VALUES (2067,2366);
INSERT INTO tweets (id,addressed_id,addressed_tweet_id,addressed_username,date_time,link,link_cover,link_cover_size,link_description,link_title,reply_type,text,users_id,deleted) VALUES (2367,136,2055,'sv136_lan','2024-06-01 12:00:00',null,null,null,null,null,'EVERYONE','Hay qua!',102,false);
INSERT INTO users_tweets (user_id,tweets_id) VALUES (102,2367);
INSERT INTO replies (tweets_id,reply_id) VALUES (2055,2367);
INSERT INTO tweets (id,addressed_id,addressed_tweet_id,addressed_username,date_time,link,link_cover,link_cover_size,link_description,link_title,reply_type,text,users_id,deleted) VALUES (2368,115,2064,'sv115_lan','2024-06-01 12:00:00',null,null,null,null,null,'EVERYONE','Hay qua!',119,false);
INSERT INTO users_tweets (user_id,tweets_id) VALUES (119,2368);
INSERT INTO replies (tweets_id,reply_id) VALUES (2064,2368);
INSERT INTO tweets (id,addressed_id,addressed_tweet_id,addressed_username,date_time,link,link_cover,link_cover_size,link_description,link_title,reply_type,text,users_id,deleted) VALUES (2369,128,2176,'sv128_ha','2024-06-01 12:00:00',null,null,null,null,null,'EVERYONE','Hay qua!',172,false);
INSERT INTO users_tweets (user_id,tweets_id) VALUES (172,2369);
INSERT INTO replies (tweets_id,reply_id) VALUES (2176,2369);
INSERT INTO tweets (id,addressed_id,addressed_tweet_id,addressed_username,date_time,link,link_cover,link_cover_size,link_description,link_title,reply_type,text,users_id,deleted) VALUES (2370,148,2006,'sv148_an','2024-06-01 12:00:00',null,null,null,null,null,'EVERYONE','Hay qua!',130,false);
INSERT INTO users_tweets (user_id,tweets_id) VALUES (130,2370);
INSERT INTO replies (tweets_id,reply_id) VALUES (2006,2370);
INSERT INTO tweets (id,addressed_id,addressed_tweet_id,addressed_username,date_time,link,link_cover,link_cover_size,link_description,link_title,reply_type,text,users_id,deleted) VALUES (2371,109,2026,'sv109_thao','2024-06-01 12:00:00',null,null,null,null,null,'EVERYONE','Hay qua!',143,false);
INSERT INTO users_tweets (user_id,tweets_id) VALUES (143,2371);
INSERT INTO replies (tweets_id,reply_id) VALUES (2026,2371);
INSERT INTO tweets (id,addressed_id,addressed_tweet_id,addressed_username,date_time,link,link_cover,link_cover_size,link_description,link_title,reply_type,text,users_id,deleted) VALUES (2372,138,2219,'sv138_binh','2024-06-01 12:00:00',null,null,null,null,null,'EVERYONE','Hay qua!',101,false);
INSERT INTO users_tweets (user_id,tweets_id) VALUES (101,2372);
INSERT INTO replies (tweets_id,reply_id) VALUES (2219,2372);
INSERT INTO tweets (id,addressed_id,addressed_tweet_id,addressed_username,date_time,link,link_cover,link_cover_size,link_description,link_title,reply_type,text,users_id,deleted) VALUES (2373,124,2222,'sv124_thao','2024-06-01 12:00:00',null,null,null,null,null,'EVERYONE','Hay qua!',161,false);
INSERT INTO users_tweets (user_id,tweets_id) VALUES (161,2373);
INSERT INTO replies (tweets_id,reply_id) VALUES (2222,2373);
INSERT INTO tweets (id,addressed_id,addressed_tweet_id,addressed_username,date_time,link,link_cover,link_cover_size,link_description,link_title,reply_type,text,users_id,deleted) VALUES (2374,171,2148,'gv_le_spring','2024-06-01 12:00:00',null,null,null,null,null,'EVERYONE','Hay qua!',136,false);
INSERT INTO users_tweets (user_id,tweets_id) VALUES (136,2374);
INSERT INTO replies (tweets_id,reply_id) VALUES (2148,2374);
INSERT INTO tweets (id,addressed_id,addressed_tweet_id,addressed_username,date_time,link,link_cover,link_cover_size,link_description,link_title,reply_type,text,users_id,deleted) VALUES (2375,172,2248,'gv_pham_web','2024-06-01 12:00:00',null,null,null,null,null,'EVERYONE','Hay qua!',110,false);
INSERT INTO users_tweets (user_id,tweets_id) VALUES (110,2375);
INSERT INTO replies (tweets_id,reply_id) VALUES (2248,2375);
INSERT INTO tweets (id,addressed_id,addressed_tweet_id,addressed_username,date_time,link,link_cover,link_cover_size,link_description,link_title,reply_type,text,users_id,deleted) VALUES (2376,138,2219,'sv138_binh','2024-06-01 12:00:00',null,null,null,null,null,'EVERYONE','Hay qua!',131,false);
INSERT INTO users_tweets (user_id,tweets_id) VALUES (131,2376);
INSERT INTO replies (tweets_id,reply_id) VALUES (2219,2376);
INSERT INTO tweets (id,addressed_id,addressed_tweet_id,addressed_username,date_time,link,link_cover,link_cover_size,link_description,link_title,reply_type,text,users_id,deleted) VALUES (2377,145,2316,'sv145_khanh','2024-06-01 12:00:00',null,null,null,null,null,'EVERYONE','Hay qua!',119,false);
INSERT INTO users_tweets (user_id,tweets_id) VALUES (119,2377);
INSERT INTO replies (tweets_id,reply_id) VALUES (2316,2377);
INSERT INTO tweets (id,addressed_id,addressed_tweet_id,addressed_username,date_time,link,link_cover,link_cover_size,link_description,link_title,reply_type,text,users_id,deleted) VALUES (2378,121,2261,'sv121_huy','2024-06-01 12:00:00',null,null,null,null,null,'EVERYONE','Hay qua!',123,false);
INSERT INTO users_tweets (user_id,tweets_id) VALUES (123,2378);
INSERT INTO replies (tweets_id,reply_id) VALUES (2261,2378);
INSERT INTO tweets (id,addressed_id,addressed_tweet_id,addressed_username,date_time,link,link_cover,link_cover_size,link_description,link_title,reply_type,text,users_id,deleted) VALUES (2379,103,2127,'sv103_huy','2024-06-01 12:00:00',null,null,null,null,null,'EVERYONE','Hay qua!',135,false);
INSERT INTO users_tweets (user_id,tweets_id) VALUES (135,2379);
INSERT INTO replies (tweets_id,reply_id) VALUES (2127,2379);
INSERT INTO tweets (id,addressed_id,addressed_tweet_id,addressed_username,date_time,link,link_cover,link_cover_size,link_description,link_title,reply_type,text,users_id,deleted) VALUES (2380,159,2058,'sv159_phuc','2024-06-01 12:00:00',null,null,null,null,null,'EVERYONE','Hay qua!',133,false);
INSERT INTO users_tweets (user_id,tweets_id) VALUES (133,2380);
INSERT INTO replies (tweets_id,reply_id) VALUES (2058,2380);
INSERT INTO tweets (id,addressed_id,addressed_tweet_id,addressed_username,date_time,link,link_cover,link_cover_size,link_description,link_title,reply_type,text,users_id,deleted) VALUES (2381,119,2126,'sv119_thao','2024-06-01 12:00:00',null,null,null,null,null,'EVERYONE','Hay qua!',154,false);
INSERT INTO users_tweets (user_id,tweets_id) VALUES (154,2381);
INSERT INTO replies (tweets_id,reply_id) VALUES (2126,2381);
INSERT INTO tweets (id,addressed_id,addressed_tweet_id,addressed_username,date_time,link,link_cover,link_cover_size,link_description,link_title,reply_type,text,users_id,deleted) VALUES (2382,160,2101,'sv160_nam','2024-06-01 12:00:00',null,null,null,null,null,'EVERYONE','Hay qua!',160,false);
INSERT INTO users_tweets (user_id,tweets_id) VALUES (160,2382);
INSERT INTO replies (tweets_id,reply_id) VALUES (2101,2382);
INSERT INTO tweets (id,addressed_id,addressed_tweet_id,addressed_username,date_time,link,link_cover,link_cover_size,link_description,link_title,reply_type,text,users_id,deleted) VALUES (2383,160,2052,'sv160_nam','2024-06-01 12:00:00',null,null,null,null,null,'EVERYONE','Hay qua!',172,false);
INSERT INTO users_tweets (user_id,tweets_id) VALUES (172,2383);
INSERT INTO replies (tweets_id,reply_id) VALUES (2052,2383);
INSERT INTO tweets (id,addressed_id,addressed_tweet_id,addressed_username,date_time,link,link_cover,link_cover_size,link_description,link_title,reply_type,text,users_id,deleted) VALUES (2384,115,2312,'sv115_lan','2024-06-01 12:00:00',null,null,null,null,null,'EVERYONE','Hay qua!',123,false);
INSERT INTO users_tweets (user_id,tweets_id) VALUES (123,2384);
INSERT INTO replies (tweets_id,reply_id) VALUES (2312,2384);
INSERT INTO tweets (id,addressed_id,addressed_tweet_id,addressed_username,date_time,link,link_cover,link_cover_size,link_description,link_title,reply_type,text,users_id,deleted) VALUES (2385,119,2096,'sv119_thao','2024-06-01 12:00:00',null,null,null,null,null,'EVERYONE','Hay qua!',119,false);
INSERT INTO users_tweets (user_id,tweets_id) VALUES (119,2385);
INSERT INTO replies (tweets_id,reply_id) VALUES (2096,2385);
INSERT INTO tweets (id,addressed_id,addressed_tweet_id,addressed_username,date_time,link,link_cover,link_cover_size,link_description,link_title,reply_type,text,users_id,deleted) VALUES (2386,146,2117,'sv146_hung','2024-06-01 12:00:00',null,null,null,null,null,'EVERYONE','Hay qua!',115,false);
INSERT INTO users_tweets (user_id,tweets_id) VALUES (115,2386);
INSERT INTO replies (tweets_id,reply_id) VALUES (2117,2386);
INSERT INTO tweets (id,addressed_id,addressed_tweet_id,addressed_username,date_time,link,link_cover,link_cover_size,link_description,link_title,reply_type,text,users_id,deleted) VALUES (2387,119,2067,'sv119_thao','2024-06-01 12:00:00',null,null,null,null,null,'EVERYONE','Hay qua!',151,false);
INSERT INTO users_tweets (user_id,tweets_id) VALUES (151,2387);
INSERT INTO replies (tweets_id,reply_id) VALUES (2067,2387);
INSERT INTO tweets (id,addressed_id,addressed_tweet_id,addressed_username,date_time,link,link_cover,link_cover_size,link_description,link_title,reply_type,text,users_id,deleted) VALUES (2388,159,2019,'sv159_phuc','2024-06-01 12:00:00',null,null,null,null,null,'EVERYONE','Hay qua!',135,false);
INSERT INTO users_tweets (user_id,tweets_id) VALUES (135,2388);
INSERT INTO replies (tweets_id,reply_id) VALUES (2019,2388);
INSERT INTO tweets (id,addressed_id,addressed_tweet_id,addressed_username,date_time,link,link_cover,link_cover_size,link_description,link_title,reply_type,text,users_id,deleted) VALUES (2389,123,2098,'sv123_trang','2024-06-01 12:00:00',null,null,null,null,null,'EVERYONE','Hay qua!',118,false);
INSERT INTO users_tweets (user_id,tweets_id) VALUES (118,2389);
INSERT INTO replies (tweets_id,reply_id) VALUES (2098,2389);
-- like_tweets
INSERT INTO like_tweets (id,like_tweet_date,tweets_id,users_id) VALUES (3000,'2024-03-19 10:00:00',2302,108);
INSERT INTO like_tweets (id,like_tweet_date,tweets_id,users_id) VALUES (3001,'2024-02-15 03:00:00',2193,149);
INSERT INTO like_tweets (id,like_tweet_date,tweets_id,users_id) VALUES (3002,'2024-03-10 01:00:00',2055,102);
INSERT INTO like_tweets (id,like_tweet_date,tweets_id,users_id) VALUES (3003,'2024-05-23 06:00:00',2267,172);
INSERT INTO like_tweets (id,like_tweet_date,tweets_id,users_id) VALUES (3004,'2024-03-01 13:00:00',2076,112);
INSERT INTO like_tweets (id,like_tweet_date,tweets_id,users_id) VALUES (3005,'2024-06-30 09:00:00',2243,104);
INSERT INTO like_tweets (id,like_tweet_date,tweets_id,users_id) VALUES (3006,'2024-02-01 19:00:00',2257,115);
INSERT INTO like_tweets (id,like_tweet_date,tweets_id,users_id) VALUES (3007,'2024-07-24 23:00:00',2246,116);
INSERT INTO like_tweets (id,like_tweet_date,tweets_id,users_id) VALUES (3008,'2024-05-27 06:00:00',2276,100);
INSERT INTO like_tweets (id,like_tweet_date,tweets_id,users_id) VALUES (3009,'2024-05-06 10:00:00',2267,153);
INSERT INTO like_tweets (id,like_tweet_date,tweets_id,users_id) VALUES (3010,'2024-05-26 10:00:00',2022,175);
INSERT INTO like_tweets (id,like_tweet_date,tweets_id,users_id) VALUES (3011,'2024-05-10 03:00:00',2117,161);
INSERT INTO like_tweets (id,like_tweet_date,tweets_id,users_id) VALUES (3012,'2024-05-25 05:00:00',2179,112);
INSERT INTO like_tweets (id,like_tweet_date,tweets_id,users_id) VALUES (3013,'2024-06-11 20:00:00',2068,132);
INSERT INTO like_tweets (id,like_tweet_date,tweets_id,users_id) VALUES (3014,'2024-04-06 16:00:00',2119,110);
INSERT INTO like_tweets (id,like_tweet_date,tweets_id,users_id) VALUES (3015,'2024-05-19 11:00:00',2306,177);
INSERT INTO like_tweets (id,like_tweet_date,tweets_id,users_id) VALUES (3016,'2024-01-02 20:00:00',2131,124);
INSERT INTO like_tweets (id,like_tweet_date,tweets_id,users_id) VALUES (3017,'2024-02-10 05:00:00',2003,174);
INSERT INTO like_tweets (id,like_tweet_date,tweets_id,users_id) VALUES (3018,'2024-05-08 00:00:00',2266,100);
INSERT INTO like_tweets (id,like_tweet_date,tweets_id,users_id) VALUES (3019,'2024-04-17 19:00:00',2335,126);
INSERT INTO like_tweets (id,like_tweet_date,tweets_id,users_id) VALUES (3020,'2024-02-06 09:00:00',2209,146);
INSERT INTO like_tweets (id,like_tweet_date,tweets_id,users_id) VALUES (3021,'2024-07-18 19:00:00',2079,154);
INSERT INTO like_tweets (id,like_tweet_date,tweets_id,users_id) VALUES (3022,'2024-07-01 23:00:00',2129,133);
INSERT INTO like_tweets (id,like_tweet_date,tweets_id,users_id) VALUES (3023,'2024-04-04 01:00:00',2216,146);
INSERT INTO like_tweets (id,like_tweet_date,tweets_id,users_id) VALUES (3024,'2024-03-10 12:00:00',2348,150);
INSERT INTO like_tweets (id,like_tweet_date,tweets_id,users_id) VALUES (3025,'2024-03-02 00:00:00',2211,161);
INSERT INTO like_tweets (id,like_tweet_date,tweets_id,users_id) VALUES (3026,'2024-03-27 14:00:00',2189,161);
INSERT INTO like_tweets (id,like_tweet_date,tweets_id,users_id) VALUES (3027,'2024-05-15 21:00:00',2157,144);
INSERT INTO like_tweets (id,like_tweet_date,tweets_id,users_id) VALUES (3028,'2024-03-19 10:00:00',2070,115);
INSERT INTO like_tweets (id,like_tweet_date,tweets_id,users_id) VALUES (3029,'2024-02-04 05:00:00',2228,120);
INSERT INTO like_tweets (id,like_tweet_date,tweets_id,users_id) VALUES (3030,'2024-05-16 17:00:00',2109,173);
INSERT INTO like_tweets (id,like_tweet_date,tweets_id,users_id) VALUES (3031,'2024-02-24 20:00:00',2173,106);
INSERT INTO like_tweets (id,like_tweet_date,tweets_id,users_id) VALUES (3032,'2024-02-01 02:00:00',2199,100);
INSERT INTO like_tweets (id,like_tweet_date,tweets_id,users_id) VALUES (3033,'2024-07-23 21:00:00',2074,160);
INSERT INTO like_tweets (id,like_tweet_date,tweets_id,users_id) VALUES (3034,'2024-01-22 20:00:00',2222,111);
INSERT INTO like_tweets (id,like_tweet_date,tweets_id,users_id) VALUES (3035,'2024-05-06 13:00:00',2134,128);
INSERT INTO like_tweets (id,like_tweet_date,tweets_id,users_id) VALUES (3036,'2024-05-11 04:00:00',2040,104);
INSERT INTO like_tweets (id,like_tweet_date,tweets_id,users_id) VALUES (3037,'2024-04-07 18:00:00',2205,174);
INSERT INTO like_tweets (id,like_tweet_date,tweets_id,users_id) VALUES (3038,'2024-02-29 19:00:00',2305,107);
INSERT INTO like_tweets (id,like_tweet_date,tweets_id,users_id) VALUES (3039,'2024-05-29 20:00:00',2327,171);
INSERT INTO like_tweets (id,like_tweet_date,tweets_id,users_id) VALUES (3040,'2024-06-25 20:00:00',2005,125);
INSERT INTO like_tweets (id,like_tweet_date,tweets_id,users_id) VALUES (3041,'2024-01-12 11:00:00',2146,124);
INSERT INTO like_tweets (id,like_tweet_date,tweets_id,users_id) VALUES (3042,'2024-06-25 01:00:00',2306,173);
INSERT INTO like_tweets (id,like_tweet_date,tweets_id,users_id) VALUES (3043,'2024-01-13 07:00:00',2118,121);
INSERT INTO like_tweets (id,like_tweet_date,tweets_id,users_id) VALUES (3044,'2024-01-01 02:00:00',2184,130);
INSERT INTO like_tweets (id,like_tweet_date,tweets_id,users_id) VALUES (3045,'2024-04-04 04:00:00',2080,111);
INSERT INTO like_tweets (id,like_tweet_date,tweets_id,users_id) VALUES (3046,'2024-05-14 21:00:00',2204,145);
INSERT INTO like_tweets (id,like_tweet_date,tweets_id,users_id) VALUES (3047,'2024-06-25 17:00:00',2207,125);
INSERT INTO like_tweets (id,like_tweet_date,tweets_id,users_id) VALUES (3048,'2024-01-31 18:00:00',2007,108);
INSERT INTO like_tweets (id,like_tweet_date,tweets_id,users_id) VALUES (3049,'2024-07-09 20:00:00',2281,136);
INSERT INTO like_tweets (id,like_tweet_date,tweets_id,users_id) VALUES (3050,'2024-04-28 14:00:00',2298,144);
INSERT INTO like_tweets (id,like_tweet_date,tweets_id,users_id) VALUES (3051,'2024-07-25 23:00:00',2141,128);
INSERT INTO like_tweets (id,like_tweet_date,tweets_id,users_id) VALUES (3052,'2024-05-17 21:00:00',2099,158);
INSERT INTO like_tweets (id,like_tweet_date,tweets_id,users_id) VALUES (3053,'2024-03-30 02:00:00',2294,100);
INSERT INTO like_tweets (id,like_tweet_date,tweets_id,users_id) VALUES (3054,'2024-06-21 19:00:00',2089,152);
INSERT INTO like_tweets (id,like_tweet_date,tweets_id,users_id) VALUES (3055,'2024-06-20 17:00:00',2054,109);
INSERT INTO like_tweets (id,like_tweet_date,tweets_id,users_id) VALUES (3056,'2024-02-09 22:00:00',2150,143);
INSERT INTO like_tweets (id,like_tweet_date,tweets_id,users_id) VALUES (3057,'2024-07-02 14:00:00',2262,132);
INSERT INTO like_tweets (id,like_tweet_date,tweets_id,users_id) VALUES (3058,'2024-05-31 03:00:00',2294,132);
INSERT INTO like_tweets (id,like_tweet_date,tweets_id,users_id) VALUES (3059,'2024-03-24 00:00:00',2193,161);
INSERT INTO like_tweets (id,like_tweet_date,tweets_id,users_id) VALUES (3060,'2024-06-06 06:00:00',2173,158);
INSERT INTO like_tweets (id,like_tweet_date,tweets_id,users_id) VALUES (3061,'2024-06-13 12:00:00',2300,103);
INSERT INTO like_tweets (id,like_tweet_date,tweets_id,users_id) VALUES (3062,'2024-01-24 01:00:00',2059,133);
INSERT INTO like_tweets (id,like_tweet_date,tweets_id,users_id) VALUES (3063,'2024-03-19 11:00:00',2195,128);
INSERT INTO like_tweets (id,like_tweet_date,tweets_id,users_id) VALUES (3064,'2024-04-30 12:00:00',2161,152);
INSERT INTO like_tweets (id,like_tweet_date,tweets_id,users_id) VALUES (3065,'2024-01-04 07:00:00',2264,176);
INSERT INTO like_tweets (id,like_tweet_date,tweets_id,users_id) VALUES (3066,'2024-04-08 01:00:00',2134,131);
INSERT INTO like_tweets (id,like_tweet_date,tweets_id,users_id) VALUES (3067,'2024-04-26 17:00:00',2047,151);
INSERT INTO like_tweets (id,like_tweet_date,tweets_id,users_id) VALUES (3068,'2024-06-11 15:00:00',2038,122);
INSERT INTO like_tweets (id,like_tweet_date,tweets_id,users_id) VALUES (3069,'2024-03-15 14:00:00',2160,145);
INSERT INTO like_tweets (id,like_tweet_date,tweets_id,users_id) VALUES (3070,'2024-03-03 09:00:00',2293,134);
INSERT INTO like_tweets (id,like_tweet_date,tweets_id,users_id) VALUES (3071,'2024-06-19 07:00:00',2349,124);
INSERT INTO like_tweets (id,like_tweet_date,tweets_id,users_id) VALUES (3072,'2024-03-23 14:00:00',2102,130);
INSERT INTO like_tweets (id,like_tweet_date,tweets_id,users_id) VALUES (3073,'2024-03-19 05:00:00',2135,126);
INSERT INTO like_tweets (id,like_tweet_date,tweets_id,users_id) VALUES (3074,'2024-05-01 12:00:00',2103,131);
INSERT INTO like_tweets (id,like_tweet_date,tweets_id,users_id) VALUES (3075,'2024-02-10 22:00:00',2079,113);
INSERT INTO like_tweets (id,like_tweet_date,tweets_id,users_id) VALUES (3076,'2024-01-03 06:00:00',2040,171);
INSERT INTO like_tweets (id,like_tweet_date,tweets_id,users_id) VALUES (3077,'2024-06-13 14:00:00',2277,105);
INSERT INTO like_tweets (id,like_tweet_date,tweets_id,users_id) VALUES (3078,'2024-06-17 01:00:00',2190,140);
INSERT INTO like_tweets (id,like_tweet_date,tweets_id,users_id) VALUES (3079,'2024-06-16 12:00:00',2294,135);
INSERT INTO like_tweets (id,like_tweet_date,tweets_id,users_id) VALUES (3080,'2024-04-05 15:00:00',2093,173);
INSERT INTO like_tweets (id,like_tweet_date,tweets_id,users_id) VALUES (3081,'2024-07-15 20:00:00',2203,128);
INSERT INTO like_tweets (id,like_tweet_date,tweets_id,users_id) VALUES (3082,'2024-06-28 10:00:00',2065,106);
INSERT INTO like_tweets (id,like_tweet_date,tweets_id,users_id) VALUES (3083,'2024-07-03 13:00:00',2216,161);
INSERT INTO like_tweets (id,like_tweet_date,tweets_id,users_id) VALUES (3084,'2024-04-28 12:00:00',2016,172);
INSERT INTO like_tweets (id,like_tweet_date,tweets_id,users_id) VALUES (3085,'2024-06-05 01:00:00',2201,122);
INSERT INTO like_tweets (id,like_tweet_date,tweets_id,users_id) VALUES (3086,'2024-06-06 00:00:00',2061,174);
INSERT INTO like_tweets (id,like_tweet_date,tweets_id,users_id) VALUES (3087,'2024-01-05 00:00:00',2161,101);
INSERT INTO like_tweets (id,like_tweet_date,tweets_id,users_id) VALUES (3088,'2024-05-09 12:00:00',2345,126);
INSERT INTO like_tweets (id,like_tweet_date,tweets_id,users_id) VALUES (3089,'2024-04-21 01:00:00',2297,112);
INSERT INTO like_tweets (id,like_tweet_date,tweets_id,users_id) VALUES (3090,'2024-03-04 21:00:00',2185,133);
INSERT INTO like_tweets (id,like_tweet_date,tweets_id,users_id) VALUES (3091,'2024-03-21 22:00:00',2280,133);
INSERT INTO like_tweets (id,like_tweet_date,tweets_id,users_id) VALUES (3092,'2024-04-27 02:00:00',2137,160);
INSERT INTO like_tweets (id,like_tweet_date,tweets_id,users_id) VALUES (3093,'2024-06-19 05:00:00',2187,123);
INSERT INTO like_tweets (id,like_tweet_date,tweets_id,users_id) VALUES (3094,'2024-05-23 01:00:00',2217,126);
INSERT INTO like_tweets (id,like_tweet_date,tweets_id,users_id) VALUES (3095,'2024-05-16 17:00:00',2190,146);
INSERT INTO like_tweets (id,like_tweet_date,tweets_id,users_id) VALUES (3096,'2024-03-02 09:00:00',2143,157);
INSERT INTO like_tweets (id,like_tweet_date,tweets_id,users_id) VALUES (3097,'2024-07-15 13:00:00',2292,116);
INSERT INTO like_tweets (id,like_tweet_date,tweets_id,users_id) VALUES (3098,'2024-04-02 03:00:00',2117,112);
INSERT INTO like_tweets (id,like_tweet_date,tweets_id,users_id) VALUES (3099,'2024-05-10 00:00:00',2120,155);
INSERT INTO like_tweets (id,like_tweet_date,tweets_id,users_id) VALUES (3100,'2024-02-21 01:00:00',2100,118);
INSERT INTO like_tweets (id,like_tweet_date,tweets_id,users_id) VALUES (3101,'2024-03-01 06:00:00',2242,101);
INSERT INTO like_tweets (id,like_tweet_date,tweets_id,users_id) VALUES (3102,'2024-02-15 21:00:00',2215,171);
INSERT INTO like_tweets (id,like_tweet_date,tweets_id,users_id) VALUES (3103,'2024-07-01 06:00:00',2322,174);
INSERT INTO like_tweets (id,like_tweet_date,tweets_id,users_id) VALUES (3104,'2024-04-12 09:00:00',2161,170);
INSERT INTO like_tweets (id,like_tweet_date,tweets_id,users_id) VALUES (3105,'2024-05-15 23:00:00',2128,106);
INSERT INTO like_tweets (id,like_tweet_date,tweets_id,users_id) VALUES (3106,'2024-01-21 11:00:00',2050,120);
INSERT INTO like_tweets (id,like_tweet_date,tweets_id,users_id) VALUES (3107,'2024-06-11 15:00:00',2110,132);
INSERT INTO like_tweets (id,like_tweet_date,tweets_id,users_id) VALUES (3108,'2024-06-02 13:00:00',2322,112);
INSERT INTO like_tweets (id,like_tweet_date,tweets_id,users_id) VALUES (3109,'2024-05-03 05:00:00',2171,133);
INSERT INTO like_tweets (id,like_tweet_date,tweets_id,users_id) VALUES (3110,'2024-04-27 11:00:00',2184,132);
INSERT INTO like_tweets (id,like_tweet_date,tweets_id,users_id) VALUES (3111,'2024-02-11 09:00:00',2010,152);
INSERT INTO like_tweets (id,like_tweet_date,tweets_id,users_id) VALUES (3112,'2024-07-15 21:00:00',2179,125);
INSERT INTO like_tweets (id,like_tweet_date,tweets_id,users_id) VALUES (3113,'2024-02-29 13:00:00',2294,176);
INSERT INTO like_tweets (id,like_tweet_date,tweets_id,users_id) VALUES (3114,'2024-04-20 23:00:00',2145,145);
INSERT INTO like_tweets (id,like_tweet_date,tweets_id,users_id) VALUES (3115,'2024-06-15 09:00:00',2344,173);
INSERT INTO like_tweets (id,like_tweet_date,tweets_id,users_id) VALUES (3116,'2024-05-10 01:00:00',2228,110);
INSERT INTO like_tweets (id,like_tweet_date,tweets_id,users_id) VALUES (3117,'2024-06-07 07:00:00',2314,136);
INSERT INTO like_tweets (id,like_tweet_date,tweets_id,users_id) VALUES (3118,'2024-02-27 04:00:00',2323,118);
INSERT INTO like_tweets (id,like_tweet_date,tweets_id,users_id) VALUES (3119,'2024-05-23 23:00:00',2327,143);
INSERT INTO like_tweets (id,like_tweet_date,tweets_id,users_id) VALUES (3120,'2024-01-25 08:00:00',2323,151);
INSERT INTO like_tweets (id,like_tweet_date,tweets_id,users_id) VALUES (3121,'2024-04-27 06:00:00',2040,120);
INSERT INTO like_tweets (id,like_tweet_date,tweets_id,users_id) VALUES (3122,'2024-04-18 03:00:00',2116,140);
INSERT INTO like_tweets (id,like_tweet_date,tweets_id,users_id) VALUES (3123,'2024-04-01 07:00:00',2334,137);
INSERT INTO like_tweets (id,like_tweet_date,tweets_id,users_id) VALUES (3124,'2024-04-02 14:00:00',2309,150);
INSERT INTO like_tweets (id,like_tweet_date,tweets_id,users_id) VALUES (3125,'2024-07-19 08:00:00',2227,146);
INSERT INTO like_tweets (id,like_tweet_date,tweets_id,users_id) VALUES (3126,'2024-05-21 07:00:00',2266,157);
INSERT INTO like_tweets (id,like_tweet_date,tweets_id,users_id) VALUES (3127,'2024-01-08 21:00:00',2085,123);
INSERT INTO like_tweets (id,like_tweet_date,tweets_id,users_id) VALUES (3128,'2024-03-26 21:00:00',2064,130);
INSERT INTO like_tweets (id,like_tweet_date,tweets_id,users_id) VALUES (3129,'2024-02-26 23:00:00',2040,126);
INSERT INTO like_tweets (id,like_tweet_date,tweets_id,users_id) VALUES (3130,'2024-02-02 14:00:00',2203,113);
INSERT INTO like_tweets (id,like_tweet_date,tweets_id,users_id) VALUES (3131,'2024-07-06 04:00:00',2032,160);
INSERT INTO like_tweets (id,like_tweet_date,tweets_id,users_id) VALUES (3132,'2024-05-15 12:00:00',2027,103);
INSERT INTO like_tweets (id,like_tweet_date,tweets_id,users_id) VALUES (3133,'2024-02-05 11:00:00',2268,110);
INSERT INTO like_tweets (id,like_tweet_date,tweets_id,users_id) VALUES (3134,'2024-01-29 18:00:00',2134,119);
INSERT INTO like_tweets (id,like_tweet_date,tweets_id,users_id) VALUES (3135,'2024-04-15 14:00:00',2335,149);
INSERT INTO like_tweets (id,like_tweet_date,tweets_id,users_id) VALUES (3136,'2024-04-06 23:00:00',2117,131);
INSERT INTO like_tweets (id,like_tweet_date,tweets_id,users_id) VALUES (3137,'2024-02-14 19:00:00',2226,116);
INSERT INTO like_tweets (id,like_tweet_date,tweets_id,users_id) VALUES (3138,'2024-01-10 18:00:00',2269,121);
INSERT INTO like_tweets (id,like_tweet_date,tweets_id,users_id) VALUES (3139,'2024-04-21 00:00:00',2017,145);
INSERT INTO like_tweets (id,like_tweet_date,tweets_id,users_id) VALUES (3140,'2024-07-03 12:00:00',2243,159);
INSERT INTO like_tweets (id,like_tweet_date,tweets_id,users_id) VALUES (3141,'2024-02-16 02:00:00',2139,156);
INSERT INTO like_tweets (id,like_tweet_date,tweets_id,users_id) VALUES (3142,'2024-07-20 16:00:00',2276,122);
INSERT INTO like_tweets (id,like_tweet_date,tweets_id,users_id) VALUES (3143,'2024-07-11 12:00:00',2305,158);
INSERT INTO like_tweets (id,like_tweet_date,tweets_id,users_id) VALUES (3144,'2024-07-01 04:00:00',2222,175);
INSERT INTO like_tweets (id,like_tweet_date,tweets_id,users_id) VALUES (3145,'2024-06-13 09:00:00',2158,144);
INSERT INTO like_tweets (id,like_tweet_date,tweets_id,users_id) VALUES (3146,'2024-01-31 13:00:00',2276,129);
INSERT INTO like_tweets (id,like_tweet_date,tweets_id,users_id) VALUES (3147,'2024-05-04 20:00:00',2226,139);
INSERT INTO like_tweets (id,like_tweet_date,tweets_id,users_id) VALUES (3148,'2024-02-23 03:00:00',2211,133);
INSERT INTO like_tweets (id,like_tweet_date,tweets_id,users_id) VALUES (3149,'2024-01-01 00:00:00',2155,101);
INSERT INTO like_tweets (id,like_tweet_date,tweets_id,users_id) VALUES (3150,'2024-04-27 09:00:00',2267,117);
INSERT INTO like_tweets (id,like_tweet_date,tweets_id,users_id) VALUES (3151,'2024-07-01 15:00:00',2146,160);
INSERT INTO like_tweets (id,like_tweet_date,tweets_id,users_id) VALUES (3152,'2024-06-11 20:00:00',2004,170);
INSERT INTO like_tweets (id,like_tweet_date,tweets_id,users_id) VALUES (3153,'2024-05-26 22:00:00',2153,101);
INSERT INTO like_tweets (id,like_tweet_date,tweets_id,users_id) VALUES (3154,'2024-01-03 11:00:00',2149,129);
INSERT INTO like_tweets (id,like_tweet_date,tweets_id,users_id) VALUES (3155,'2024-03-05 08:00:00',2280,147);
INSERT INTO like_tweets (id,like_tweet_date,tweets_id,users_id) VALUES (3156,'2024-05-14 17:00:00',2210,155);
INSERT INTO like_tweets (id,like_tweet_date,tweets_id,users_id) VALUES (3157,'2024-05-13 00:00:00',2127,120);
INSERT INTO like_tweets (id,like_tweet_date,tweets_id,users_id) VALUES (3158,'2024-03-30 18:00:00',2193,128);
INSERT INTO like_tweets (id,like_tweet_date,tweets_id,users_id) VALUES (3159,'2024-03-22 18:00:00',2040,154);
INSERT INTO like_tweets (id,like_tweet_date,tweets_id,users_id) VALUES (3160,'2024-04-07 04:00:00',2264,134);
INSERT INTO like_tweets (id,like_tweet_date,tweets_id,users_id) VALUES (3161,'2024-04-01 18:00:00',2332,176);
INSERT INTO like_tweets (id,like_tweet_date,tweets_id,users_id) VALUES (3162,'2024-01-24 08:00:00',2211,124);
INSERT INTO like_tweets (id,like_tweet_date,tweets_id,users_id) VALUES (3163,'2024-04-08 20:00:00',2093,117);
INSERT INTO like_tweets (id,like_tweet_date,tweets_id,users_id) VALUES (3164,'2024-06-03 13:00:00',2056,158);
INSERT INTO like_tweets (id,like_tweet_date,tweets_id,users_id) VALUES (3165,'2024-03-05 02:00:00',2139,170);
INSERT INTO like_tweets (id,like_tweet_date,tweets_id,users_id) VALUES (3166,'2024-02-21 22:00:00',2164,102);
INSERT INTO like_tweets (id,like_tweet_date,tweets_id,users_id) VALUES (3167,'2024-01-08 13:00:00',2025,176);
INSERT INTO like_tweets (id,like_tweet_date,tweets_id,users_id) VALUES (3168,'2024-04-06 07:00:00',2095,113);
INSERT INTO like_tweets (id,like_tweet_date,tweets_id,users_id) VALUES (3169,'2024-05-29 15:00:00',2137,116);
INSERT INTO like_tweets (id,like_tweet_date,tweets_id,users_id) VALUES (3170,'2024-01-31 18:00:00',2004,129);
INSERT INTO like_tweets (id,like_tweet_date,tweets_id,users_id) VALUES (3171,'2024-06-17 11:00:00',2077,101);
INSERT INTO like_tweets (id,like_tweet_date,tweets_id,users_id) VALUES (3172,'2024-05-23 10:00:00',2111,143);
INSERT INTO like_tweets (id,like_tweet_date,tweets_id,users_id) VALUES (3173,'2024-05-06 18:00:00',2159,171);
INSERT INTO like_tweets (id,like_tweet_date,tweets_id,users_id) VALUES (3174,'2024-04-22 17:00:00',2237,104);
INSERT INTO like_tweets (id,like_tweet_date,tweets_id,users_id) VALUES (3175,'2024-01-20 03:00:00',2041,118);
INSERT INTO like_tweets (id,like_tweet_date,tweets_id,users_id) VALUES (3176,'2024-01-25 08:00:00',2136,150);
INSERT INTO like_tweets (id,like_tweet_date,tweets_id,users_id) VALUES (3177,'2024-03-02 23:00:00',2278,160);
INSERT INTO like_tweets (id,like_tweet_date,tweets_id,users_id) VALUES (3178,'2024-05-10 05:00:00',2098,132);
INSERT INTO like_tweets (id,like_tweet_date,tweets_id,users_id) VALUES (3179,'2024-03-25 23:00:00',2006,115);
INSERT INTO like_tweets (id,like_tweet_date,tweets_id,users_id) VALUES (3180,'2024-03-25 08:00:00',2197,156);
INSERT INTO like_tweets (id,like_tweet_date,tweets_id,users_id) VALUES (3181,'2024-06-06 07:00:00',2017,125);
INSERT INTO like_tweets (id,like_tweet_date,tweets_id,users_id) VALUES (3182,'2024-03-12 03:00:00',2048,174);
INSERT INTO like_tweets (id,like_tweet_date,tweets_id,users_id) VALUES (3183,'2024-04-16 12:00:00',2242,149);
INSERT INTO like_tweets (id,like_tweet_date,tweets_id,users_id) VALUES (3184,'2024-01-15 09:00:00',2165,120);
INSERT INTO like_tweets (id,like_tweet_date,tweets_id,users_id) VALUES (3185,'2024-02-11 16:00:00',2281,174);
INSERT INTO like_tweets (id,like_tweet_date,tweets_id,users_id) VALUES (3186,'2024-04-11 23:00:00',2129,161);
INSERT INTO like_tweets (id,like_tweet_date,tweets_id,users_id) VALUES (3187,'2024-01-18 18:00:00',2101,146);
INSERT INTO like_tweets (id,like_tweet_date,tweets_id,users_id) VALUES (3188,'2024-02-08 13:00:00',2341,127);
INSERT INTO like_tweets (id,like_tweet_date,tweets_id,users_id) VALUES (3189,'2024-04-20 18:00:00',2120,155);
INSERT INTO like_tweets (id,like_tweet_date,tweets_id,users_id) VALUES (3190,'2024-04-04 05:00:00',2007,121);
INSERT INTO like_tweets (id,like_tweet_date,tweets_id,users_id) VALUES (3191,'2024-05-15 02:00:00',2299,115);
INSERT INTO like_tweets (id,like_tweet_date,tweets_id,users_id) VALUES (3192,'2024-01-15 08:00:00',2124,101);
INSERT INTO like_tweets (id,like_tweet_date,tweets_id,users_id) VALUES (3193,'2024-07-22 12:00:00',2297,160);
INSERT INTO like_tweets (id,like_tweet_date,tweets_id,users_id) VALUES (3194,'2024-01-31 13:00:00',2079,147);
INSERT INTO like_tweets (id,like_tweet_date,tweets_id,users_id) VALUES (3195,'2024-06-19 15:00:00',2127,120);
INSERT INTO like_tweets (id,like_tweet_date,tweets_id,users_id) VALUES (3196,'2024-01-21 11:00:00',2046,143);
INSERT INTO like_tweets (id,like_tweet_date,tweets_id,users_id) VALUES (3197,'2024-02-22 12:00:00',2030,145);
INSERT INTO like_tweets (id,like_tweet_date,tweets_id,users_id) VALUES (3198,'2024-02-12 22:00:00',2274,113);
INSERT INTO like_tweets (id,like_tweet_date,tweets_id,users_id) VALUES (3199,'2024-04-18 02:00:00',2249,129);
INSERT INTO like_tweets (id,like_tweet_date,tweets_id,users_id) VALUES (3200,'2024-05-29 17:00:00',2285,144);
INSERT INTO like_tweets (id,like_tweet_date,tweets_id,users_id) VALUES (3201,'2024-05-08 22:00:00',2098,102);
INSERT INTO like_tweets (id,like_tweet_date,tweets_id,users_id) VALUES (3202,'2024-03-26 13:00:00',2183,117);
INSERT INTO like_tweets (id,like_tweet_date,tweets_id,users_id) VALUES (3203,'2024-05-29 08:00:00',2020,170);
INSERT INTO like_tweets (id,like_tweet_date,tweets_id,users_id) VALUES (3204,'2024-07-04 06:00:00',2286,137);
INSERT INTO like_tweets (id,like_tweet_date,tweets_id,users_id) VALUES (3205,'2024-07-12 10:00:00',2250,124);
INSERT INTO like_tweets (id,like_tweet_date,tweets_id,users_id) VALUES (3206,'2024-04-28 16:00:00',2095,177);
INSERT INTO like_tweets (id,like_tweet_date,tweets_id,users_id) VALUES (3207,'2024-04-03 23:00:00',2165,159);
INSERT INTO like_tweets (id,like_tweet_date,tweets_id,users_id) VALUES (3208,'2024-01-24 12:00:00',2306,120);
INSERT INTO like_tweets (id,like_tweet_date,tweets_id,users_id) VALUES (3209,'2024-06-02 09:00:00',2271,119);
INSERT INTO like_tweets (id,like_tweet_date,tweets_id,users_id) VALUES (3210,'2024-07-03 20:00:00',2151,133);
INSERT INTO like_tweets (id,like_tweet_date,tweets_id,users_id) VALUES (3211,'2024-01-01 05:00:00',2187,158);
INSERT INTO like_tweets (id,like_tweet_date,tweets_id,users_id) VALUES (3212,'2024-05-09 09:00:00',2326,172);
INSERT INTO like_tweets (id,like_tweet_date,tweets_id,users_id) VALUES (3213,'2024-05-04 06:00:00',2094,102);
INSERT INTO like_tweets (id,like_tweet_date,tweets_id,users_id) VALUES (3214,'2024-04-19 11:00:00',2317,130);
INSERT INTO like_tweets (id,like_tweet_date,tweets_id,users_id) VALUES (3215,'2024-05-12 06:00:00',2032,176);
INSERT INTO like_tweets (id,like_tweet_date,tweets_id,users_id) VALUES (3216,'2024-06-18 19:00:00',2097,175);
INSERT INTO like_tweets (id,like_tweet_date,tweets_id,users_id) VALUES (3217,'2024-04-06 15:00:00',2282,119);
INSERT INTO like_tweets (id,like_tweet_date,tweets_id,users_id) VALUES (3218,'2024-04-19 22:00:00',2165,152);
INSERT INTO like_tweets (id,like_tweet_date,tweets_id,users_id) VALUES (3219,'2024-06-27 14:00:00',2056,112);
INSERT INTO like_tweets (id,like_tweet_date,tweets_id,users_id) VALUES (3220,'2024-01-15 22:00:00',2337,108);
INSERT INTO like_tweets (id,like_tweet_date,tweets_id,users_id) VALUES (3221,'2024-01-11 16:00:00',2066,122);
INSERT INTO like_tweets (id,like_tweet_date,tweets_id,users_id) VALUES (3222,'2024-06-14 16:00:00',2103,113);
INSERT INTO like_tweets (id,like_tweet_date,tweets_id,users_id) VALUES (3223,'2024-01-11 20:00:00',2098,112);
INSERT INTO like_tweets (id,like_tweet_date,tweets_id,users_id) VALUES (3224,'2024-06-16 05:00:00',2292,149);
INSERT INTO like_tweets (id,like_tweet_date,tweets_id,users_id) VALUES (3225,'2024-01-17 18:00:00',2269,132);
INSERT INTO like_tweets (id,like_tweet_date,tweets_id,users_id) VALUES (3226,'2024-07-25 19:00:00',2187,128);
INSERT INTO like_tweets (id,like_tweet_date,tweets_id,users_id) VALUES (3227,'2024-03-12 05:00:00',2036,101);
INSERT INTO like_tweets (id,like_tweet_date,tweets_id,users_id) VALUES (3228,'2024-01-28 07:00:00',2335,170);
INSERT INTO like_tweets (id,like_tweet_date,tweets_id,users_id) VALUES (3229,'2024-05-03 04:00:00',2239,107);
INSERT INTO like_tweets (id,like_tweet_date,tweets_id,users_id) VALUES (3230,'2024-05-05 23:00:00',2285,153);
INSERT INTO like_tweets (id,like_tweet_date,tweets_id,users_id) VALUES (3231,'2024-06-29 13:00:00',2029,134);
INSERT INTO like_tweets (id,like_tweet_date,tweets_id,users_id) VALUES (3232,'2024-04-13 17:00:00',2020,109);
INSERT INTO like_tweets (id,like_tweet_date,tweets_id,users_id) VALUES (3233,'2024-06-26 07:00:00',2039,127);
INSERT INTO like_tweets (id,like_tweet_date,tweets_id,users_id) VALUES (3234,'2024-03-19 20:00:00',2049,112);
INSERT INTO like_tweets (id,like_tweet_date,tweets_id,users_id) VALUES (3235,'2024-03-05 16:00:00',2272,149);
INSERT INTO like_tweets (id,like_tweet_date,tweets_id,users_id) VALUES (3236,'2024-03-25 21:00:00',2098,175);
INSERT INTO like_tweets (id,like_tweet_date,tweets_id,users_id) VALUES (3237,'2024-07-09 14:00:00',2291,122);
INSERT INTO like_tweets (id,like_tweet_date,tweets_id,users_id) VALUES (3238,'2024-02-06 00:00:00',2285,153);
INSERT INTO like_tweets (id,like_tweet_date,tweets_id,users_id) VALUES (3239,'2024-06-05 13:00:00',2326,145);
INSERT INTO like_tweets (id,like_tweet_date,tweets_id,users_id) VALUES (3240,'2024-02-05 12:00:00',2340,154);
INSERT INTO like_tweets (id,like_tweet_date,tweets_id,users_id) VALUES (3241,'2024-07-06 17:00:00',2085,123);
INSERT INTO like_tweets (id,like_tweet_date,tweets_id,users_id) VALUES (3242,'2024-04-25 04:00:00',2205,172);
INSERT INTO like_tweets (id,like_tweet_date,tweets_id,users_id) VALUES (3243,'2024-07-01 05:00:00',2336,120);
INSERT INTO like_tweets (id,like_tweet_date,tweets_id,users_id) VALUES (3244,'2024-04-30 06:00:00',2307,156);
INSERT INTO like_tweets (id,like_tweet_date,tweets_id,users_id) VALUES (3245,'2024-05-06 21:00:00',2161,141);
INSERT INTO like_tweets (id,like_tweet_date,tweets_id,users_id) VALUES (3246,'2024-04-20 09:00:00',2211,155);
INSERT INTO like_tweets (id,like_tweet_date,tweets_id,users_id) VALUES (3247,'2024-07-11 05:00:00',2311,130);
INSERT INTO like_tweets (id,like_tweet_date,tweets_id,users_id) VALUES (3248,'2024-05-08 00:00:00',2279,127);
INSERT INTO like_tweets (id,like_tweet_date,tweets_id,users_id) VALUES (3249,'2024-05-02 21:00:00',2281,132);
INSERT INTO like_tweets (id,like_tweet_date,tweets_id,users_id) VALUES (3250,'2024-05-15 12:00:00',2231,157);
INSERT INTO like_tweets (id,like_tweet_date,tweets_id,users_id) VALUES (3251,'2024-04-07 02:00:00',2000,104);
INSERT INTO like_tweets (id,like_tweet_date,tweets_id,users_id) VALUES (3252,'2024-06-25 16:00:00',2305,102);
INSERT INTO like_tweets (id,like_tweet_date,tweets_id,users_id) VALUES (3253,'2024-01-03 05:00:00',2069,138);
INSERT INTO like_tweets (id,like_tweet_date,tweets_id,users_id) VALUES (3254,'2024-03-14 07:00:00',2153,128);
INSERT INTO like_tweets (id,like_tweet_date,tweets_id,users_id) VALUES (3255,'2024-04-04 04:00:00',2161,102);
INSERT INTO like_tweets (id,like_tweet_date,tweets_id,users_id) VALUES (3256,'2024-07-08 21:00:00',2283,173);
INSERT INTO like_tweets (id,like_tweet_date,tweets_id,users_id) VALUES (3257,'2024-02-02 04:00:00',2292,119);
INSERT INTO like_tweets (id,like_tweet_date,tweets_id,users_id) VALUES (3258,'2024-05-01 09:00:00',2019,158);
INSERT INTO like_tweets (id,like_tweet_date,tweets_id,users_id) VALUES (3259,'2024-03-31 10:00:00',2079,117);
INSERT INTO like_tweets (id,like_tweet_date,tweets_id,users_id) VALUES (3260,'2024-03-20 12:00:00',2187,131);
INSERT INTO like_tweets (id,like_tweet_date,tweets_id,users_id) VALUES (3261,'2024-02-01 08:00:00',2131,138);
INSERT INTO like_tweets (id,like_tweet_date,tweets_id,users_id) VALUES (3262,'2024-07-13 05:00:00',2292,151);
INSERT INTO like_tweets (id,like_tweet_date,tweets_id,users_id) VALUES (3263,'2024-04-20 19:00:00',2111,109);
INSERT INTO like_tweets (id,like_tweet_date,tweets_id,users_id) VALUES (3264,'2024-06-15 15:00:00',2247,122);
INSERT INTO like_tweets (id,like_tweet_date,tweets_id,users_id) VALUES (3265,'2024-07-22 04:00:00',2295,112);
INSERT INTO like_tweets (id,like_tweet_date,tweets_id,users_id) VALUES (3266,'2024-01-13 18:00:00',2328,138);
INSERT INTO like_tweets (id,like_tweet_date,tweets_id,users_id) VALUES (3267,'2024-01-27 18:00:00',2295,148);
INSERT INTO like_tweets (id,like_tweet_date,tweets_id,users_id) VALUES (3268,'2024-04-28 18:00:00',2028,142);
INSERT INTO like_tweets (id,like_tweet_date,tweets_id,users_id) VALUES (3269,'2024-02-11 03:00:00',2222,153);
INSERT INTO like_tweets (id,like_tweet_date,tweets_id,users_id) VALUES (3270,'2024-05-10 13:00:00',2116,101);
INSERT INTO like_tweets (id,like_tweet_date,tweets_id,users_id) VALUES (3271,'2024-06-27 23:00:00',2027,139);
INSERT INTO like_tweets (id,like_tweet_date,tweets_id,users_id) VALUES (3272,'2024-07-03 07:00:00',2021,140);
INSERT INTO like_tweets (id,like_tweet_date,tweets_id,users_id) VALUES (3273,'2024-04-21 13:00:00',2289,119);
INSERT INTO like_tweets (id,like_tweet_date,tweets_id,users_id) VALUES (3274,'2024-02-22 06:00:00',2257,128);
INSERT INTO like_tweets (id,like_tweet_date,tweets_id,users_id) VALUES (3275,'2024-06-01 02:00:00',2025,150);
INSERT INTO like_tweets (id,like_tweet_date,tweets_id,users_id) VALUES (3276,'2024-01-31 17:00:00',2304,172);
INSERT INTO like_tweets (id,like_tweet_date,tweets_id,users_id) VALUES (3277,'2024-04-08 21:00:00',2113,155);
INSERT INTO like_tweets (id,like_tweet_date,tweets_id,users_id) VALUES (3278,'2024-02-15 02:00:00',2201,118);
INSERT INTO like_tweets (id,like_tweet_date,tweets_id,users_id) VALUES (3279,'2024-06-11 10:00:00',2172,110);
INSERT INTO like_tweets (id,like_tweet_date,tweets_id,users_id) VALUES (3280,'2024-07-06 02:00:00',2292,106);
INSERT INTO like_tweets (id,like_tweet_date,tweets_id,users_id) VALUES (3281,'2024-01-30 00:00:00',2204,133);
INSERT INTO like_tweets (id,like_tweet_date,tweets_id,users_id) VALUES (3282,'2024-05-28 07:00:00',2204,172);
INSERT INTO like_tweets (id,like_tweet_date,tweets_id,users_id) VALUES (3283,'2024-06-13 03:00:00',2066,117);
INSERT INTO like_tweets (id,like_tweet_date,tweets_id,users_id) VALUES (3284,'2024-06-15 12:00:00',2286,125);
INSERT INTO like_tweets (id,like_tweet_date,tweets_id,users_id) VALUES (3285,'2024-07-10 13:00:00',2202,125);
INSERT INTO like_tweets (id,like_tweet_date,tweets_id,users_id) VALUES (3286,'2024-03-25 01:00:00',2315,175);
INSERT INTO like_tweets (id,like_tweet_date,tweets_id,users_id) VALUES (3287,'2024-03-31 21:00:00',2124,109);
INSERT INTO like_tweets (id,like_tweet_date,tweets_id,users_id) VALUES (3288,'2024-07-15 14:00:00',2220,141);
INSERT INTO like_tweets (id,like_tweet_date,tweets_id,users_id) VALUES (3289,'2024-05-21 04:00:00',2045,114);
INSERT INTO like_tweets (id,like_tweet_date,tweets_id,users_id) VALUES (3290,'2024-04-28 21:00:00',2216,146);
INSERT INTO like_tweets (id,like_tweet_date,tweets_id,users_id) VALUES (3291,'2024-04-27 14:00:00',2097,141);
INSERT INTO like_tweets (id,like_tweet_date,tweets_id,users_id) VALUES (3292,'2024-04-14 01:00:00',2304,103);
INSERT INTO like_tweets (id,like_tweet_date,tweets_id,users_id) VALUES (3293,'2024-05-30 22:00:00',2086,144);
INSERT INTO like_tweets (id,like_tweet_date,tweets_id,users_id) VALUES (3294,'2024-05-30 08:00:00',2319,118);
INSERT INTO like_tweets (id,like_tweet_date,tweets_id,users_id) VALUES (3295,'2024-03-09 03:00:00',2022,129);
INSERT INTO like_tweets (id,like_tweet_date,tweets_id,users_id) VALUES (3296,'2024-01-30 06:00:00',2191,119);
INSERT INTO like_tweets (id,like_tweet_date,tweets_id,users_id) VALUES (3297,'2024-03-23 23:00:00',2057,106);
INSERT INTO like_tweets (id,like_tweet_date,tweets_id,users_id) VALUES (3298,'2024-04-08 04:00:00',2317,118);
INSERT INTO like_tweets (id,like_tweet_date,tweets_id,users_id) VALUES (3299,'2024-02-07 23:00:00',2007,143);
INSERT INTO like_tweets (id,like_tweet_date,tweets_id,users_id) VALUES (3300,'2024-06-09 19:00:00',2156,157);
INSERT INTO like_tweets (id,like_tweet_date,tweets_id,users_id) VALUES (3301,'2024-03-12 08:00:00',2011,142);
INSERT INTO like_tweets (id,like_tweet_date,tweets_id,users_id) VALUES (3302,'2024-03-10 13:00:00',2275,127);
INSERT INTO like_tweets (id,like_tweet_date,tweets_id,users_id) VALUES (3303,'2024-03-29 06:00:00',2279,174);
INSERT INTO like_tweets (id,like_tweet_date,tweets_id,users_id) VALUES (3304,'2024-02-18 05:00:00',2280,161);
INSERT INTO like_tweets (id,like_tweet_date,tweets_id,users_id) VALUES (3305,'2024-05-08 13:00:00',2342,102);
INSERT INTO like_tweets (id,like_tweet_date,tweets_id,users_id) VALUES (3306,'2024-01-15 20:00:00',2298,175);
INSERT INTO like_tweets (id,like_tweet_date,tweets_id,users_id) VALUES (3307,'2024-01-21 12:00:00',2130,121);
INSERT INTO like_tweets (id,like_tweet_date,tweets_id,users_id) VALUES (3308,'2024-04-02 14:00:00',2145,125);
INSERT INTO like_tweets (id,like_tweet_date,tweets_id,users_id) VALUES (3309,'2024-01-03 20:00:00',2027,159);
INSERT INTO like_tweets (id,like_tweet_date,tweets_id,users_id) VALUES (3310,'2024-04-02 14:00:00',2034,149);
INSERT INTO like_tweets (id,like_tweet_date,tweets_id,users_id) VALUES (3311,'2024-02-06 19:00:00',2339,146);
INSERT INTO like_tweets (id,like_tweet_date,tweets_id,users_id) VALUES (3312,'2024-05-11 22:00:00',2009,137);
INSERT INTO like_tweets (id,like_tweet_date,tweets_id,users_id) VALUES (3313,'2024-06-22 13:00:00',2118,148);
INSERT INTO like_tweets (id,like_tweet_date,tweets_id,users_id) VALUES (3314,'2024-06-14 10:00:00',2050,140);
INSERT INTO like_tweets (id,like_tweet_date,tweets_id,users_id) VALUES (3315,'2024-01-31 01:00:00',2305,176);
INSERT INTO like_tweets (id,like_tweet_date,tweets_id,users_id) VALUES (3316,'2024-06-19 21:00:00',2095,125);
INSERT INTO like_tweets (id,like_tweet_date,tweets_id,users_id) VALUES (3317,'2024-01-14 13:00:00',2234,102);
INSERT INTO like_tweets (id,like_tweet_date,tweets_id,users_id) VALUES (3318,'2024-04-14 01:00:00',2126,175);
INSERT INTO like_tweets (id,like_tweet_date,tweets_id,users_id) VALUES (3319,'2024-05-14 06:00:00',2170,170);
INSERT INTO like_tweets (id,like_tweet_date,tweets_id,users_id) VALUES (3320,'2024-04-28 08:00:00',2080,102);
INSERT INTO like_tweets (id,like_tweet_date,tweets_id,users_id) VALUES (3321,'2024-04-13 04:00:00',2180,145);
INSERT INTO like_tweets (id,like_tweet_date,tweets_id,users_id) VALUES (3322,'2024-04-04 03:00:00',2120,172);
INSERT INTO like_tweets (id,like_tweet_date,tweets_id,users_id) VALUES (3323,'2024-05-12 03:00:00',2031,132);
INSERT INTO like_tweets (id,like_tweet_date,tweets_id,users_id) VALUES (3324,'2024-03-17 23:00:00',2015,135);
INSERT INTO like_tweets (id,like_tweet_date,tweets_id,users_id) VALUES (3325,'2024-05-14 02:00:00',2077,143);
INSERT INTO like_tweets (id,like_tweet_date,tweets_id,users_id) VALUES (3326,'2024-01-30 23:00:00',2336,117);
INSERT INTO like_tweets (id,like_tweet_date,tweets_id,users_id) VALUES (3327,'2024-03-18 15:00:00',2195,174);
INSERT INTO like_tweets (id,like_tweet_date,tweets_id,users_id) VALUES (3328,'2024-07-14 13:00:00',2213,130);
INSERT INTO like_tweets (id,like_tweet_date,tweets_id,users_id) VALUES (3329,'2024-04-16 15:00:00',2078,154);
INSERT INTO like_tweets (id,like_tweet_date,tweets_id,users_id) VALUES (3330,'2024-06-02 07:00:00',2309,142);
INSERT INTO like_tweets (id,like_tweet_date,tweets_id,users_id) VALUES (3331,'2024-03-11 13:00:00',2277,116);
INSERT INTO like_tweets (id,like_tweet_date,tweets_id,users_id) VALUES (3332,'2024-07-17 07:00:00',2334,117);
INSERT INTO like_tweets (id,like_tweet_date,tweets_id,users_id) VALUES (3333,'2024-02-17 03:00:00',2277,125);
INSERT INTO like_tweets (id,like_tweet_date,tweets_id,users_id) VALUES (3334,'2024-02-16 03:00:00',2158,175);
INSERT INTO like_tweets (id,like_tweet_date,tweets_id,users_id) VALUES (3335,'2024-07-11 19:00:00',2220,118);
INSERT INTO like_tweets (id,like_tweet_date,tweets_id,users_id) VALUES (3336,'2024-01-24 03:00:00',2080,140);
INSERT INTO like_tweets (id,like_tweet_date,tweets_id,users_id) VALUES (3337,'2024-02-10 09:00:00',2285,176);
INSERT INTO like_tweets (id,like_tweet_date,tweets_id,users_id) VALUES (3338,'2024-02-19 16:00:00',2094,140);
INSERT INTO like_tweets (id,like_tweet_date,tweets_id,users_id) VALUES (3339,'2024-05-21 07:00:00',2015,140);
INSERT INTO like_tweets (id,like_tweet_date,tweets_id,users_id) VALUES (3340,'2024-05-31 05:00:00',2210,138);
INSERT INTO like_tweets (id,like_tweet_date,tweets_id,users_id) VALUES (3341,'2024-02-21 20:00:00',2326,135);
INSERT INTO like_tweets (id,like_tweet_date,tweets_id,users_id) VALUES (3342,'2024-02-14 21:00:00',2096,113);
INSERT INTO like_tweets (id,like_tweet_date,tweets_id,users_id) VALUES (3343,'2024-04-01 02:00:00',2094,103);
INSERT INTO like_tweets (id,like_tweet_date,tweets_id,users_id) VALUES (3344,'2024-07-22 13:00:00',2310,129);
INSERT INTO like_tweets (id,like_tweet_date,tweets_id,users_id) VALUES (3345,'2024-01-09 21:00:00',2118,129);
INSERT INTO like_tweets (id,like_tweet_date,tweets_id,users_id) VALUES (3346,'2024-06-11 16:00:00',2183,110);
INSERT INTO like_tweets (id,like_tweet_date,tweets_id,users_id) VALUES (3347,'2024-07-25 09:00:00',2068,172);
INSERT INTO like_tweets (id,like_tweet_date,tweets_id,users_id) VALUES (3348,'2024-03-03 19:00:00',2240,147);
INSERT INTO like_tweets (id,like_tweet_date,tweets_id,users_id) VALUES (3349,'2024-06-10 17:00:00',2198,170);
INSERT INTO like_tweets (id,like_tweet_date,tweets_id,users_id) VALUES (3350,'2024-03-06 23:00:00',2070,120);
INSERT INTO like_tweets (id,like_tweet_date,tweets_id,users_id) VALUES (3351,'2024-05-19 11:00:00',2115,104);
INSERT INTO like_tweets (id,like_tweet_date,tweets_id,users_id) VALUES (3352,'2024-05-20 23:00:00',2007,134);
INSERT INTO like_tweets (id,like_tweet_date,tweets_id,users_id) VALUES (3353,'2024-03-10 19:00:00',2113,125);
INSERT INTO like_tweets (id,like_tweet_date,tweets_id,users_id) VALUES (3354,'2024-05-29 22:00:00',2033,122);
INSERT INTO like_tweets (id,like_tweet_date,tweets_id,users_id) VALUES (3355,'2024-04-20 21:00:00',2315,170);
INSERT INTO like_tweets (id,like_tweet_date,tweets_id,users_id) VALUES (3356,'2024-05-25 22:00:00',2234,131);
INSERT INTO like_tweets (id,like_tweet_date,tweets_id,users_id) VALUES (3357,'2024-07-26 12:00:00',2207,105);
INSERT INTO like_tweets (id,like_tweet_date,tweets_id,users_id) VALUES (3358,'2024-05-14 12:00:00',2194,140);
INSERT INTO like_tweets (id,like_tweet_date,tweets_id,users_id) VALUES (3359,'2024-06-28 06:00:00',2313,176);
INSERT INTO like_tweets (id,like_tweet_date,tweets_id,users_id) VALUES (3360,'2024-06-26 17:00:00',2328,104);
INSERT INTO like_tweets (id,like_tweet_date,tweets_id,users_id) VALUES (3361,'2024-06-04 22:00:00',2055,157);
INSERT INTO like_tweets (id,like_tweet_date,tweets_id,users_id) VALUES (3362,'2024-06-26 01:00:00',2021,131);
INSERT INTO like_tweets (id,like_tweet_date,tweets_id,users_id) VALUES (3363,'2024-01-14 09:00:00',2275,150);
INSERT INTO like_tweets (id,like_tweet_date,tweets_id,users_id) VALUES (3364,'2024-06-25 04:00:00',2285,149);
INSERT INTO like_tweets (id,like_tweet_date,tweets_id,users_id) VALUES (3365,'2024-03-05 19:00:00',2322,106);
INSERT INTO like_tweets (id,like_tweet_date,tweets_id,users_id) VALUES (3366,'2024-05-15 20:00:00',2149,156);
INSERT INTO like_tweets (id,like_tweet_date,tweets_id,users_id) VALUES (3367,'2024-06-06 11:00:00',2155,136);
INSERT INTO like_tweets (id,like_tweet_date,tweets_id,users_id) VALUES (3368,'2024-04-10 11:00:00',2085,154);
INSERT INTO like_tweets (id,like_tweet_date,tweets_id,users_id) VALUES (3369,'2024-06-25 11:00:00',2313,106);
INSERT INTO like_tweets (id,like_tweet_date,tweets_id,users_id) VALUES (3370,'2024-06-03 04:00:00',2072,159);
INSERT INTO like_tweets (id,like_tweet_date,tweets_id,users_id) VALUES (3371,'2024-02-08 15:00:00',2046,172);
INSERT INTO like_tweets (id,like_tweet_date,tweets_id,users_id) VALUES (3372,'2024-02-16 04:00:00',2092,177);
INSERT INTO like_tweets (id,like_tweet_date,tweets_id,users_id) VALUES (3373,'2024-04-20 09:00:00',2201,152);
INSERT INTO like_tweets (id,like_tweet_date,tweets_id,users_id) VALUES (3374,'2024-03-02 01:00:00',2230,103);
INSERT INTO like_tweets (id,like_tweet_date,tweets_id,users_id) VALUES (3375,'2024-06-04 04:00:00',2232,125);
INSERT INTO like_tweets (id,like_tweet_date,tweets_id,users_id) VALUES (3376,'2024-04-20 14:00:00',2046,132);
INSERT INTO like_tweets (id,like_tweet_date,tweets_id,users_id) VALUES (3377,'2024-02-12 04:00:00',2332,120);
INSERT INTO like_tweets (id,like_tweet_date,tweets_id,users_id) VALUES (3378,'2024-06-02 09:00:00',2046,114);
INSERT INTO like_tweets (id,like_tweet_date,tweets_id,users_id) VALUES (3379,'2024-01-30 02:00:00',2324,146);
INSERT INTO like_tweets (id,like_tweet_date,tweets_id,users_id) VALUES (3380,'2024-06-23 15:00:00',2268,149);
INSERT INTO like_tweets (id,like_tweet_date,tweets_id,users_id) VALUES (3381,'2024-05-09 06:00:00',2313,120);
INSERT INTO like_tweets (id,like_tweet_date,tweets_id,users_id) VALUES (3382,'2024-01-15 23:00:00',2281,148);
INSERT INTO like_tweets (id,like_tweet_date,tweets_id,users_id) VALUES (3383,'2024-07-12 00:00:00',2087,142);
INSERT INTO like_tweets (id,like_tweet_date,tweets_id,users_id) VALUES (3384,'2024-02-25 08:00:00',2337,119);
INSERT INTO like_tweets (id,like_tweet_date,tweets_id,users_id) VALUES (3385,'2024-01-18 12:00:00',2074,122);
INSERT INTO like_tweets (id,like_tweet_date,tweets_id,users_id) VALUES (3386,'2024-04-15 15:00:00',2214,139);
INSERT INTO like_tweets (id,like_tweet_date,tweets_id,users_id) VALUES (3387,'2024-03-02 16:00:00',2228,136);
INSERT INTO like_tweets (id,like_tweet_date,tweets_id,users_id) VALUES (3388,'2024-03-10 05:00:00',2060,116);
INSERT INTO like_tweets (id,like_tweet_date,tweets_id,users_id) VALUES (3389,'2024-01-05 04:00:00',2001,132);
INSERT INTO like_tweets (id,like_tweet_date,tweets_id,users_id) VALUES (3390,'2024-06-19 04:00:00',2234,171);
INSERT INTO like_tweets (id,like_tweet_date,tweets_id,users_id) VALUES (3391,'2024-07-26 12:00:00',2278,100);
INSERT INTO like_tweets (id,like_tweet_date,tweets_id,users_id) VALUES (3392,'2024-03-15 00:00:00',2252,130);
INSERT INTO like_tweets (id,like_tweet_date,tweets_id,users_id) VALUES (3393,'2024-06-03 21:00:00',2301,160);
INSERT INTO like_tweets (id,like_tweet_date,tweets_id,users_id) VALUES (3394,'2024-01-28 02:00:00',2209,156);
INSERT INTO like_tweets (id,like_tweet_date,tweets_id,users_id) VALUES (3395,'2024-03-24 12:00:00',2307,100);
INSERT INTO like_tweets (id,like_tweet_date,tweets_id,users_id) VALUES (3396,'2024-07-09 07:00:00',2280,135);
INSERT INTO like_tweets (id,like_tweet_date,tweets_id,users_id) VALUES (3397,'2024-03-04 02:00:00',2106,106);
INSERT INTO like_tweets (id,like_tweet_date,tweets_id,users_id) VALUES (3398,'2024-04-29 03:00:00',2075,107);
INSERT INTO like_tweets (id,like_tweet_date,tweets_id,users_id) VALUES (3399,'2024-01-12 01:00:00',2018,118);
INSERT INTO like_tweets (id,like_tweet_date,tweets_id,users_id) VALUES (3400,'2024-04-23 00:00:00',2341,138);
INSERT INTO like_tweets (id,like_tweet_date,tweets_id,users_id) VALUES (3401,'2024-02-07 04:00:00',2044,106);
INSERT INTO like_tweets (id,like_tweet_date,tweets_id,users_id) VALUES (3402,'2024-02-25 01:00:00',2213,122);
INSERT INTO like_tweets (id,like_tweet_date,tweets_id,users_id) VALUES (3403,'2024-07-22 01:00:00',2344,136);
INSERT INTO like_tweets (id,like_tweet_date,tweets_id,users_id) VALUES (3404,'2024-06-04 10:00:00',2293,122);
INSERT INTO like_tweets (id,like_tweet_date,tweets_id,users_id) VALUES (3405,'2024-01-13 05:00:00',2296,146);
INSERT INTO like_tweets (id,like_tweet_date,tweets_id,users_id) VALUES (3406,'2024-04-20 04:00:00',2047,138);
INSERT INTO like_tweets (id,like_tweet_date,tweets_id,users_id) VALUES (3407,'2024-01-24 02:00:00',2188,148);
INSERT INTO like_tweets (id,like_tweet_date,tweets_id,users_id) VALUES (3408,'2024-04-09 22:00:00',2218,108);
INSERT INTO like_tweets (id,like_tweet_date,tweets_id,users_id) VALUES (3409,'2024-02-11 15:00:00',2241,117);
INSERT INTO like_tweets (id,like_tweet_date,tweets_id,users_id) VALUES (3410,'2024-06-28 21:00:00',2140,142);
INSERT INTO like_tweets (id,like_tweet_date,tweets_id,users_id) VALUES (3411,'2024-03-12 15:00:00',2211,175);
INSERT INTO like_tweets (id,like_tweet_date,tweets_id,users_id) VALUES (3412,'2024-02-07 07:00:00',2107,107);
INSERT INTO like_tweets (id,like_tweet_date,tweets_id,users_id) VALUES (3413,'2024-01-30 22:00:00',2292,175);
INSERT INTO like_tweets (id,like_tweet_date,tweets_id,users_id) VALUES (3414,'2024-05-25 18:00:00',2247,136);
INSERT INTO like_tweets (id,like_tweet_date,tweets_id,users_id) VALUES (3415,'2024-03-29 15:00:00',2311,140);
INSERT INTO like_tweets (id,like_tweet_date,tweets_id,users_id) VALUES (3416,'2024-02-14 06:00:00',2269,145);
INSERT INTO like_tweets (id,like_tweet_date,tweets_id,users_id) VALUES (3417,'2024-06-26 09:00:00',2314,171);
INSERT INTO like_tweets (id,like_tweet_date,tweets_id,users_id) VALUES (3418,'2024-06-17 02:00:00',2323,171);
INSERT INTO like_tweets (id,like_tweet_date,tweets_id,users_id) VALUES (3419,'2024-04-09 03:00:00',2092,129);
INSERT INTO like_tweets (id,like_tweet_date,tweets_id,users_id) VALUES (3420,'2024-02-10 08:00:00',2099,100);
INSERT INTO like_tweets (id,like_tweet_date,tweets_id,users_id) VALUES (3421,'2024-02-10 06:00:00',2012,159);
INSERT INTO like_tweets (id,like_tweet_date,tweets_id,users_id) VALUES (3422,'2024-05-21 07:00:00',2106,153);
INSERT INTO like_tweets (id,like_tweet_date,tweets_id,users_id) VALUES (3423,'2024-04-29 08:00:00',2023,142);
INSERT INTO like_tweets (id,like_tweet_date,tweets_id,users_id) VALUES (3424,'2024-01-04 20:00:00',2286,127);
INSERT INTO like_tweets (id,like_tweet_date,tweets_id,users_id) VALUES (3425,'2024-04-06 03:00:00',2327,125);
INSERT INTO like_tweets (id,like_tweet_date,tweets_id,users_id) VALUES (3426,'2024-04-15 01:00:00',2130,108);
INSERT INTO like_tweets (id,like_tweet_date,tweets_id,users_id) VALUES (3427,'2024-07-06 17:00:00',2153,172);
INSERT INTO like_tweets (id,like_tweet_date,tweets_id,users_id) VALUES (3428,'2024-02-08 20:00:00',2165,100);
INSERT INTO like_tweets (id,like_tweet_date,tweets_id,users_id) VALUES (3429,'2024-05-15 04:00:00',2170,143);
INSERT INTO like_tweets (id,like_tweet_date,tweets_id,users_id) VALUES (3430,'2024-02-29 22:00:00',2291,103);
INSERT INTO like_tweets (id,like_tweet_date,tweets_id,users_id) VALUES (3431,'2024-04-25 08:00:00',2099,142);
INSERT INTO like_tweets (id,like_tweet_date,tweets_id,users_id) VALUES (3432,'2024-06-10 23:00:00',2344,161);
INSERT INTO like_tweets (id,like_tweet_date,tweets_id,users_id) VALUES (3433,'2024-06-13 08:00:00',2018,117);
INSERT INTO like_tweets (id,like_tweet_date,tweets_id,users_id) VALUES (3434,'2024-07-02 06:00:00',2079,158);
INSERT INTO like_tweets (id,like_tweet_date,tweets_id,users_id) VALUES (3435,'2024-05-21 07:00:00',2171,159);
INSERT INTO like_tweets (id,like_tweet_date,tweets_id,users_id) VALUES (3436,'2024-04-12 04:00:00',2028,174);
INSERT INTO like_tweets (id,like_tweet_date,tweets_id,users_id) VALUES (3437,'2024-07-08 12:00:00',2289,140);
INSERT INTO like_tweets (id,like_tweet_date,tweets_id,users_id) VALUES (3438,'2024-03-12 02:00:00',2274,102);
INSERT INTO like_tweets (id,like_tweet_date,tweets_id,users_id) VALUES (3439,'2024-04-30 16:00:00',2295,142);
INSERT INTO like_tweets (id,like_tweet_date,tweets_id,users_id) VALUES (3440,'2024-04-05 17:00:00',2033,119);
INSERT INTO like_tweets (id,like_tweet_date,tweets_id,users_id) VALUES (3441,'2024-05-08 01:00:00',2015,143);
INSERT INTO like_tweets (id,like_tweet_date,tweets_id,users_id) VALUES (3442,'2024-02-26 15:00:00',2320,176);
INSERT INTO like_tweets (id,like_tweet_date,tweets_id,users_id) VALUES (3443,'2024-03-04 23:00:00',2292,149);
INSERT INTO like_tweets (id,like_tweet_date,tweets_id,users_id) VALUES (3444,'2024-04-15 05:00:00',2304,114);
INSERT INTO like_tweets (id,like_tweet_date,tweets_id,users_id) VALUES (3445,'2024-04-02 16:00:00',2161,104);
INSERT INTO like_tweets (id,like_tweet_date,tweets_id,users_id) VALUES (3446,'2024-06-18 15:00:00',2211,111);
INSERT INTO like_tweets (id,like_tweet_date,tweets_id,users_id) VALUES (3447,'2024-06-03 06:00:00',2121,147);
INSERT INTO like_tweets (id,like_tweet_date,tweets_id,users_id) VALUES (3448,'2024-06-28 05:00:00',2154,127);
INSERT INTO like_tweets (id,like_tweet_date,tweets_id,users_id) VALUES (3449,'2024-02-08 07:00:00',2154,122);
INSERT INTO like_tweets (id,like_tweet_date,tweets_id,users_id) VALUES (3450,'2024-03-09 23:00:00',2191,104);
INSERT INTO like_tweets (id,like_tweet_date,tweets_id,users_id) VALUES (3451,'2024-06-21 17:00:00',2047,156);
INSERT INTO like_tweets (id,like_tweet_date,tweets_id,users_id) VALUES (3452,'2024-06-19 16:00:00',2012,161);
INSERT INTO like_tweets (id,like_tweet_date,tweets_id,users_id) VALUES (3453,'2024-04-26 02:00:00',2078,124);
INSERT INTO like_tweets (id,like_tweet_date,tweets_id,users_id) VALUES (3454,'2024-04-15 22:00:00',2247,175);
INSERT INTO like_tweets (id,like_tweet_date,tweets_id,users_id) VALUES (3455,'2024-02-03 12:00:00',2167,118);
INSERT INTO like_tweets (id,like_tweet_date,tweets_id,users_id) VALUES (3456,'2024-03-11 00:00:00',2264,116);
INSERT INTO like_tweets (id,like_tweet_date,tweets_id,users_id) VALUES (3457,'2024-05-12 07:00:00',2018,158);
INSERT INTO like_tweets (id,like_tweet_date,tweets_id,users_id) VALUES (3458,'2024-01-02 09:00:00',2267,114);
INSERT INTO like_tweets (id,like_tweet_date,tweets_id,users_id) VALUES (3459,'2024-07-21 20:00:00',2159,105);
INSERT INTO like_tweets (id,like_tweet_date,tweets_id,users_id) VALUES (3460,'2024-06-08 08:00:00',2044,142);
INSERT INTO like_tweets (id,like_tweet_date,tweets_id,users_id) VALUES (3461,'2024-06-26 16:00:00',2023,113);
INSERT INTO like_tweets (id,like_tweet_date,tweets_id,users_id) VALUES (3462,'2024-01-08 16:00:00',2337,139);
INSERT INTO like_tweets (id,like_tweet_date,tweets_id,users_id) VALUES (3463,'2024-03-12 15:00:00',2295,139);
INSERT INTO like_tweets (id,like_tweet_date,tweets_id,users_id) VALUES (3464,'2024-03-06 17:00:00',2164,125);
INSERT INTO like_tweets (id,like_tweet_date,tweets_id,users_id) VALUES (3465,'2024-06-30 16:00:00',2146,135);
INSERT INTO like_tweets (id,like_tweet_date,tweets_id,users_id) VALUES (3466,'2024-02-10 03:00:00',2163,156);
INSERT INTO like_tweets (id,like_tweet_date,tweets_id,users_id) VALUES (3467,'2024-02-23 18:00:00',2139,119);
INSERT INTO like_tweets (id,like_tweet_date,tweets_id,users_id) VALUES (3468,'2024-01-06 04:00:00',2140,114);
INSERT INTO like_tweets (id,like_tweet_date,tweets_id,users_id) VALUES (3469,'2024-02-04 22:00:00',2318,173);
INSERT INTO like_tweets (id,like_tweet_date,tweets_id,users_id) VALUES (3470,'2024-04-29 13:00:00',2105,177);
INSERT INTO like_tweets (id,like_tweet_date,tweets_id,users_id) VALUES (3471,'2024-04-02 12:00:00',2281,140);
INSERT INTO like_tweets (id,like_tweet_date,tweets_id,users_id) VALUES (3472,'2024-07-14 22:00:00',2072,136);
INSERT INTO like_tweets (id,like_tweet_date,tweets_id,users_id) VALUES (3473,'2024-01-25 07:00:00',2125,121);
INSERT INTO like_tweets (id,like_tweet_date,tweets_id,users_id) VALUES (3474,'2024-07-03 12:00:00',2159,143);
INSERT INTO like_tweets (id,like_tweet_date,tweets_id,users_id) VALUES (3475,'2024-02-14 09:00:00',2227,106);
INSERT INTO like_tweets (id,like_tweet_date,tweets_id,users_id) VALUES (3476,'2024-01-18 05:00:00',2014,160);
INSERT INTO like_tweets (id,like_tweet_date,tweets_id,users_id) VALUES (3477,'2024-01-19 08:00:00',2054,149);
INSERT INTO like_tweets (id,like_tweet_date,tweets_id,users_id) VALUES (3478,'2024-05-13 18:00:00',2044,154);
INSERT INTO like_tweets (id,like_tweet_date,tweets_id,users_id) VALUES (3479,'2024-05-01 09:00:00',2091,157);
INSERT INTO like_tweets (id,like_tweet_date,tweets_id,users_id) VALUES (3480,'2024-03-08 15:00:00',2159,142);
INSERT INTO like_tweets (id,like_tweet_date,tweets_id,users_id) VALUES (3481,'2024-01-27 19:00:00',2343,176);
INSERT INTO like_tweets (id,like_tweet_date,tweets_id,users_id) VALUES (3482,'2024-02-01 17:00:00',2238,116);
INSERT INTO like_tweets (id,like_tweet_date,tweets_id,users_id) VALUES (3483,'2024-06-04 12:00:00',2239,112);
INSERT INTO like_tweets (id,like_tweet_date,tweets_id,users_id) VALUES (3484,'2024-06-09 14:00:00',2158,159);
INSERT INTO like_tweets (id,like_tweet_date,tweets_id,users_id) VALUES (3485,'2024-02-19 01:00:00',2118,128);
INSERT INTO like_tweets (id,like_tweet_date,tweets_id,users_id) VALUES (3486,'2024-05-04 01:00:00',2315,133);
INSERT INTO like_tweets (id,like_tweet_date,tweets_id,users_id) VALUES (3487,'2024-04-22 18:00:00',2200,123);
INSERT INTO like_tweets (id,like_tweet_date,tweets_id,users_id) VALUES (3488,'2024-06-15 09:00:00',2166,158);
INSERT INTO like_tweets (id,like_tweet_date,tweets_id,users_id) VALUES (3489,'2024-06-11 05:00:00',2015,108);
INSERT INTO like_tweets (id,like_tweet_date,tweets_id,users_id) VALUES (3490,'2024-06-12 09:00:00',2057,144);
INSERT INTO like_tweets (id,like_tweet_date,tweets_id,users_id) VALUES (3491,'2024-04-06 08:00:00',2236,121);
INSERT INTO like_tweets (id,like_tweet_date,tweets_id,users_id) VALUES (3492,'2024-06-22 09:00:00',2178,116);
INSERT INTO like_tweets (id,like_tweet_date,tweets_id,users_id) VALUES (3493,'2024-02-06 12:00:00',2052,151);
INSERT INTO like_tweets (id,like_tweet_date,tweets_id,users_id) VALUES (3494,'2024-04-13 02:00:00',2166,109);
INSERT INTO like_tweets (id,like_tweet_date,tweets_id,users_id) VALUES (3495,'2024-05-16 19:00:00',2272,159);
INSERT INTO like_tweets (id,like_tweet_date,tweets_id,users_id) VALUES (3496,'2024-03-22 10:00:00',2302,152);
INSERT INTO like_tweets (id,like_tweet_date,tweets_id,users_id) VALUES (3497,'2024-07-06 00:00:00',2317,131);
INSERT INTO like_tweets (id,like_tweet_date,tweets_id,users_id) VALUES (3498,'2024-05-11 00:00:00',2081,161);
INSERT INTO like_tweets (id,like_tweet_date,tweets_id,users_id) VALUES (3499,'2024-03-12 01:00:00',2033,143);
INSERT INTO like_tweets (id,like_tweet_date,tweets_id,users_id) VALUES (3500,'2024-05-28 14:00:00',2302,155);
INSERT INTO like_tweets (id,like_tweet_date,tweets_id,users_id) VALUES (3501,'2024-07-04 20:00:00',2290,143);
INSERT INTO like_tweets (id,like_tweet_date,tweets_id,users_id) VALUES (3502,'2024-01-27 14:00:00',2120,122);
INSERT INTO like_tweets (id,like_tweet_date,tweets_id,users_id) VALUES (3503,'2024-02-09 00:00:00',2293,170);
INSERT INTO like_tweets (id,like_tweet_date,tweets_id,users_id) VALUES (3504,'2024-04-21 01:00:00',2303,159);
INSERT INTO like_tweets (id,like_tweet_date,tweets_id,users_id) VALUES (3505,'2024-05-31 23:00:00',2284,112);
INSERT INTO like_tweets (id,like_tweet_date,tweets_id,users_id) VALUES (3506,'2024-05-18 12:00:00',2090,139);
INSERT INTO like_tweets (id,like_tweet_date,tweets_id,users_id) VALUES (3507,'2024-07-22 13:00:00',2035,113);
INSERT INTO like_tweets (id,like_tweet_date,tweets_id,users_id) VALUES (3508,'2024-06-17 17:00:00',2194,141);
INSERT INTO like_tweets (id,like_tweet_date,tweets_id,users_id) VALUES (3509,'2024-01-31 21:00:00',2330,107);
INSERT INTO like_tweets (id,like_tweet_date,tweets_id,users_id) VALUES (3510,'2024-07-17 05:00:00',2111,117);
INSERT INTO like_tweets (id,like_tweet_date,tweets_id,users_id) VALUES (3511,'2024-02-20 01:00:00',2325,100);
INSERT INTO like_tweets (id,like_tweet_date,tweets_id,users_id) VALUES (3512,'2024-06-03 14:00:00',2338,119);
INSERT INTO like_tweets (id,like_tweet_date,tweets_id,users_id) VALUES (3513,'2024-05-13 02:00:00',2272,137);
INSERT INTO like_tweets (id,like_tweet_date,tweets_id,users_id) VALUES (3514,'2024-03-07 18:00:00',2315,157);
INSERT INTO like_tweets (id,like_tweet_date,tweets_id,users_id) VALUES (3515,'2024-04-12 07:00:00',2105,140);
INSERT INTO like_tweets (id,like_tweet_date,tweets_id,users_id) VALUES (3516,'2024-05-28 09:00:00',2291,138);
INSERT INTO like_tweets (id,like_tweet_date,tweets_id,users_id) VALUES (3517,'2024-07-17 21:00:00',2176,111);
INSERT INTO like_tweets (id,like_tweet_date,tweets_id,users_id) VALUES (3518,'2024-05-17 23:00:00',2004,173);
INSERT INTO like_tweets (id,like_tweet_date,tweets_id,users_id) VALUES (3519,'2024-01-22 07:00:00',2065,137);
INSERT INTO like_tweets (id,like_tweet_date,tweets_id,users_id) VALUES (3520,'2024-01-01 06:00:00',2189,106);
INSERT INTO like_tweets (id,like_tweet_date,tweets_id,users_id) VALUES (3521,'2024-02-07 10:00:00',2286,145);
INSERT INTO like_tweets (id,like_tweet_date,tweets_id,users_id) VALUES (3522,'2024-03-21 07:00:00',2144,103);
INSERT INTO like_tweets (id,like_tweet_date,tweets_id,users_id) VALUES (3523,'2024-04-18 14:00:00',2221,150);
INSERT INTO like_tweets (id,like_tweet_date,tweets_id,users_id) VALUES (3524,'2024-05-10 05:00:00',2195,151);
INSERT INTO like_tweets (id,like_tweet_date,tweets_id,users_id) VALUES (3525,'2024-03-13 02:00:00',2222,177);
INSERT INTO like_tweets (id,like_tweet_date,tweets_id,users_id) VALUES (3526,'2024-06-11 02:00:00',2339,122);
INSERT INTO like_tweets (id,like_tweet_date,tweets_id,users_id) VALUES (3527,'2024-07-08 14:00:00',2071,124);
INSERT INTO like_tweets (id,like_tweet_date,tweets_id,users_id) VALUES (3528,'2024-05-22 09:00:00',2196,146);
INSERT INTO like_tweets (id,like_tweet_date,tweets_id,users_id) VALUES (3529,'2024-02-12 20:00:00',2078,136);
INSERT INTO like_tweets (id,like_tweet_date,tweets_id,users_id) VALUES (3530,'2024-01-25 11:00:00',2068,101);
INSERT INTO like_tweets (id,like_tweet_date,tweets_id,users_id) VALUES (3531,'2024-02-19 03:00:00',2331,102);
INSERT INTO like_tweets (id,like_tweet_date,tweets_id,users_id) VALUES (3532,'2024-02-16 08:00:00',2249,155);
INSERT INTO like_tweets (id,like_tweet_date,tweets_id,users_id) VALUES (3533,'2024-05-21 22:00:00',2043,117);
INSERT INTO like_tweets (id,like_tweet_date,tweets_id,users_id) VALUES (3534,'2024-03-02 08:00:00',2233,154);
INSERT INTO like_tweets (id,like_tweet_date,tweets_id,users_id) VALUES (3535,'2024-05-24 18:00:00',2232,173);
INSERT INTO like_tweets (id,like_tweet_date,tweets_id,users_id) VALUES (3536,'2024-05-11 07:00:00',2282,157);
INSERT INTO like_tweets (id,like_tweet_date,tweets_id,users_id) VALUES (3537,'2024-03-04 10:00:00',2181,128);
INSERT INTO like_tweets (id,like_tweet_date,tweets_id,users_id) VALUES (3538,'2024-07-16 06:00:00',2217,100);
INSERT INTO like_tweets (id,like_tweet_date,tweets_id,users_id) VALUES (3539,'2024-06-20 06:00:00',2255,130);
INSERT INTO like_tweets (id,like_tweet_date,tweets_id,users_id) VALUES (3540,'2024-07-05 10:00:00',2137,152);
INSERT INTO like_tweets (id,like_tweet_date,tweets_id,users_id) VALUES (3541,'2024-01-12 10:00:00',2295,146);
INSERT INTO like_tweets (id,like_tweet_date,tweets_id,users_id) VALUES (3542,'2024-05-05 19:00:00',2019,161);
INSERT INTO like_tweets (id,like_tweet_date,tweets_id,users_id) VALUES (3543,'2024-01-28 07:00:00',2057,161);
INSERT INTO like_tweets (id,like_tweet_date,tweets_id,users_id) VALUES (3544,'2024-04-05 09:00:00',2072,175);
INSERT INTO like_tweets (id,like_tweet_date,tweets_id,users_id) VALUES (3545,'2024-01-27 16:00:00',2238,174);
INSERT INTO like_tweets (id,like_tweet_date,tweets_id,users_id) VALUES (3546,'2024-03-24 16:00:00',2267,111);
INSERT INTO like_tweets (id,like_tweet_date,tweets_id,users_id) VALUES (3547,'2024-07-03 01:00:00',2241,109);
INSERT INTO like_tweets (id,like_tweet_date,tweets_id,users_id) VALUES (3548,'2024-01-19 00:00:00',2296,139);
INSERT INTO like_tweets (id,like_tweet_date,tweets_id,users_id) VALUES (3549,'2024-01-04 16:00:00',2175,176);
INSERT INTO like_tweets (id,like_tweet_date,tweets_id,users_id) VALUES (3550,'2024-06-23 23:00:00',2240,158);
INSERT INTO like_tweets (id,like_tweet_date,tweets_id,users_id) VALUES (3551,'2024-05-23 16:00:00',2240,142);
INSERT INTO like_tweets (id,like_tweet_date,tweets_id,users_id) VALUES (3552,'2024-04-08 17:00:00',2180,137);
INSERT INTO like_tweets (id,like_tweet_date,tweets_id,users_id) VALUES (3553,'2024-07-22 23:00:00',2085,104);
INSERT INTO like_tweets (id,like_tweet_date,tweets_id,users_id) VALUES (3554,'2024-01-21 23:00:00',2155,133);
INSERT INTO like_tweets (id,like_tweet_date,tweets_id,users_id) VALUES (3555,'2024-07-16 08:00:00',2322,160);
INSERT INTO like_tweets (id,like_tweet_date,tweets_id,users_id) VALUES (3556,'2024-04-09 14:00:00',2086,106);
INSERT INTO like_tweets (id,like_tweet_date,tweets_id,users_id) VALUES (3557,'2024-04-07 21:00:00',2319,103);
INSERT INTO like_tweets (id,like_tweet_date,tweets_id,users_id) VALUES (3558,'2024-02-13 06:00:00',2248,110);
INSERT INTO like_tweets (id,like_tweet_date,tweets_id,users_id) VALUES (3559,'2024-04-04 20:00:00',2258,109);
INSERT INTO like_tweets (id,like_tweet_date,tweets_id,users_id) VALUES (3560,'2024-04-05 21:00:00',2129,116);
INSERT INTO like_tweets (id,like_tweet_date,tweets_id,users_id) VALUES (3561,'2024-01-05 20:00:00',2140,132);
INSERT INTO like_tweets (id,like_tweet_date,tweets_id,users_id) VALUES (3562,'2024-07-20 23:00:00',2057,122);
INSERT INTO like_tweets (id,like_tweet_date,tweets_id,users_id) VALUES (3563,'2024-05-06 05:00:00',2077,157);
INSERT INTO like_tweets (id,like_tweet_date,tweets_id,users_id) VALUES (3564,'2024-03-21 14:00:00',2089,133);
INSERT INTO like_tweets (id,like_tweet_date,tweets_id,users_id) VALUES (3565,'2024-06-29 00:00:00',2248,123);
INSERT INTO like_tweets (id,like_tweet_date,tweets_id,users_id) VALUES (3566,'2024-01-29 19:00:00',2016,143);
INSERT INTO like_tweets (id,like_tweet_date,tweets_id,users_id) VALUES (3567,'2024-06-18 06:00:00',2074,119);
INSERT INTO like_tweets (id,like_tweet_date,tweets_id,users_id) VALUES (3568,'2024-03-22 05:00:00',2211,149);
INSERT INTO like_tweets (id,like_tweet_date,tweets_id,users_id) VALUES (3569,'2024-02-27 02:00:00',2338,156);
INSERT INTO like_tweets (id,like_tweet_date,tweets_id,users_id) VALUES (3570,'2024-01-19 13:00:00',2107,144);
INSERT INTO like_tweets (id,like_tweet_date,tweets_id,users_id) VALUES (3571,'2024-02-09 14:00:00',2328,133);
INSERT INTO like_tweets (id,like_tweet_date,tweets_id,users_id) VALUES (3572,'2024-06-07 09:00:00',2026,121);
INSERT INTO like_tweets (id,like_tweet_date,tweets_id,users_id) VALUES (3573,'2024-04-12 20:00:00',2204,160);
INSERT INTO like_tweets (id,like_tweet_date,tweets_id,users_id) VALUES (3574,'2024-03-20 18:00:00',2243,176);
INSERT INTO like_tweets (id,like_tweet_date,tweets_id,users_id) VALUES (3575,'2024-06-10 23:00:00',2194,149);
INSERT INTO like_tweets (id,like_tweet_date,tweets_id,users_id) VALUES (3576,'2024-06-30 01:00:00',2134,118);
INSERT INTO like_tweets (id,like_tweet_date,tweets_id,users_id) VALUES (3577,'2024-04-08 13:00:00',2222,101);
INSERT INTO like_tweets (id,like_tweet_date,tweets_id,users_id) VALUES (3578,'2024-04-17 18:00:00',2229,148);
INSERT INTO like_tweets (id,like_tweet_date,tweets_id,users_id) VALUES (3579,'2024-02-03 05:00:00',2271,105);
INSERT INTO like_tweets (id,like_tweet_date,tweets_id,users_id) VALUES (3580,'2024-05-27 09:00:00',2272,145);
INSERT INTO like_tweets (id,like_tweet_date,tweets_id,users_id) VALUES (3581,'2024-04-24 08:00:00',2312,134);
INSERT INTO like_tweets (id,like_tweet_date,tweets_id,users_id) VALUES (3582,'2024-02-03 13:00:00',2138,134);
INSERT INTO like_tweets (id,like_tweet_date,tweets_id,users_id) VALUES (3583,'2024-06-06 09:00:00',2130,150);
INSERT INTO like_tweets (id,like_tweet_date,tweets_id,users_id) VALUES (3584,'2024-07-19 22:00:00',2345,130);
INSERT INTO like_tweets (id,like_tweet_date,tweets_id,users_id) VALUES (3585,'2024-04-25 04:00:00',2099,174);
INSERT INTO like_tweets (id,like_tweet_date,tweets_id,users_id) VALUES (3586,'2024-04-16 22:00:00',2346,123);
INSERT INTO like_tweets (id,like_tweet_date,tweets_id,users_id) VALUES (3587,'2024-01-03 21:00:00',2280,101);
INSERT INTO like_tweets (id,like_tweet_date,tweets_id,users_id) VALUES (3588,'2024-05-20 08:00:00',2034,101);
INSERT INTO like_tweets (id,like_tweet_date,tweets_id,users_id) VALUES (3589,'2024-02-05 11:00:00',2050,175);
INSERT INTO like_tweets (id,like_tweet_date,tweets_id,users_id) VALUES (3590,'2024-03-15 21:00:00',2228,144);
INSERT INTO like_tweets (id,like_tweet_date,tweets_id,users_id) VALUES (3591,'2024-03-06 21:00:00',2145,132);
INSERT INTO like_tweets (id,like_tweet_date,tweets_id,users_id) VALUES (3592,'2024-02-01 09:00:00',2017,103);
INSERT INTO like_tweets (id,like_tweet_date,tweets_id,users_id) VALUES (3593,'2024-07-23 14:00:00',2029,127);
INSERT INTO like_tweets (id,like_tweet_date,tweets_id,users_id) VALUES (3594,'2024-02-10 22:00:00',2326,115);
INSERT INTO like_tweets (id,like_tweet_date,tweets_id,users_id) VALUES (3595,'2024-05-08 07:00:00',2044,116);
INSERT INTO like_tweets (id,like_tweet_date,tweets_id,users_id) VALUES (3596,'2024-02-07 20:00:00',2336,123);
INSERT INTO like_tweets (id,like_tweet_date,tweets_id,users_id) VALUES (3597,'2024-04-10 13:00:00',2094,132);
INSERT INTO like_tweets (id,like_tweet_date,tweets_id,users_id) VALUES (3598,'2024-06-03 18:00:00',2239,109);
INSERT INTO like_tweets (id,like_tweet_date,tweets_id,users_id) VALUES (3599,'2024-04-20 09:00:00',2141,154);
INSERT INTO like_tweets (id,like_tweet_date,tweets_id,users_id) VALUES (3600,'2024-01-26 06:00:00',2131,120);
INSERT INTO like_tweets (id,like_tweet_date,tweets_id,users_id) VALUES (3601,'2024-05-10 15:00:00',2141,107);
INSERT INTO like_tweets (id,like_tweet_date,tweets_id,users_id) VALUES (3602,'2024-01-21 12:00:00',2198,142);
INSERT INTO like_tweets (id,like_tweet_date,tweets_id,users_id) VALUES (3603,'2024-03-01 17:00:00',2132,133);
INSERT INTO like_tweets (id,like_tweet_date,tweets_id,users_id) VALUES (3604,'2024-06-16 20:00:00',2225,108);
INSERT INTO like_tweets (id,like_tweet_date,tweets_id,users_id) VALUES (3605,'2024-03-01 21:00:00',2102,150);
INSERT INTO like_tweets (id,like_tweet_date,tweets_id,users_id) VALUES (3606,'2024-02-07 00:00:00',2330,170);
INSERT INTO like_tweets (id,like_tweet_date,tweets_id,users_id) VALUES (3607,'2024-05-27 04:00:00',2073,177);
INSERT INTO like_tweets (id,like_tweet_date,tweets_id,users_id) VALUES (3608,'2024-05-30 17:00:00',2111,113);
INSERT INTO like_tweets (id,like_tweet_date,tweets_id,users_id) VALUES (3609,'2024-01-12 21:00:00',2132,113);
INSERT INTO like_tweets (id,like_tweet_date,tweets_id,users_id) VALUES (3610,'2024-07-14 00:00:00',2037,109);
INSERT INTO like_tweets (id,like_tweet_date,tweets_id,users_id) VALUES (3611,'2024-01-07 09:00:00',2128,157);
INSERT INTO like_tweets (id,like_tweet_date,tweets_id,users_id) VALUES (3612,'2024-01-01 07:00:00',2254,119);
INSERT INTO like_tweets (id,like_tweet_date,tweets_id,users_id) VALUES (3613,'2024-03-31 22:00:00',2019,149);
INSERT INTO like_tweets (id,like_tweet_date,tweets_id,users_id) VALUES (3614,'2024-05-13 13:00:00',2077,142);
INSERT INTO like_tweets (id,like_tweet_date,tweets_id,users_id) VALUES (3615,'2024-06-24 22:00:00',2294,100);
INSERT INTO like_tweets (id,like_tweet_date,tweets_id,users_id) VALUES (3616,'2024-05-28 20:00:00',2251,161);
INSERT INTO like_tweets (id,like_tweet_date,tweets_id,users_id) VALUES (3617,'2024-07-03 08:00:00',2206,108);
INSERT INTO like_tweets (id,like_tweet_date,tweets_id,users_id) VALUES (3618,'2024-05-11 05:00:00',2115,100);
INSERT INTO like_tweets (id,like_tweet_date,tweets_id,users_id) VALUES (3619,'2024-07-12 14:00:00',2246,115);
INSERT INTO like_tweets (id,like_tweet_date,tweets_id,users_id) VALUES (3620,'2024-04-23 19:00:00',2274,145);
INSERT INTO like_tweets (id,like_tweet_date,tweets_id,users_id) VALUES (3621,'2024-05-16 17:00:00',2349,138);
INSERT INTO like_tweets (id,like_tweet_date,tweets_id,users_id) VALUES (3622,'2024-05-04 16:00:00',2028,111);
INSERT INTO like_tweets (id,like_tweet_date,tweets_id,users_id) VALUES (3623,'2024-01-28 11:00:00',2273,143);
INSERT INTO like_tweets (id,like_tweet_date,tweets_id,users_id) VALUES (3624,'2024-03-10 07:00:00',2235,137);
INSERT INTO like_tweets (id,like_tweet_date,tweets_id,users_id) VALUES (3625,'2024-05-11 03:00:00',2090,105);
INSERT INTO like_tweets (id,like_tweet_date,tweets_id,users_id) VALUES (3626,'2024-04-12 00:00:00',2338,124);
INSERT INTO like_tweets (id,like_tweet_date,tweets_id,users_id) VALUES (3627,'2024-05-02 15:00:00',2199,113);
INSERT INTO like_tweets (id,like_tweet_date,tweets_id,users_id) VALUES (3628,'2024-05-29 11:00:00',2249,110);
INSERT INTO like_tweets (id,like_tweet_date,tweets_id,users_id) VALUES (3629,'2024-01-13 04:00:00',2097,117);
INSERT INTO like_tweets (id,like_tweet_date,tweets_id,users_id) VALUES (3630,'2024-07-21 09:00:00',2098,103);
INSERT INTO like_tweets (id,like_tweet_date,tweets_id,users_id) VALUES (3631,'2024-05-12 16:00:00',2122,170);
INSERT INTO like_tweets (id,like_tweet_date,tweets_id,users_id) VALUES (3632,'2024-04-15 00:00:00',2032,177);
INSERT INTO like_tweets (id,like_tweet_date,tweets_id,users_id) VALUES (3633,'2024-06-02 08:00:00',2255,176);
INSERT INTO like_tweets (id,like_tweet_date,tweets_id,users_id) VALUES (3634,'2024-04-25 19:00:00',2008,104);
INSERT INTO like_tweets (id,like_tweet_date,tweets_id,users_id) VALUES (3635,'2024-01-15 14:00:00',2028,143);
INSERT INTO like_tweets (id,like_tweet_date,tweets_id,users_id) VALUES (3636,'2024-03-13 06:00:00',2207,115);
INSERT INTO like_tweets (id,like_tweet_date,tweets_id,users_id) VALUES (3637,'2024-06-05 10:00:00',2334,174);
INSERT INTO like_tweets (id,like_tweet_date,tweets_id,users_id) VALUES (3638,'2024-02-20 20:00:00',2347,176);
INSERT INTO like_tweets (id,like_tweet_date,tweets_id,users_id) VALUES (3639,'2024-01-25 14:00:00',2296,129);
INSERT INTO like_tweets (id,like_tweet_date,tweets_id,users_id) VALUES (3640,'2024-06-15 21:00:00',2018,118);
INSERT INTO like_tweets (id,like_tweet_date,tweets_id,users_id) VALUES (3641,'2024-06-09 20:00:00',2334,102);
INSERT INTO like_tweets (id,like_tweet_date,tweets_id,users_id) VALUES (3642,'2024-03-23 20:00:00',2316,105);
INSERT INTO like_tweets (id,like_tweet_date,tweets_id,users_id) VALUES (3643,'2024-01-05 21:00:00',2332,116);
INSERT INTO like_tweets (id,like_tweet_date,tweets_id,users_id) VALUES (3644,'2024-04-14 21:00:00',2088,106);
INSERT INTO like_tweets (id,like_tweet_date,tweets_id,users_id) VALUES (3645,'2024-02-28 06:00:00',2049,158);
INSERT INTO like_tweets (id,like_tweet_date,tweets_id,users_id) VALUES (3646,'2024-02-06 07:00:00',2302,108);
INSERT INTO like_tweets (id,like_tweet_date,tweets_id,users_id) VALUES (3647,'2024-07-22 02:00:00',2058,171);
INSERT INTO like_tweets (id,like_tweet_date,tweets_id,users_id) VALUES (3648,'2024-01-22 12:00:00',2315,128);
INSERT INTO like_tweets (id,like_tweet_date,tweets_id,users_id) VALUES (3649,'2024-04-25 03:00:00',2103,154);
INSERT INTO like_tweets (id,like_tweet_date,tweets_id,users_id) VALUES (3650,'2024-04-20 16:00:00',2347,151);
INSERT INTO like_tweets (id,like_tweet_date,tweets_id,users_id) VALUES (3651,'2024-02-16 21:00:00',2061,177);
INSERT INTO like_tweets (id,like_tweet_date,tweets_id,users_id) VALUES (3652,'2024-01-16 13:00:00',2164,127);
INSERT INTO like_tweets (id,like_tweet_date,tweets_id,users_id) VALUES (3653,'2024-04-24 12:00:00',2303,122);
INSERT INTO like_tweets (id,like_tweet_date,tweets_id,users_id) VALUES (3654,'2024-04-03 11:00:00',2032,115);
INSERT INTO like_tweets (id,like_tweet_date,tweets_id,users_id) VALUES (3655,'2024-02-27 08:00:00',2072,153);
INSERT INTO like_tweets (id,like_tweet_date,tweets_id,users_id) VALUES (3656,'2024-05-29 17:00:00',2189,121);
INSERT INTO like_tweets (id,like_tweet_date,tweets_id,users_id) VALUES (3657,'2024-02-15 12:00:00',2124,105);
INSERT INTO like_tweets (id,like_tweet_date,tweets_id,users_id) VALUES (3658,'2024-02-23 20:00:00',2051,148);
INSERT INTO like_tweets (id,like_tweet_date,tweets_id,users_id) VALUES (3659,'2024-01-28 13:00:00',2008,170);
INSERT INTO like_tweets (id,like_tweet_date,tweets_id,users_id) VALUES (3660,'2024-03-02 05:00:00',2003,100);
INSERT INTO like_tweets (id,like_tweet_date,tweets_id,users_id) VALUES (3661,'2024-05-22 01:00:00',2045,136);
INSERT INTO like_tweets (id,like_tweet_date,tweets_id,users_id) VALUES (3662,'2024-03-11 08:00:00',2243,116);
INSERT INTO like_tweets (id,like_tweet_date,tweets_id,users_id) VALUES (3663,'2024-06-27 13:00:00',2073,134);
INSERT INTO like_tweets (id,like_tweet_date,tweets_id,users_id) VALUES (3664,'2024-03-22 15:00:00',2230,152);
INSERT INTO like_tweets (id,like_tweet_date,tweets_id,users_id) VALUES (3665,'2024-07-22 12:00:00',2089,104);
INSERT INTO like_tweets (id,like_tweet_date,tweets_id,users_id) VALUES (3666,'2024-01-31 01:00:00',2092,171);
INSERT INTO like_tweets (id,like_tweet_date,tweets_id,users_id) VALUES (3667,'2024-04-28 17:00:00',2321,138);
INSERT INTO like_tweets (id,like_tweet_date,tweets_id,users_id) VALUES (3668,'2024-07-09 08:00:00',2214,100);
INSERT INTO like_tweets (id,like_tweet_date,tweets_id,users_id) VALUES (3669,'2024-02-10 02:00:00',2120,124);
INSERT INTO like_tweets (id,like_tweet_date,tweets_id,users_id) VALUES (3670,'2024-05-03 12:00:00',2271,112);
INSERT INTO like_tweets (id,like_tweet_date,tweets_id,users_id) VALUES (3671,'2024-03-15 20:00:00',2276,172);
INSERT INTO like_tweets (id,like_tweet_date,tweets_id,users_id) VALUES (3672,'2024-04-04 08:00:00',2237,126);
INSERT INTO like_tweets (id,like_tweet_date,tweets_id,users_id) VALUES (3673,'2024-02-08 11:00:00',2027,124);
INSERT INTO like_tweets (id,like_tweet_date,tweets_id,users_id) VALUES (3674,'2024-06-18 19:00:00',2076,160);
INSERT INTO like_tweets (id,like_tweet_date,tweets_id,users_id) VALUES (3675,'2024-01-15 17:00:00',2090,120);
INSERT INTO like_tweets (id,like_tweet_date,tweets_id,users_id) VALUES (3676,'2024-04-07 07:00:00',2027,146);
INSERT INTO like_tweets (id,like_tweet_date,tweets_id,users_id) VALUES (3677,'2024-03-26 19:00:00',2107,155);
INSERT INTO like_tweets (id,like_tweet_date,tweets_id,users_id) VALUES (3678,'2024-01-15 18:00:00',2171,158);
INSERT INTO like_tweets (id,like_tweet_date,tweets_id,users_id) VALUES (3679,'2024-07-02 10:00:00',2053,106);
INSERT INTO like_tweets (id,like_tweet_date,tweets_id,users_id) VALUES (3680,'2024-01-10 22:00:00',2090,120);
INSERT INTO like_tweets (id,like_tweet_date,tweets_id,users_id) VALUES (3681,'2024-02-09 14:00:00',2248,173);
INSERT INTO like_tweets (id,like_tweet_date,tweets_id,users_id) VALUES (3682,'2024-05-31 19:00:00',2036,130);
INSERT INTO like_tweets (id,like_tweet_date,tweets_id,users_id) VALUES (3683,'2024-05-23 00:00:00',2303,141);
INSERT INTO like_tweets (id,like_tweet_date,tweets_id,users_id) VALUES (3684,'2024-03-19 12:00:00',2101,141);
INSERT INTO like_tweets (id,like_tweet_date,tweets_id,users_id) VALUES (3685,'2024-03-18 17:00:00',2056,141);
INSERT INTO like_tweets (id,like_tweet_date,tweets_id,users_id) VALUES (3686,'2024-05-20 19:00:00',2050,130);
INSERT INTO like_tweets (id,like_tweet_date,tweets_id,users_id) VALUES (3687,'2024-03-16 07:00:00',2102,148);
INSERT INTO like_tweets (id,like_tweet_date,tweets_id,users_id) VALUES (3688,'2024-07-18 17:00:00',2037,160);
INSERT INTO like_tweets (id,like_tweet_date,tweets_id,users_id) VALUES (3689,'2024-05-28 18:00:00',2248,106);
INSERT INTO like_tweets (id,like_tweet_date,tweets_id,users_id) VALUES (3690,'2024-07-27 00:00:00',2074,127);
INSERT INTO like_tweets (id,like_tweet_date,tweets_id,users_id) VALUES (3691,'2024-05-12 05:00:00',2232,122);
INSERT INTO like_tweets (id,like_tweet_date,tweets_id,users_id) VALUES (3692,'2024-06-05 05:00:00',2191,117);
INSERT INTO like_tweets (id,like_tweet_date,tweets_id,users_id) VALUES (3693,'2024-04-02 01:00:00',2099,145);
INSERT INTO like_tweets (id,like_tweet_date,tweets_id,users_id) VALUES (3694,'2024-02-13 10:00:00',2103,142);
INSERT INTO like_tweets (id,like_tweet_date,tweets_id,users_id) VALUES (3695,'2024-04-05 18:00:00',2016,107);
INSERT INTO like_tweets (id,like_tweet_date,tweets_id,users_id) VALUES (3696,'2024-06-07 21:00:00',2069,114);
INSERT INTO like_tweets (id,like_tweet_date,tweets_id,users_id) VALUES (3697,'2024-02-28 10:00:00',2234,153);
INSERT INTO like_tweets (id,like_tweet_date,tweets_id,users_id) VALUES (3698,'2024-04-10 17:00:00',2175,128);
INSERT INTO like_tweets (id,like_tweet_date,tweets_id,users_id) VALUES (3699,'2024-02-28 00:00:00',2309,120);
INSERT INTO like_tweets (id,like_tweet_date,tweets_id,users_id) VALUES (3700,'2024-01-30 12:00:00',2295,129);
INSERT INTO like_tweets (id,like_tweet_date,tweets_id,users_id) VALUES (3701,'2024-06-15 23:00:00',2210,174);
INSERT INTO like_tweets (id,like_tweet_date,tweets_id,users_id) VALUES (3702,'2024-06-06 22:00:00',2110,160);
INSERT INTO like_tweets (id,like_tweet_date,tweets_id,users_id) VALUES (3703,'2024-05-26 03:00:00',2142,101);
INSERT INTO like_tweets (id,like_tweet_date,tweets_id,users_id) VALUES (3704,'2024-04-21 17:00:00',2126,131);
INSERT INTO like_tweets (id,like_tweet_date,tweets_id,users_id) VALUES (3705,'2024-07-20 23:00:00',2222,128);
INSERT INTO like_tweets (id,like_tweet_date,tweets_id,users_id) VALUES (3706,'2024-05-22 14:00:00',2076,100);
INSERT INTO like_tweets (id,like_tweet_date,tweets_id,users_id) VALUES (3707,'2024-06-09 15:00:00',2022,105);
INSERT INTO like_tweets (id,like_tweet_date,tweets_id,users_id) VALUES (3708,'2024-05-25 07:00:00',2258,104);
INSERT INTO like_tweets (id,like_tweet_date,tweets_id,users_id) VALUES (3709,'2024-06-12 14:00:00',2271,150);
INSERT INTO like_tweets (id,like_tweet_date,tweets_id,users_id) VALUES (3710,'2024-06-18 01:00:00',2050,157);
INSERT INTO like_tweets (id,like_tweet_date,tweets_id,users_id) VALUES (3711,'2024-07-09 15:00:00',2123,110);
INSERT INTO like_tweets (id,like_tweet_date,tweets_id,users_id) VALUES (3712,'2024-03-15 09:00:00',2006,152);
INSERT INTO like_tweets (id,like_tweet_date,tweets_id,users_id) VALUES (3713,'2024-04-10 23:00:00',2067,145);
INSERT INTO like_tweets (id,like_tweet_date,tweets_id,users_id) VALUES (3714,'2024-01-06 10:00:00',2122,111);
INSERT INTO like_tweets (id,like_tweet_date,tweets_id,users_id) VALUES (3715,'2024-02-25 05:00:00',2245,139);
INSERT INTO like_tweets (id,like_tweet_date,tweets_id,users_id) VALUES (3716,'2024-06-04 06:00:00',2235,103);
INSERT INTO like_tweets (id,like_tweet_date,tweets_id,users_id) VALUES (3717,'2024-05-18 08:00:00',2237,117);
INSERT INTO like_tweets (id,like_tweet_date,tweets_id,users_id) VALUES (3718,'2024-06-07 11:00:00',2094,147);
INSERT INTO like_tweets (id,like_tweet_date,tweets_id,users_id) VALUES (3719,'2024-01-25 03:00:00',2324,100);
INSERT INTO like_tweets (id,like_tweet_date,tweets_id,users_id) VALUES (3720,'2024-06-30 05:00:00',2197,142);
INSERT INTO like_tweets (id,like_tweet_date,tweets_id,users_id) VALUES (3721,'2024-05-25 08:00:00',2016,137);
INSERT INTO like_tweets (id,like_tweet_date,tweets_id,users_id) VALUES (3722,'2024-07-15 08:00:00',2138,177);
INSERT INTO like_tweets (id,like_tweet_date,tweets_id,users_id) VALUES (3723,'2024-04-24 14:00:00',2106,110);
INSERT INTO like_tweets (id,like_tweet_date,tweets_id,users_id) VALUES (3724,'2024-05-04 05:00:00',2028,173);
INSERT INTO like_tweets (id,like_tweet_date,tweets_id,users_id) VALUES (3725,'2024-05-10 17:00:00',2026,114);
INSERT INTO like_tweets (id,like_tweet_date,tweets_id,users_id) VALUES (3726,'2024-01-14 22:00:00',2187,159);
INSERT INTO like_tweets (id,like_tweet_date,tweets_id,users_id) VALUES (3727,'2024-02-29 19:00:00',2187,146);
INSERT INTO like_tweets (id,like_tweet_date,tweets_id,users_id) VALUES (3728,'2024-07-10 09:00:00',2331,108);
INSERT INTO like_tweets (id,like_tweet_date,tweets_id,users_id) VALUES (3729,'2024-04-24 07:00:00',2104,117);
INSERT INTO like_tweets (id,like_tweet_date,tweets_id,users_id) VALUES (3730,'2024-02-08 18:00:00',2122,177);
INSERT INTO like_tweets (id,like_tweet_date,tweets_id,users_id) VALUES (3731,'2024-07-17 00:00:00',2332,161);
INSERT INTO like_tweets (id,like_tweet_date,tweets_id,users_id) VALUES (3732,'2024-04-19 09:00:00',2107,128);
INSERT INTO like_tweets (id,like_tweet_date,tweets_id,users_id) VALUES (3733,'2024-06-20 21:00:00',2180,134);
INSERT INTO like_tweets (id,like_tweet_date,tweets_id,users_id) VALUES (3734,'2024-04-04 14:00:00',2348,154);
INSERT INTO like_tweets (id,like_tweet_date,tweets_id,users_id) VALUES (3735,'2024-05-07 06:00:00',2027,108);
INSERT INTO like_tweets (id,like_tweet_date,tweets_id,users_id) VALUES (3736,'2024-06-14 23:00:00',2176,157);
INSERT INTO like_tweets (id,like_tweet_date,tweets_id,users_id) VALUES (3737,'2024-02-11 21:00:00',2256,175);
INSERT INTO like_tweets (id,like_tweet_date,tweets_id,users_id) VALUES (3738,'2024-06-30 21:00:00',2240,176);
INSERT INTO like_tweets (id,like_tweet_date,tweets_id,users_id) VALUES (3739,'2024-05-05 15:00:00',2149,157);
INSERT INTO like_tweets (id,like_tweet_date,tweets_id,users_id) VALUES (3740,'2024-03-05 06:00:00',2344,108);
INSERT INTO like_tweets (id,like_tweet_date,tweets_id,users_id) VALUES (3741,'2024-01-28 08:00:00',2234,111);
INSERT INTO like_tweets (id,like_tweet_date,tweets_id,users_id) VALUES (3742,'2024-04-08 10:00:00',2200,122);
INSERT INTO like_tweets (id,like_tweet_date,tweets_id,users_id) VALUES (3743,'2024-02-26 05:00:00',2039,113);
INSERT INTO like_tweets (id,like_tweet_date,tweets_id,users_id) VALUES (3744,'2024-02-20 12:00:00',2141,114);
INSERT INTO like_tweets (id,like_tweet_date,tweets_id,users_id) VALUES (3745,'2024-03-10 17:00:00',2254,119);
INSERT INTO like_tweets (id,like_tweet_date,tweets_id,users_id) VALUES (3746,'2024-04-10 01:00:00',2266,102);
INSERT INTO like_tweets (id,like_tweet_date,tweets_id,users_id) VALUES (3747,'2024-02-15 01:00:00',2213,177);
INSERT INTO like_tweets (id,like_tweet_date,tweets_id,users_id) VALUES (3748,'2024-05-23 09:00:00',2242,144);
INSERT INTO like_tweets (id,like_tweet_date,tweets_id,users_id) VALUES (3749,'2024-04-09 12:00:00',2227,102);
INSERT INTO like_tweets (id,like_tweet_date,tweets_id,users_id) VALUES (3750,'2024-01-08 12:00:00',2096,108);
INSERT INTO like_tweets (id,like_tweet_date,tweets_id,users_id) VALUES (3751,'2024-04-24 15:00:00',2118,174);
INSERT INTO like_tweets (id,like_tweet_date,tweets_id,users_id) VALUES (3752,'2024-04-21 09:00:00',2210,143);
INSERT INTO like_tweets (id,like_tweet_date,tweets_id,users_id) VALUES (3753,'2024-07-06 05:00:00',2248,175);
INSERT INTO like_tweets (id,like_tweet_date,tweets_id,users_id) VALUES (3754,'2024-04-13 19:00:00',2227,158);
INSERT INTO like_tweets (id,like_tweet_date,tweets_id,users_id) VALUES (3755,'2024-04-14 14:00:00',2290,116);
INSERT INTO like_tweets (id,like_tweet_date,tweets_id,users_id) VALUES (3756,'2024-03-18 09:00:00',2087,133);
INSERT INTO like_tweets (id,like_tweet_date,tweets_id,users_id) VALUES (3757,'2024-04-08 08:00:00',2247,147);
INSERT INTO like_tweets (id,like_tweet_date,tweets_id,users_id) VALUES (3758,'2024-04-30 12:00:00',2024,118);
INSERT INTO like_tweets (id,like_tweet_date,tweets_id,users_id) VALUES (3759,'2024-02-26 18:00:00',2145,158);
INSERT INTO like_tweets (id,like_tweet_date,tweets_id,users_id) VALUES (3760,'2024-07-01 17:00:00',2316,120);
INSERT INTO like_tweets (id,like_tweet_date,tweets_id,users_id) VALUES (3761,'2024-02-29 20:00:00',2146,123);
INSERT INTO like_tweets (id,like_tweet_date,tweets_id,users_id) VALUES (3762,'2024-02-25 00:00:00',2341,119);
INSERT INTO like_tweets (id,like_tweet_date,tweets_id,users_id) VALUES (3763,'2024-01-15 01:00:00',2121,114);
INSERT INTO like_tweets (id,like_tweet_date,tweets_id,users_id) VALUES (3764,'2024-05-30 11:00:00',2162,116);
INSERT INTO like_tweets (id,like_tweet_date,tweets_id,users_id) VALUES (3765,'2024-03-03 23:00:00',2133,147);
INSERT INTO like_tweets (id,like_tweet_date,tweets_id,users_id) VALUES (3766,'2024-04-18 04:00:00',2105,104);
INSERT INTO like_tweets (id,like_tweet_date,tweets_id,users_id) VALUES (3767,'2024-05-07 06:00:00',2176,118);
INSERT INTO like_tweets (id,like_tweet_date,tweets_id,users_id) VALUES (3768,'2024-02-25 11:00:00',2229,177);
INSERT INTO like_tweets (id,like_tweet_date,tweets_id,users_id) VALUES (3769,'2024-02-11 11:00:00',2273,138);
INSERT INTO like_tweets (id,like_tweet_date,tweets_id,users_id) VALUES (3770,'2024-06-19 11:00:00',2012,151);
INSERT INTO like_tweets (id,like_tweet_date,tweets_id,users_id) VALUES (3771,'2024-04-19 07:00:00',2074,158);
INSERT INTO like_tweets (id,like_tweet_date,tweets_id,users_id) VALUES (3772,'2024-07-05 10:00:00',2079,100);
INSERT INTO like_tweets (id,like_tweet_date,tweets_id,users_id) VALUES (3773,'2024-04-10 21:00:00',2259,142);
INSERT INTO like_tweets (id,like_tweet_date,tweets_id,users_id) VALUES (3774,'2024-07-14 19:00:00',2242,137);
INSERT INTO like_tweets (id,like_tweet_date,tweets_id,users_id) VALUES (3775,'2024-07-11 22:00:00',2341,118);
INSERT INTO like_tweets (id,like_tweet_date,tweets_id,users_id) VALUES (3776,'2024-02-08 08:00:00',2226,143);
INSERT INTO like_tweets (id,like_tweet_date,tweets_id,users_id) VALUES (3777,'2024-02-17 14:00:00',2245,105);
INSERT INTO like_tweets (id,like_tweet_date,tweets_id,users_id) VALUES (3778,'2024-04-15 03:00:00',2347,114);
INSERT INTO like_tweets (id,like_tweet_date,tweets_id,users_id) VALUES (3779,'2024-03-16 05:00:00',2012,151);
INSERT INTO like_tweets (id,like_tweet_date,tweets_id,users_id) VALUES (3780,'2024-02-01 13:00:00',2228,145);
INSERT INTO like_tweets (id,like_tweet_date,tweets_id,users_id) VALUES (3781,'2024-07-26 13:00:00',2167,107);
INSERT INTO like_tweets (id,like_tweet_date,tweets_id,users_id) VALUES (3782,'2024-07-18 03:00:00',2328,124);
INSERT INTO like_tweets (id,like_tweet_date,tweets_id,users_id) VALUES (3783,'2024-04-04 20:00:00',2269,128);
INSERT INTO like_tweets (id,like_tweet_date,tweets_id,users_id) VALUES (3784,'2024-01-29 12:00:00',2100,102);
INSERT INTO like_tweets (id,like_tweet_date,tweets_id,users_id) VALUES (3785,'2024-01-30 19:00:00',2275,157);
INSERT INTO like_tweets (id,like_tweet_date,tweets_id,users_id) VALUES (3786,'2024-03-07 08:00:00',2262,150);
INSERT INTO like_tweets (id,like_tweet_date,tweets_id,users_id) VALUES (3787,'2024-07-24 21:00:00',2251,140);
INSERT INTO like_tweets (id,like_tweet_date,tweets_id,users_id) VALUES (3788,'2024-01-20 03:00:00',2309,173);
INSERT INTO like_tweets (id,like_tweet_date,tweets_id,users_id) VALUES (3789,'2024-05-15 16:00:00',2341,146);
INSERT INTO like_tweets (id,like_tweet_date,tweets_id,users_id) VALUES (3790,'2024-05-06 04:00:00',2075,154);
INSERT INTO like_tweets (id,like_tweet_date,tweets_id,users_id) VALUES (3791,'2024-01-05 03:00:00',2197,147);
INSERT INTO like_tweets (id,like_tweet_date,tweets_id,users_id) VALUES (3792,'2024-04-29 22:00:00',2145,144);
INSERT INTO like_tweets (id,like_tweet_date,tweets_id,users_id) VALUES (3793,'2024-07-10 11:00:00',2157,157);
INSERT INTO like_tweets (id,like_tweet_date,tweets_id,users_id) VALUES (3794,'2024-05-31 15:00:00',2044,127);
INSERT INTO like_tweets (id,like_tweet_date,tweets_id,users_id) VALUES (3795,'2024-04-08 12:00:00',2212,156);
INSERT INTO like_tweets (id,like_tweet_date,tweets_id,users_id) VALUES (3796,'2024-05-21 09:00:00',2083,154);
INSERT INTO like_tweets (id,like_tweet_date,tweets_id,users_id) VALUES (3797,'2024-02-19 00:00:00',2071,111);
INSERT INTO like_tweets (id,like_tweet_date,tweets_id,users_id) VALUES (3798,'2024-06-11 00:00:00',2106,138);
INSERT INTO like_tweets (id,like_tweet_date,tweets_id,users_id) VALUES (3799,'2024-01-23 13:00:00',2268,142);
INSERT INTO like_tweets (id,like_tweet_date,tweets_id,users_id) VALUES (3800,'2024-01-31 04:00:00',2302,148);
INSERT INTO like_tweets (id,like_tweet_date,tweets_id,users_id) VALUES (3801,'2024-04-03 07:00:00',2003,152);
INSERT INTO like_tweets (id,like_tweet_date,tweets_id,users_id) VALUES (3802,'2024-07-08 17:00:00',2212,122);
INSERT INTO like_tweets (id,like_tweet_date,tweets_id,users_id) VALUES (3803,'2024-03-09 00:00:00',2236,117);
INSERT INTO like_tweets (id,like_tweet_date,tweets_id,users_id) VALUES (3804,'2024-04-08 19:00:00',2095,148);
INSERT INTO like_tweets (id,like_tweet_date,tweets_id,users_id) VALUES (3805,'2024-01-15 09:00:00',2283,170);
INSERT INTO like_tweets (id,like_tweet_date,tweets_id,users_id) VALUES (3806,'2024-06-17 15:00:00',2154,138);
INSERT INTO like_tweets (id,like_tweet_date,tweets_id,users_id) VALUES (3807,'2024-03-17 15:00:00',2286,159);
INSERT INTO like_tweets (id,like_tweet_date,tweets_id,users_id) VALUES (3808,'2024-02-22 13:00:00',2013,100);
INSERT INTO like_tweets (id,like_tweet_date,tweets_id,users_id) VALUES (3809,'2024-06-10 07:00:00',2134,138);
INSERT INTO like_tweets (id,like_tweet_date,tweets_id,users_id) VALUES (3810,'2024-05-22 09:00:00',2063,136);
INSERT INTO like_tweets (id,like_tweet_date,tweets_id,users_id) VALUES (3811,'2024-03-24 12:00:00',2091,170);
INSERT INTO like_tweets (id,like_tweet_date,tweets_id,users_id) VALUES (3812,'2024-04-04 14:00:00',2014,115);
INSERT INTO like_tweets (id,like_tweet_date,tweets_id,users_id) VALUES (3813,'2024-07-23 10:00:00',2252,108);
INSERT INTO like_tweets (id,like_tweet_date,tweets_id,users_id) VALUES (3814,'2024-07-12 01:00:00',2185,161);
INSERT INTO like_tweets (id,like_tweet_date,tweets_id,users_id) VALUES (3815,'2024-06-11 11:00:00',2223,133);
INSERT INTO like_tweets (id,like_tweet_date,tweets_id,users_id) VALUES (3816,'2024-06-23 22:00:00',2061,147);
INSERT INTO like_tweets (id,like_tweet_date,tweets_id,users_id) VALUES (3817,'2024-03-29 14:00:00',2294,102);
INSERT INTO like_tweets (id,like_tweet_date,tweets_id,users_id) VALUES (3818,'2024-02-19 21:00:00',2083,107);
INSERT INTO like_tweets (id,like_tweet_date,tweets_id,users_id) VALUES (3819,'2024-02-16 05:00:00',2163,159);
INSERT INTO like_tweets (id,like_tweet_date,tweets_id,users_id) VALUES (3820,'2024-01-19 01:00:00',2182,120);
INSERT INTO like_tweets (id,like_tweet_date,tweets_id,users_id) VALUES (3821,'2024-05-23 04:00:00',2139,146);
INSERT INTO like_tweets (id,like_tweet_date,tweets_id,users_id) VALUES (3822,'2024-01-17 15:00:00',2325,145);
INSERT INTO like_tweets (id,like_tweet_date,tweets_id,users_id) VALUES (3823,'2024-06-29 18:00:00',2148,137);
INSERT INTO like_tweets (id,like_tweet_date,tweets_id,users_id) VALUES (3824,'2024-06-24 09:00:00',2327,109);
INSERT INTO like_tweets (id,like_tweet_date,tweets_id,users_id) VALUES (3825,'2024-02-02 06:00:00',2099,123);
INSERT INTO like_tweets (id,like_tweet_date,tweets_id,users_id) VALUES (3826,'2024-07-04 14:00:00',2306,121);
INSERT INTO like_tweets (id,like_tweet_date,tweets_id,users_id) VALUES (3827,'2024-04-12 18:00:00',2165,140);
INSERT INTO like_tweets (id,like_tweet_date,tweets_id,users_id) VALUES (3828,'2024-02-02 17:00:00',2138,146);
INSERT INTO like_tweets (id,like_tweet_date,tweets_id,users_id) VALUES (3829,'2024-02-19 01:00:00',2273,145);
INSERT INTO like_tweets (id,like_tweet_date,tweets_id,users_id) VALUES (3830,'2024-06-25 20:00:00',2006,117);
INSERT INTO like_tweets (id,like_tweet_date,tweets_id,users_id) VALUES (3831,'2024-06-14 12:00:00',2144,147);
INSERT INTO like_tweets (id,like_tweet_date,tweets_id,users_id) VALUES (3832,'2024-02-25 15:00:00',2210,143);
INSERT INTO like_tweets (id,like_tweet_date,tweets_id,users_id) VALUES (3833,'2024-02-22 18:00:00',2052,127);
INSERT INTO like_tweets (id,like_tweet_date,tweets_id,users_id) VALUES (3834,'2024-03-05 07:00:00',2257,128);
INSERT INTO like_tweets (id,like_tweet_date,tweets_id,users_id) VALUES (3835,'2024-06-30 14:00:00',2286,175);
INSERT INTO like_tweets (id,like_tweet_date,tweets_id,users_id) VALUES (3836,'2024-05-22 10:00:00',2282,114);
INSERT INTO like_tweets (id,like_tweet_date,tweets_id,users_id) VALUES (3837,'2024-02-09 18:00:00',2235,109);
INSERT INTO like_tweets (id,like_tweet_date,tweets_id,users_id) VALUES (3838,'2024-06-12 16:00:00',2067,102);
INSERT INTO like_tweets (id,like_tweet_date,tweets_id,users_id) VALUES (3839,'2024-05-03 18:00:00',2178,139);
INSERT INTO like_tweets (id,like_tweet_date,tweets_id,users_id) VALUES (3840,'2024-07-22 23:00:00',2071,156);
INSERT INTO like_tweets (id,like_tweet_date,tweets_id,users_id) VALUES (3841,'2024-02-28 18:00:00',2267,143);
INSERT INTO like_tweets (id,like_tweet_date,tweets_id,users_id) VALUES (3842,'2024-02-10 11:00:00',2155,103);
INSERT INTO like_tweets (id,like_tweet_date,tweets_id,users_id) VALUES (3843,'2024-02-18 14:00:00',2113,116);
INSERT INTO like_tweets (id,like_tweet_date,tweets_id,users_id) VALUES (3844,'2024-02-12 18:00:00',2116,139);
INSERT INTO like_tweets (id,like_tweet_date,tweets_id,users_id) VALUES (3845,'2024-01-27 19:00:00',2107,116);
INSERT INTO like_tweets (id,like_tweet_date,tweets_id,users_id) VALUES (3846,'2024-01-27 12:00:00',2217,114);
INSERT INTO like_tweets (id,like_tweet_date,tweets_id,users_id) VALUES (3847,'2024-05-27 04:00:00',2009,161);
INSERT INTO like_tweets (id,like_tweet_date,tweets_id,users_id) VALUES (3848,'2024-02-06 19:00:00',2021,125);
INSERT INTO like_tweets (id,like_tweet_date,tweets_id,users_id) VALUES (3849,'2024-07-21 11:00:00',2016,173);
INSERT INTO like_tweets (id,like_tweet_date,tweets_id,users_id) VALUES (3850,'2024-02-10 14:00:00',2030,160);
INSERT INTO like_tweets (id,like_tweet_date,tweets_id,users_id) VALUES (3851,'2024-01-23 14:00:00',2129,105);
INSERT INTO like_tweets (id,like_tweet_date,tweets_id,users_id) VALUES (3852,'2024-02-02 22:00:00',2154,101);
INSERT INTO like_tweets (id,like_tweet_date,tweets_id,users_id) VALUES (3853,'2024-07-19 13:00:00',2063,126);
INSERT INTO like_tweets (id,like_tweet_date,tweets_id,users_id) VALUES (3854,'2024-04-29 23:00:00',2102,123);
INSERT INTO like_tweets (id,like_tweet_date,tweets_id,users_id) VALUES (3855,'2024-02-19 16:00:00',2014,111);
INSERT INTO like_tweets (id,like_tweet_date,tweets_id,users_id) VALUES (3856,'2024-04-30 05:00:00',2142,144);
INSERT INTO like_tweets (id,like_tweet_date,tweets_id,users_id) VALUES (3857,'2024-03-23 13:00:00',2082,172);
INSERT INTO like_tweets (id,like_tweet_date,tweets_id,users_id) VALUES (3858,'2024-02-03 19:00:00',2258,108);
INSERT INTO like_tweets (id,like_tweet_date,tweets_id,users_id) VALUES (3859,'2024-06-29 12:00:00',2296,101);
INSERT INTO like_tweets (id,like_tweet_date,tweets_id,users_id) VALUES (3860,'2024-04-06 04:00:00',2111,124);
INSERT INTO like_tweets (id,like_tweet_date,tweets_id,users_id) VALUES (3861,'2024-01-02 11:00:00',2087,176);
INSERT INTO like_tweets (id,like_tweet_date,tweets_id,users_id) VALUES (3862,'2024-06-21 02:00:00',2050,127);
INSERT INTO like_tweets (id,like_tweet_date,tweets_id,users_id) VALUES (3863,'2024-07-20 04:00:00',2243,146);
INSERT INTO like_tweets (id,like_tweet_date,tweets_id,users_id) VALUES (3864,'2024-02-06 15:00:00',2094,156);
INSERT INTO like_tweets (id,like_tweet_date,tweets_id,users_id) VALUES (3865,'2024-05-09 13:00:00',2092,145);
INSERT INTO like_tweets (id,like_tweet_date,tweets_id,users_id) VALUES (3866,'2024-06-24 12:00:00',2217,127);
INSERT INTO like_tweets (id,like_tweet_date,tweets_id,users_id) VALUES (3867,'2024-02-08 12:00:00',2116,152);
INSERT INTO like_tweets (id,like_tweet_date,tweets_id,users_id) VALUES (3868,'2024-06-08 00:00:00',2160,115);
INSERT INTO like_tweets (id,like_tweet_date,tweets_id,users_id) VALUES (3869,'2024-02-16 09:00:00',2056,174);
INSERT INTO like_tweets (id,like_tweet_date,tweets_id,users_id) VALUES (3870,'2024-04-08 09:00:00',2253,146);
INSERT INTO like_tweets (id,like_tweet_date,tweets_id,users_id) VALUES (3871,'2024-01-29 01:00:00',2285,105);
INSERT INTO like_tweets (id,like_tweet_date,tweets_id,users_id) VALUES (3872,'2024-02-09 11:00:00',2167,171);
INSERT INTO like_tweets (id,like_tweet_date,tweets_id,users_id) VALUES (3873,'2024-06-04 23:00:00',2197,136);
INSERT INTO like_tweets (id,like_tweet_date,tweets_id,users_id) VALUES (3874,'2024-05-31 12:00:00',2307,139);
INSERT INTO like_tweets (id,like_tweet_date,tweets_id,users_id) VALUES (3875,'2024-04-09 04:00:00',2115,152);
INSERT INTO like_tweets (id,like_tweet_date,tweets_id,users_id) VALUES (3876,'2024-01-24 18:00:00',2219,124);
INSERT INTO like_tweets (id,like_tweet_date,tweets_id,users_id) VALUES (3877,'2024-03-02 04:00:00',2243,147);
INSERT INTO like_tweets (id,like_tweet_date,tweets_id,users_id) VALUES (3878,'2024-02-05 21:00:00',2006,170);
INSERT INTO like_tweets (id,like_tweet_date,tweets_id,users_id) VALUES (3879,'2024-06-27 09:00:00',2202,156);
INSERT INTO like_tweets (id,like_tweet_date,tweets_id,users_id) VALUES (3880,'2024-02-10 16:00:00',2337,110);
INSERT INTO like_tweets (id,like_tweet_date,tweets_id,users_id) VALUES (3881,'2024-05-16 17:00:00',2073,150);
INSERT INTO like_tweets (id,like_tweet_date,tweets_id,users_id) VALUES (3882,'2024-02-27 14:00:00',2302,113);
INSERT INTO like_tweets (id,like_tweet_date,tweets_id,users_id) VALUES (3883,'2024-03-08 22:00:00',2033,146);
INSERT INTO like_tweets (id,like_tweet_date,tweets_id,users_id) VALUES (3884,'2024-07-22 01:00:00',2173,125);
INSERT INTO like_tweets (id,like_tweet_date,tweets_id,users_id) VALUES (3885,'2024-03-20 11:00:00',2206,115);
INSERT INTO like_tweets (id,like_tweet_date,tweets_id,users_id) VALUES (3886,'2024-04-05 01:00:00',2217,171);
INSERT INTO like_tweets (id,like_tweet_date,tweets_id,users_id) VALUES (3887,'2024-05-16 14:00:00',2297,134);
INSERT INTO like_tweets (id,like_tweet_date,tweets_id,users_id) VALUES (3888,'2024-07-24 21:00:00',2182,160);
INSERT INTO like_tweets (id,like_tweet_date,tweets_id,users_id) VALUES (3889,'2024-06-23 13:00:00',2207,170);
INSERT INTO like_tweets (id,like_tweet_date,tweets_id,users_id) VALUES (3890,'2024-06-04 04:00:00',2142,118);
INSERT INTO like_tweets (id,like_tweet_date,tweets_id,users_id) VALUES (3891,'2024-03-26 13:00:00',2055,115);
INSERT INTO like_tweets (id,like_tweet_date,tweets_id,users_id) VALUES (3892,'2024-03-19 18:00:00',2250,171);
INSERT INTO like_tweets (id,like_tweet_date,tweets_id,users_id) VALUES (3893,'2024-01-11 03:00:00',2321,117);
INSERT INTO like_tweets (id,like_tweet_date,tweets_id,users_id) VALUES (3894,'2024-01-24 06:00:00',2050,106);
INSERT INTO like_tweets (id,like_tweet_date,tweets_id,users_id) VALUES (3895,'2024-03-02 03:00:00',2255,103);
INSERT INTO like_tweets (id,like_tweet_date,tweets_id,users_id) VALUES (3896,'2024-02-22 03:00:00',2195,141);
INSERT INTO like_tweets (id,like_tweet_date,tweets_id,users_id) VALUES (3897,'2024-01-27 02:00:00',2155,112);
INSERT INTO like_tweets (id,like_tweet_date,tweets_id,users_id) VALUES (3898,'2024-06-17 00:00:00',2338,174);
INSERT INTO like_tweets (id,like_tweet_date,tweets_id,users_id) VALUES (3899,'2024-04-10 04:00:00',2238,125);
INSERT INTO like_tweets (id,like_tweet_date,tweets_id,users_id) VALUES (3900,'2024-06-16 08:00:00',2338,171);
INSERT INTO like_tweets (id,like_tweet_date,tweets_id,users_id) VALUES (3901,'2024-07-04 03:00:00',2258,133);
INSERT INTO like_tweets (id,like_tweet_date,tweets_id,users_id) VALUES (3902,'2024-07-05 13:00:00',2175,177);
INSERT INTO like_tweets (id,like_tweet_date,tweets_id,users_id) VALUES (3903,'2024-05-26 21:00:00',2009,104);
INSERT INTO like_tweets (id,like_tweet_date,tweets_id,users_id) VALUES (3904,'2024-06-02 15:00:00',2060,149);
INSERT INTO like_tweets (id,like_tweet_date,tweets_id,users_id) VALUES (3905,'2024-05-31 01:00:00',2161,148);
INSERT INTO like_tweets (id,like_tweet_date,tweets_id,users_id) VALUES (3906,'2024-01-12 05:00:00',2235,104);
INSERT INTO like_tweets (id,like_tweet_date,tweets_id,users_id) VALUES (3907,'2024-02-26 00:00:00',2090,138);
INSERT INTO like_tweets (id,like_tweet_date,tweets_id,users_id) VALUES (3908,'2024-02-15 21:00:00',2251,155);
INSERT INTO like_tweets (id,like_tweet_date,tweets_id,users_id) VALUES (3909,'2024-06-15 09:00:00',2159,149);
INSERT INTO like_tweets (id,like_tweet_date,tweets_id,users_id) VALUES (3910,'2024-07-08 00:00:00',2056,170);
INSERT INTO like_tweets (id,like_tweet_date,tweets_id,users_id) VALUES (3911,'2024-06-11 10:00:00',2276,160);
INSERT INTO like_tweets (id,like_tweet_date,tweets_id,users_id) VALUES (3912,'2024-06-21 22:00:00',2287,120);
INSERT INTO like_tweets (id,like_tweet_date,tweets_id,users_id) VALUES (3913,'2024-03-30 21:00:00',2028,150);
INSERT INTO like_tweets (id,like_tweet_date,tweets_id,users_id) VALUES (3914,'2024-04-30 09:00:00',2253,148);
INSERT INTO like_tweets (id,like_tweet_date,tweets_id,users_id) VALUES (3915,'2024-01-21 23:00:00',2145,141);
INSERT INTO like_tweets (id,like_tweet_date,tweets_id,users_id) VALUES (3916,'2024-02-13 18:00:00',2014,105);
INSERT INTO like_tweets (id,like_tweet_date,tweets_id,users_id) VALUES (3917,'2024-07-18 07:00:00',2187,144);
INSERT INTO like_tweets (id,like_tweet_date,tweets_id,users_id) VALUES (3918,'2024-05-09 21:00:00',2013,143);
INSERT INTO like_tweets (id,like_tweet_date,tweets_id,users_id) VALUES (3919,'2024-04-27 19:00:00',2049,154);
INSERT INTO like_tweets (id,like_tweet_date,tweets_id,users_id) VALUES (3920,'2024-04-29 21:00:00',2182,152);
INSERT INTO like_tweets (id,like_tweet_date,tweets_id,users_id) VALUES (3921,'2024-03-25 12:00:00',2028,131);
INSERT INTO like_tweets (id,like_tweet_date,tweets_id,users_id) VALUES (3922,'2024-07-21 06:00:00',2120,139);
INSERT INTO like_tweets (id,like_tweet_date,tweets_id,users_id) VALUES (3923,'2024-04-14 01:00:00',2043,108);
INSERT INTO like_tweets (id,like_tweet_date,tweets_id,users_id) VALUES (3924,'2024-02-27 22:00:00',2058,143);
INSERT INTO like_tweets (id,like_tweet_date,tweets_id,users_id) VALUES (3925,'2024-04-21 07:00:00',2010,176);
INSERT INTO like_tweets (id,like_tweet_date,tweets_id,users_id) VALUES (3926,'2024-05-24 04:00:00',2019,158);
INSERT INTO like_tweets (id,like_tweet_date,tweets_id,users_id) VALUES (3927,'2024-05-23 18:00:00',2290,173);
INSERT INTO like_tweets (id,like_tweet_date,tweets_id,users_id) VALUES (3928,'2024-06-09 07:00:00',2136,102);
INSERT INTO like_tweets (id,like_tweet_date,tweets_id,users_id) VALUES (3929,'2024-04-18 00:00:00',2301,102);
INSERT INTO like_tweets (id,like_tweet_date,tweets_id,users_id) VALUES (3930,'2024-04-20 01:00:00',2193,149);
INSERT INTO like_tweets (id,like_tweet_date,tweets_id,users_id) VALUES (3931,'2024-06-15 16:00:00',2293,112);
INSERT INTO like_tweets (id,like_tweet_date,tweets_id,users_id) VALUES (3932,'2024-04-24 16:00:00',2051,126);
INSERT INTO like_tweets (id,like_tweet_date,tweets_id,users_id) VALUES (3933,'2024-04-25 21:00:00',2254,172);
INSERT INTO like_tweets (id,like_tweet_date,tweets_id,users_id) VALUES (3934,'2024-05-04 00:00:00',2085,138);
INSERT INTO like_tweets (id,like_tweet_date,tweets_id,users_id) VALUES (3935,'2024-06-18 15:00:00',2223,125);
INSERT INTO like_tweets (id,like_tweet_date,tweets_id,users_id) VALUES (3936,'2024-07-01 21:00:00',2325,109);
INSERT INTO like_tweets (id,like_tweet_date,tweets_id,users_id) VALUES (3937,'2024-03-31 12:00:00',2109,136);
INSERT INTO like_tweets (id,like_tweet_date,tweets_id,users_id) VALUES (3938,'2024-07-14 18:00:00',2024,138);
INSERT INTO like_tweets (id,like_tweet_date,tweets_id,users_id) VALUES (3939,'2024-02-01 09:00:00',2205,128);
INSERT INTO like_tweets (id,like_tweet_date,tweets_id,users_id) VALUES (3940,'2024-07-21 00:00:00',2296,112);
INSERT INTO like_tweets (id,like_tweet_date,tweets_id,users_id) VALUES (3941,'2024-01-23 23:00:00',2172,134);
INSERT INTO like_tweets (id,like_tweet_date,tweets_id,users_id) VALUES (3942,'2024-06-11 05:00:00',2290,175);
INSERT INTO like_tweets (id,like_tweet_date,tweets_id,users_id) VALUES (3943,'2024-04-28 13:00:00',2218,126);
INSERT INTO like_tweets (id,like_tweet_date,tweets_id,users_id) VALUES (3944,'2024-06-21 06:00:00',2039,138);
INSERT INTO like_tweets (id,like_tweet_date,tweets_id,users_id) VALUES (3945,'2024-07-03 07:00:00',2153,155);
INSERT INTO like_tweets (id,like_tweet_date,tweets_id,users_id) VALUES (3946,'2024-05-21 10:00:00',2160,125);
INSERT INTO like_tweets (id,like_tweet_date,tweets_id,users_id) VALUES (3947,'2024-06-24 21:00:00',2205,132);
INSERT INTO like_tweets (id,like_tweet_date,tweets_id,users_id) VALUES (3948,'2024-01-07 08:00:00',2232,123);
INSERT INTO like_tweets (id,like_tweet_date,tweets_id,users_id) VALUES (3949,'2024-03-04 16:00:00',2321,174);
INSERT INTO like_tweets (id,like_tweet_date,tweets_id,users_id) VALUES (3950,'2024-03-13 16:00:00',2295,171);
INSERT INTO like_tweets (id,like_tweet_date,tweets_id,users_id) VALUES (3951,'2024-04-01 10:00:00',2338,159);
INSERT INTO like_tweets (id,like_tweet_date,tweets_id,users_id) VALUES (3952,'2024-05-28 01:00:00',2326,176);
INSERT INTO like_tweets (id,like_tweet_date,tweets_id,users_id) VALUES (3953,'2024-06-27 06:00:00',2289,107);
INSERT INTO like_tweets (id,like_tweet_date,tweets_id,users_id) VALUES (3954,'2024-06-06 20:00:00',2102,146);
INSERT INTO like_tweets (id,like_tweet_date,tweets_id,users_id) VALUES (3955,'2024-02-21 08:00:00',2075,130);
INSERT INTO like_tweets (id,like_tweet_date,tweets_id,users_id) VALUES (3956,'2024-05-20 00:00:00',2153,155);
INSERT INTO like_tweets (id,like_tweet_date,tweets_id,users_id) VALUES (3957,'2024-03-10 11:00:00',2163,108);
INSERT INTO like_tweets (id,like_tweet_date,tweets_id,users_id) VALUES (3958,'2024-04-07 23:00:00',2211,134);
INSERT INTO like_tweets (id,like_tweet_date,tweets_id,users_id) VALUES (3959,'2024-03-28 12:00:00',2330,120);
INSERT INTO like_tweets (id,like_tweet_date,tweets_id,users_id) VALUES (3960,'2024-05-18 12:00:00',2307,130);
INSERT INTO like_tweets (id,like_tweet_date,tweets_id,users_id) VALUES (3961,'2024-02-21 04:00:00',2122,114);
INSERT INTO like_tweets (id,like_tweet_date,tweets_id,users_id) VALUES (3962,'2024-03-24 19:00:00',2098,103);
INSERT INTO like_tweets (id,like_tweet_date,tweets_id,users_id) VALUES (3963,'2024-06-14 16:00:00',2158,159);
INSERT INTO like_tweets (id,like_tweet_date,tweets_id,users_id) VALUES (3964,'2024-05-24 01:00:00',2286,155);
INSERT INTO like_tweets (id,like_tweet_date,tweets_id,users_id) VALUES (3965,'2024-03-09 22:00:00',2331,104);
INSERT INTO like_tweets (id,like_tweet_date,tweets_id,users_id) VALUES (3966,'2024-02-16 13:00:00',2081,134);
INSERT INTO like_tweets (id,like_tweet_date,tweets_id,users_id) VALUES (3967,'2024-04-04 19:00:00',2014,133);
INSERT INTO like_tweets (id,like_tweet_date,tweets_id,users_id) VALUES (3968,'2024-01-15 09:00:00',2337,122);
INSERT INTO like_tweets (id,like_tweet_date,tweets_id,users_id) VALUES (3969,'2024-01-19 21:00:00',2248,102);
INSERT INTO like_tweets (id,like_tweet_date,tweets_id,users_id) VALUES (3970,'2024-07-24 08:00:00',2042,140);
INSERT INTO like_tweets (id,like_tweet_date,tweets_id,users_id) VALUES (3971,'2024-05-18 22:00:00',2152,108);
INSERT INTO like_tweets (id,like_tweet_date,tweets_id,users_id) VALUES (3972,'2024-05-15 11:00:00',2186,111);
INSERT INTO like_tweets (id,like_tweet_date,tweets_id,users_id) VALUES (3973,'2024-02-08 04:00:00',2071,130);
INSERT INTO like_tweets (id,like_tweet_date,tweets_id,users_id) VALUES (3974,'2024-02-11 04:00:00',2292,172);
INSERT INTO like_tweets (id,like_tweet_date,tweets_id,users_id) VALUES (3975,'2024-03-26 22:00:00',2267,175);
INSERT INTO like_tweets (id,like_tweet_date,tweets_id,users_id) VALUES (3976,'2024-03-22 06:00:00',2254,111);
INSERT INTO like_tweets (id,like_tweet_date,tweets_id,users_id) VALUES (3977,'2024-04-16 23:00:00',2307,115);
INSERT INTO like_tweets (id,like_tweet_date,tweets_id,users_id) VALUES (3978,'2024-03-21 12:00:00',2168,149);
INSERT INTO like_tweets (id,like_tweet_date,tweets_id,users_id) VALUES (3979,'2024-02-19 05:00:00',2216,127);
INSERT INTO like_tweets (id,like_tweet_date,tweets_id,users_id) VALUES (3980,'2024-03-14 01:00:00',2054,122);
INSERT INTO like_tweets (id,like_tweet_date,tweets_id,users_id) VALUES (3981,'2024-05-19 09:00:00',2140,156);
INSERT INTO like_tweets (id,like_tweet_date,tweets_id,users_id) VALUES (3982,'2024-06-16 09:00:00',2130,107);
INSERT INTO like_tweets (id,like_tweet_date,tweets_id,users_id) VALUES (3983,'2024-02-08 13:00:00',2273,147);
INSERT INTO like_tweets (id,like_tweet_date,tweets_id,users_id) VALUES (3984,'2024-05-24 15:00:00',2162,177);
INSERT INTO like_tweets (id,like_tweet_date,tweets_id,users_id) VALUES (3985,'2024-04-04 19:00:00',2243,131);
INSERT INTO like_tweets (id,like_tweet_date,tweets_id,users_id) VALUES (3986,'2024-06-11 05:00:00',2074,146);
INSERT INTO like_tweets (id,like_tweet_date,tweets_id,users_id) VALUES (3987,'2024-01-08 04:00:00',2188,139);
INSERT INTO like_tweets (id,like_tweet_date,tweets_id,users_id) VALUES (3988,'2024-01-19 15:00:00',2330,104);
INSERT INTO like_tweets (id,like_tweet_date,tweets_id,users_id) VALUES (3989,'2024-03-27 08:00:00',2343,130);
INSERT INTO like_tweets (id,like_tweet_date,tweets_id,users_id) VALUES (3990,'2024-04-15 13:00:00',2282,149);
INSERT INTO like_tweets (id,like_tweet_date,tweets_id,users_id) VALUES (3991,'2024-02-11 15:00:00',2327,146);
INSERT INTO like_tweets (id,like_tweet_date,tweets_id,users_id) VALUES (3992,'2024-05-31 00:00:00',2273,130);
INSERT INTO like_tweets (id,like_tweet_date,tweets_id,users_id) VALUES (3993,'2024-05-14 03:00:00',2198,101);
INSERT INTO like_tweets (id,like_tweet_date,tweets_id,users_id) VALUES (3994,'2024-01-31 19:00:00',2130,138);
INSERT INTO like_tweets (id,like_tweet_date,tweets_id,users_id) VALUES (3995,'2024-03-12 19:00:00',2120,138);
INSERT INTO like_tweets (id,like_tweet_date,tweets_id,users_id) VALUES (3996,'2024-04-18 06:00:00',2082,156);
INSERT INTO like_tweets (id,like_tweet_date,tweets_id,users_id) VALUES (3997,'2024-01-12 13:00:00',2329,152);
INSERT INTO like_tweets (id,like_tweet_date,tweets_id,users_id) VALUES (3998,'2024-06-16 19:00:00',2140,110);
INSERT INTO like_tweets (id,like_tweet_date,tweets_id,users_id) VALUES (3999,'2024-04-23 13:00:00',2241,152);
INSERT INTO like_tweets (id,like_tweet_date,tweets_id,users_id) VALUES (4000,'2024-02-24 17:00:00',2216,112);
INSERT INTO like_tweets (id,like_tweet_date,tweets_id,users_id) VALUES (4001,'2024-01-23 15:00:00',2133,172);
INSERT INTO like_tweets (id,like_tweet_date,tweets_id,users_id) VALUES (4002,'2024-07-24 12:00:00',2180,153);
INSERT INTO like_tweets (id,like_tweet_date,tweets_id,users_id) VALUES (4003,'2024-06-03 17:00:00',2280,141);
INSERT INTO like_tweets (id,like_tweet_date,tweets_id,users_id) VALUES (4004,'2024-03-03 17:00:00',2014,106);
INSERT INTO like_tweets (id,like_tweet_date,tweets_id,users_id) VALUES (4005,'2024-02-16 10:00:00',2322,156);
INSERT INTO like_tweets (id,like_tweet_date,tweets_id,users_id) VALUES (4006,'2024-03-09 07:00:00',2001,151);
INSERT INTO like_tweets (id,like_tweet_date,tweets_id,users_id) VALUES (4007,'2024-04-17 02:00:00',2321,139);
INSERT INTO like_tweets (id,like_tweet_date,tweets_id,users_id) VALUES (4008,'2024-02-07 19:00:00',2294,110);
INSERT INTO like_tweets (id,like_tweet_date,tweets_id,users_id) VALUES (4009,'2024-06-25 06:00:00',2080,131);
INSERT INTO like_tweets (id,like_tweet_date,tweets_id,users_id) VALUES (4010,'2024-07-21 18:00:00',2332,116);
INSERT INTO like_tweets (id,like_tweet_date,tweets_id,users_id) VALUES (4011,'2024-06-03 02:00:00',2210,140);
INSERT INTO like_tweets (id,like_tweet_date,tweets_id,users_id) VALUES (4012,'2024-03-29 23:00:00',2244,117);
INSERT INTO like_tweets (id,like_tweet_date,tweets_id,users_id) VALUES (4013,'2024-04-06 04:00:00',2088,141);
INSERT INTO like_tweets (id,like_tweet_date,tweets_id,users_id) VALUES (4014,'2024-05-21 11:00:00',2101,110);
INSERT INTO like_tweets (id,like_tweet_date,tweets_id,users_id) VALUES (4015,'2024-05-14 07:00:00',2188,123);
INSERT INTO like_tweets (id,like_tweet_date,tweets_id,users_id) VALUES (4016,'2024-01-08 01:00:00',2193,128);
INSERT INTO like_tweets (id,like_tweet_date,tweets_id,users_id) VALUES (4017,'2024-01-31 08:00:00',2011,129);
INSERT INTO like_tweets (id,like_tweet_date,tweets_id,users_id) VALUES (4018,'2024-03-30 08:00:00',2236,125);
INSERT INTO like_tweets (id,like_tweet_date,tweets_id,users_id) VALUES (4019,'2024-05-16 21:00:00',2086,106);
INSERT INTO like_tweets (id,like_tweet_date,tweets_id,users_id) VALUES (4020,'2024-07-23 22:00:00',2316,154);
INSERT INTO like_tweets (id,like_tweet_date,tweets_id,users_id) VALUES (4021,'2024-01-31 09:00:00',2133,119);
INSERT INTO like_tweets (id,like_tweet_date,tweets_id,users_id) VALUES (4022,'2024-07-12 14:00:00',2188,121);
INSERT INTO like_tweets (id,like_tweet_date,tweets_id,users_id) VALUES (4023,'2024-06-28 11:00:00',2060,101);
INSERT INTO like_tweets (id,like_tweet_date,tweets_id,users_id) VALUES (4024,'2024-06-17 16:00:00',2222,158);
INSERT INTO like_tweets (id,like_tweet_date,tweets_id,users_id) VALUES (4025,'2024-03-10 08:00:00',2060,128);
INSERT INTO like_tweets (id,like_tweet_date,tweets_id,users_id) VALUES (4026,'2024-04-08 06:00:00',2097,134);
INSERT INTO like_tweets (id,like_tweet_date,tweets_id,users_id) VALUES (4027,'2024-02-14 10:00:00',2253,148);
INSERT INTO like_tweets (id,like_tweet_date,tweets_id,users_id) VALUES (4028,'2024-07-23 19:00:00',2220,126);
INSERT INTO like_tweets (id,like_tweet_date,tweets_id,users_id) VALUES (4029,'2024-03-05 15:00:00',2110,136);
INSERT INTO like_tweets (id,like_tweet_date,tweets_id,users_id) VALUES (4030,'2024-05-19 10:00:00',2214,123);
INSERT INTO like_tweets (id,like_tweet_date,tweets_id,users_id) VALUES (4031,'2024-04-09 01:00:00',2074,103);
INSERT INTO like_tweets (id,like_tweet_date,tweets_id,users_id) VALUES (4032,'2024-06-02 22:00:00',2134,130);
INSERT INTO like_tweets (id,like_tweet_date,tweets_id,users_id) VALUES (4033,'2024-07-17 23:00:00',2127,147);
INSERT INTO like_tweets (id,like_tweet_date,tweets_id,users_id) VALUES (4034,'2024-01-30 06:00:00',2331,158);
INSERT INTO like_tweets (id,like_tweet_date,tweets_id,users_id) VALUES (4035,'2024-02-15 11:00:00',2005,160);
INSERT INTO like_tweets (id,like_tweet_date,tweets_id,users_id) VALUES (4036,'2024-03-13 10:00:00',2165,150);
INSERT INTO like_tweets (id,like_tweet_date,tweets_id,users_id) VALUES (4037,'2024-07-22 20:00:00',2196,154);
INSERT INTO like_tweets (id,like_tweet_date,tweets_id,users_id) VALUES (4038,'2024-02-02 12:00:00',2131,109);
INSERT INTO like_tweets (id,like_tweet_date,tweets_id,users_id) VALUES (4039,'2024-01-18 18:00:00',2285,107);
INSERT INTO like_tweets (id,like_tweet_date,tweets_id,users_id) VALUES (4040,'2024-06-09 17:00:00',2170,130);
INSERT INTO like_tweets (id,like_tweet_date,tweets_id,users_id) VALUES (4041,'2024-01-02 19:00:00',2181,105);
INSERT INTO like_tweets (id,like_tweet_date,tweets_id,users_id) VALUES (4042,'2024-05-10 00:00:00',2129,172);
INSERT INTO like_tweets (id,like_tweet_date,tweets_id,users_id) VALUES (4043,'2024-05-06 14:00:00',2154,150);
INSERT INTO like_tweets (id,like_tweet_date,tweets_id,users_id) VALUES (4044,'2024-07-17 03:00:00',2067,105);
INSERT INTO like_tweets (id,like_tweet_date,tweets_id,users_id) VALUES (4045,'2024-02-27 23:00:00',2091,133);
INSERT INTO like_tweets (id,like_tweet_date,tweets_id,users_id) VALUES (4046,'2024-04-25 18:00:00',2257,171);
INSERT INTO like_tweets (id,like_tweet_date,tweets_id,users_id) VALUES (4047,'2024-01-31 14:00:00',2239,116);
INSERT INTO like_tweets (id,like_tweet_date,tweets_id,users_id) VALUES (4048,'2024-05-27 18:00:00',2162,175);
INSERT INTO like_tweets (id,like_tweet_date,tweets_id,users_id) VALUES (4049,'2024-02-09 21:00:00',2072,133);
INSERT INTO like_tweets (id,like_tweet_date,tweets_id,users_id) VALUES (4050,'2024-02-13 15:00:00',2160,105);
INSERT INTO like_tweets (id,like_tweet_date,tweets_id,users_id) VALUES (4051,'2024-05-03 01:00:00',2255,135);
INSERT INTO like_tweets (id,like_tweet_date,tweets_id,users_id) VALUES (4052,'2024-03-30 20:00:00',2220,136);
INSERT INTO like_tweets (id,like_tweet_date,tweets_id,users_id) VALUES (4053,'2024-06-25 11:00:00',2313,133);
INSERT INTO like_tweets (id,like_tweet_date,tweets_id,users_id) VALUES (4054,'2024-02-26 07:00:00',2160,155);
INSERT INTO like_tweets (id,like_tweet_date,tweets_id,users_id) VALUES (4055,'2024-02-21 15:00:00',2161,170);
INSERT INTO like_tweets (id,like_tweet_date,tweets_id,users_id) VALUES (4056,'2024-01-19 03:00:00',2284,156);
INSERT INTO like_tweets (id,like_tweet_date,tweets_id,users_id) VALUES (4057,'2024-01-19 15:00:00',2096,119);
INSERT INTO like_tweets (id,like_tweet_date,tweets_id,users_id) VALUES (4058,'2024-01-13 05:00:00',2117,123);
INSERT INTO like_tweets (id,like_tweet_date,tweets_id,users_id) VALUES (4059,'2024-02-25 19:00:00',2240,133);
INSERT INTO like_tweets (id,like_tweet_date,tweets_id,users_id) VALUES (4060,'2024-02-09 14:00:00',2239,155);
INSERT INTO like_tweets (id,like_tweet_date,tweets_id,users_id) VALUES (4061,'2024-05-30 16:00:00',2253,105);
INSERT INTO like_tweets (id,like_tweet_date,tweets_id,users_id) VALUES (4062,'2024-06-05 05:00:00',2182,170);
INSERT INTO like_tweets (id,like_tweet_date,tweets_id,users_id) VALUES (4063,'2024-02-20 12:00:00',2252,114);
INSERT INTO like_tweets (id,like_tweet_date,tweets_id,users_id) VALUES (4064,'2024-02-01 22:00:00',2063,144);
INSERT INTO like_tweets (id,like_tweet_date,tweets_id,users_id) VALUES (4065,'2024-03-02 15:00:00',2104,136);
INSERT INTO like_tweets (id,like_tweet_date,tweets_id,users_id) VALUES (4066,'2024-04-03 02:00:00',2086,173);
INSERT INTO like_tweets (id,like_tweet_date,tweets_id,users_id) VALUES (4067,'2024-07-18 04:00:00',2288,127);
INSERT INTO like_tweets (id,like_tweet_date,tweets_id,users_id) VALUES (4068,'2024-07-13 19:00:00',2002,175);
INSERT INTO like_tweets (id,like_tweet_date,tweets_id,users_id) VALUES (4069,'2024-01-27 05:00:00',2092,153);
INSERT INTO like_tweets (id,like_tweet_date,tweets_id,users_id) VALUES (4070,'2024-02-02 04:00:00',2126,171);
INSERT INTO like_tweets (id,like_tweet_date,tweets_id,users_id) VALUES (4071,'2024-04-07 00:00:00',2168,103);
INSERT INTO like_tweets (id,like_tweet_date,tweets_id,users_id) VALUES (4072,'2024-05-14 13:00:00',2348,115);
INSERT INTO like_tweets (id,like_tweet_date,tweets_id,users_id) VALUES (4073,'2024-04-20 10:00:00',2191,113);
INSERT INTO like_tweets (id,like_tweet_date,tweets_id,users_id) VALUES (4074,'2024-01-28 16:00:00',2078,103);
INSERT INTO like_tweets (id,like_tweet_date,tweets_id,users_id) VALUES (4075,'2024-06-03 23:00:00',2235,161);
INSERT INTO like_tweets (id,like_tweet_date,tweets_id,users_id) VALUES (4076,'2024-07-21 19:00:00',2321,134);
INSERT INTO like_tweets (id,like_tweet_date,tweets_id,users_id) VALUES (4077,'2024-04-22 10:00:00',2336,100);
INSERT INTO like_tweets (id,like_tweet_date,tweets_id,users_id) VALUES (4078,'2024-04-20 21:00:00',2022,157);
INSERT INTO like_tweets (id,like_tweet_date,tweets_id,users_id) VALUES (4079,'2024-03-13 03:00:00',2291,116);
INSERT INTO like_tweets (id,like_tweet_date,tweets_id,users_id) VALUES (4080,'2024-04-20 07:00:00',2024,136);
INSERT INTO like_tweets (id,like_tweet_date,tweets_id,users_id) VALUES (4081,'2024-07-05 18:00:00',2028,109);
INSERT INTO like_tweets (id,like_tweet_date,tweets_id,users_id) VALUES (4082,'2024-02-01 14:00:00',2308,148);
INSERT INTO like_tweets (id,like_tweet_date,tweets_id,users_id) VALUES (4083,'2024-03-01 18:00:00',2204,132);
INSERT INTO like_tweets (id,like_tweet_date,tweets_id,users_id) VALUES (4084,'2024-01-31 10:00:00',2122,151);
INSERT INTO like_tweets (id,like_tweet_date,tweets_id,users_id) VALUES (4085,'2024-02-25 14:00:00',2010,126);
INSERT INTO like_tweets (id,like_tweet_date,tweets_id,users_id) VALUES (4086,'2024-04-07 06:00:00',2198,151);
INSERT INTO like_tweets (id,like_tweet_date,tweets_id,users_id) VALUES (4087,'2024-02-11 03:00:00',2331,119);
INSERT INTO like_tweets (id,like_tweet_date,tweets_id,users_id) VALUES (4088,'2024-05-27 13:00:00',2152,170);
INSERT INTO like_tweets (id,like_tweet_date,tweets_id,users_id) VALUES (4089,'2024-05-02 13:00:00',2158,116);
INSERT INTO like_tweets (id,like_tweet_date,tweets_id,users_id) VALUES (4090,'2024-05-05 10:00:00',2340,112);
INSERT INTO like_tweets (id,like_tweet_date,tweets_id,users_id) VALUES (4091,'2024-06-16 02:00:00',2262,125);
INSERT INTO like_tweets (id,like_tweet_date,tweets_id,users_id) VALUES (4092,'2024-06-11 14:00:00',2228,149);
INSERT INTO like_tweets (id,like_tweet_date,tweets_id,users_id) VALUES (4093,'2024-01-31 19:00:00',2137,154);
INSERT INTO like_tweets (id,like_tweet_date,tweets_id,users_id) VALUES (4094,'2024-03-04 14:00:00',2216,147);
INSERT INTO like_tweets (id,like_tweet_date,tweets_id,users_id) VALUES (4095,'2024-02-01 17:00:00',2222,154);
INSERT INTO like_tweets (id,like_tweet_date,tweets_id,users_id) VALUES (4096,'2024-04-26 15:00:00',2020,173);
INSERT INTO like_tweets (id,like_tweet_date,tweets_id,users_id) VALUES (4097,'2024-02-22 22:00:00',2237,128);
INSERT INTO like_tweets (id,like_tweet_date,tweets_id,users_id) VALUES (4098,'2024-06-28 02:00:00',2253,175);
INSERT INTO like_tweets (id,like_tweet_date,tweets_id,users_id) VALUES (4099,'2024-06-08 19:00:00',2042,137);
INSERT INTO like_tweets (id,like_tweet_date,tweets_id,users_id) VALUES (4100,'2024-06-12 00:00:00',2223,110);
INSERT INTO like_tweets (id,like_tweet_date,tweets_id,users_id) VALUES (4101,'2024-02-13 14:00:00',2153,119);
INSERT INTO like_tweets (id,like_tweet_date,tweets_id,users_id) VALUES (4102,'2024-06-27 13:00:00',2153,131);
INSERT INTO like_tweets (id,like_tweet_date,tweets_id,users_id) VALUES (4103,'2024-07-13 01:00:00',2218,137);
INSERT INTO like_tweets (id,like_tweet_date,tweets_id,users_id) VALUES (4104,'2024-01-16 09:00:00',2024,109);
INSERT INTO like_tweets (id,like_tweet_date,tweets_id,users_id) VALUES (4105,'2024-06-23 07:00:00',2262,113);
INSERT INTO like_tweets (id,like_tweet_date,tweets_id,users_id) VALUES (4106,'2024-02-02 06:00:00',2217,152);
INSERT INTO like_tweets (id,like_tweet_date,tweets_id,users_id) VALUES (4107,'2024-05-01 07:00:00',2237,132);
INSERT INTO like_tweets (id,like_tweet_date,tweets_id,users_id) VALUES (4108,'2024-06-20 20:00:00',2130,110);
INSERT INTO like_tweets (id,like_tweet_date,tweets_id,users_id) VALUES (4109,'2024-06-06 23:00:00',2008,114);
INSERT INTO like_tweets (id,like_tweet_date,tweets_id,users_id) VALUES (4110,'2024-05-14 03:00:00',2091,123);
INSERT INTO like_tweets (id,like_tweet_date,tweets_id,users_id) VALUES (4111,'2024-05-22 01:00:00',2023,110);
INSERT INTO like_tweets (id,like_tweet_date,tweets_id,users_id) VALUES (4112,'2024-07-19 10:00:00',2152,140);
INSERT INTO like_tweets (id,like_tweet_date,tweets_id,users_id) VALUES (4113,'2024-03-31 11:00:00',2232,157);
INSERT INTO like_tweets (id,like_tweet_date,tweets_id,users_id) VALUES (4114,'2024-03-13 01:00:00',2174,123);
INSERT INTO like_tweets (id,like_tweet_date,tweets_id,users_id) VALUES (4115,'2024-07-25 04:00:00',2094,110);
INSERT INTO like_tweets (id,like_tweet_date,tweets_id,users_id) VALUES (4116,'2024-05-28 01:00:00',2132,113);
INSERT INTO like_tweets (id,like_tweet_date,tweets_id,users_id) VALUES (4117,'2024-01-02 23:00:00',2273,102);
INSERT INTO like_tweets (id,like_tweet_date,tweets_id,users_id) VALUES (4118,'2024-01-05 12:00:00',2202,114);
INSERT INTO like_tweets (id,like_tweet_date,tweets_id,users_id) VALUES (4119,'2024-06-06 01:00:00',2087,161);
INSERT INTO like_tweets (id,like_tweet_date,tweets_id,users_id) VALUES (4120,'2024-04-13 08:00:00',2207,170);
INSERT INTO like_tweets (id,like_tweet_date,tweets_id,users_id) VALUES (4121,'2024-05-14 19:00:00',2316,146);
INSERT INTO like_tweets (id,like_tweet_date,tweets_id,users_id) VALUES (4122,'2024-02-12 16:00:00',2154,111);
INSERT INTO like_tweets (id,like_tweet_date,tweets_id,users_id) VALUES (4123,'2024-03-06 03:00:00',2069,101);
INSERT INTO like_tweets (id,like_tweet_date,tweets_id,users_id) VALUES (4124,'2024-03-05 05:00:00',2057,102);
INSERT INTO like_tweets (id,like_tweet_date,tweets_id,users_id) VALUES (4125,'2024-06-13 05:00:00',2013,126);
INSERT INTO like_tweets (id,like_tweet_date,tweets_id,users_id) VALUES (4126,'2024-03-23 12:00:00',2332,118);
INSERT INTO like_tweets (id,like_tweet_date,tweets_id,users_id) VALUES (4127,'2024-03-06 03:00:00',2223,176);
INSERT INTO like_tweets (id,like_tweet_date,tweets_id,users_id) VALUES (4128,'2024-06-07 04:00:00',2044,138);
INSERT INTO like_tweets (id,like_tweet_date,tweets_id,users_id) VALUES (4129,'2024-05-24 00:00:00',2075,160);
INSERT INTO like_tweets (id,like_tweet_date,tweets_id,users_id) VALUES (4130,'2024-02-26 16:00:00',2011,114);
INSERT INTO like_tweets (id,like_tweet_date,tweets_id,users_id) VALUES (4131,'2024-06-14 13:00:00',2078,156);
INSERT INTO like_tweets (id,like_tweet_date,tweets_id,users_id) VALUES (4132,'2024-06-02 10:00:00',2241,102);
INSERT INTO like_tweets (id,like_tweet_date,tweets_id,users_id) VALUES (4133,'2024-03-09 17:00:00',2299,131);
INSERT INTO like_tweets (id,like_tweet_date,tweets_id,users_id) VALUES (4134,'2024-01-18 09:00:00',2150,150);
INSERT INTO like_tweets (id,like_tweet_date,tweets_id,users_id) VALUES (4135,'2024-02-05 01:00:00',2170,101);
INSERT INTO like_tweets (id,like_tweet_date,tweets_id,users_id) VALUES (4136,'2024-05-21 21:00:00',2322,155);
INSERT INTO like_tweets (id,like_tweet_date,tweets_id,users_id) VALUES (4137,'2024-01-13 15:00:00',2253,137);
INSERT INTO like_tweets (id,like_tweet_date,tweets_id,users_id) VALUES (4138,'2024-06-14 22:00:00',2249,151);
INSERT INTO like_tweets (id,like_tweet_date,tweets_id,users_id) VALUES (4139,'2024-03-20 03:00:00',2262,170);
INSERT INTO like_tweets (id,like_tweet_date,tweets_id,users_id) VALUES (4140,'2024-01-07 11:00:00',2031,175);
INSERT INTO like_tweets (id,like_tweet_date,tweets_id,users_id) VALUES (4141,'2024-07-07 20:00:00',2216,140);
INSERT INTO like_tweets (id,like_tweet_date,tweets_id,users_id) VALUES (4142,'2024-05-22 09:00:00',2032,134);
INSERT INTO like_tweets (id,like_tweet_date,tweets_id,users_id) VALUES (4143,'2024-06-17 21:00:00',2242,114);
INSERT INTO like_tweets (id,like_tweet_date,tweets_id,users_id) VALUES (4144,'2024-06-02 00:00:00',2318,144);
INSERT INTO like_tweets (id,like_tweet_date,tweets_id,users_id) VALUES (4145,'2024-02-25 01:00:00',2223,102);
INSERT INTO like_tweets (id,like_tweet_date,tweets_id,users_id) VALUES (4146,'2024-06-09 04:00:00',2147,124);
INSERT INTO like_tweets (id,like_tweet_date,tweets_id,users_id) VALUES (4147,'2024-03-20 05:00:00',2176,156);
INSERT INTO like_tweets (id,like_tweet_date,tweets_id,users_id) VALUES (4148,'2024-07-19 14:00:00',2259,128);
INSERT INTO like_tweets (id,like_tweet_date,tweets_id,users_id) VALUES (4149,'2024-02-14 18:00:00',2173,159);
INSERT INTO like_tweets (id,like_tweet_date,tweets_id,users_id) VALUES (4150,'2024-05-22 06:00:00',2150,149);
INSERT INTO like_tweets (id,like_tweet_date,tweets_id,users_id) VALUES (4151,'2024-06-10 05:00:00',2344,146);
INSERT INTO like_tweets (id,like_tweet_date,tweets_id,users_id) VALUES (4152,'2024-04-06 09:00:00',2082,126);
INSERT INTO like_tweets (id,like_tweet_date,tweets_id,users_id) VALUES (4153,'2024-02-14 01:00:00',2044,161);
INSERT INTO like_tweets (id,like_tweet_date,tweets_id,users_id) VALUES (4154,'2024-02-23 08:00:00',2088,125);
INSERT INTO like_tweets (id,like_tweet_date,tweets_id,users_id) VALUES (4155,'2024-02-04 10:00:00',2310,170);
INSERT INTO like_tweets (id,like_tweet_date,tweets_id,users_id) VALUES (4156,'2024-04-13 15:00:00',2212,171);
INSERT INTO like_tweets (id,like_tweet_date,tweets_id,users_id) VALUES (4157,'2024-07-09 01:00:00',2120,126);
INSERT INTO like_tweets (id,like_tweet_date,tweets_id,users_id) VALUES (4158,'2024-05-02 11:00:00',2024,102);
INSERT INTO like_tweets (id,like_tweet_date,tweets_id,users_id) VALUES (4159,'2024-02-24 03:00:00',2133,145);
INSERT INTO like_tweets (id,like_tweet_date,tweets_id,users_id) VALUES (4160,'2024-01-11 21:00:00',2089,172);
INSERT INTO like_tweets (id,like_tweet_date,tweets_id,users_id) VALUES (4161,'2024-05-26 23:00:00',2032,143);
INSERT INTO like_tweets (id,like_tweet_date,tweets_id,users_id) VALUES (4162,'2024-02-11 04:00:00',2058,129);
INSERT INTO like_tweets (id,like_tweet_date,tweets_id,users_id) VALUES (4163,'2024-06-15 00:00:00',2287,128);
INSERT INTO like_tweets (id,like_tweet_date,tweets_id,users_id) VALUES (4164,'2024-05-01 06:00:00',2132,143);
INSERT INTO like_tweets (id,like_tweet_date,tweets_id,users_id) VALUES (4165,'2024-02-21 14:00:00',2023,134);
INSERT INTO like_tweets (id,like_tweet_date,tweets_id,users_id) VALUES (4166,'2024-01-18 05:00:00',2263,113);
INSERT INTO like_tweets (id,like_tweet_date,tweets_id,users_id) VALUES (4167,'2024-02-07 20:00:00',2224,158);
INSERT INTO like_tweets (id,like_tweet_date,tweets_id,users_id) VALUES (4168,'2024-07-10 23:00:00',2054,113);
INSERT INTO like_tweets (id,like_tweet_date,tweets_id,users_id) VALUES (4169,'2024-02-05 23:00:00',2021,172);
INSERT INTO like_tweets (id,like_tweet_date,tweets_id,users_id) VALUES (4170,'2024-03-11 02:00:00',2085,115);
INSERT INTO like_tweets (id,like_tweet_date,tweets_id,users_id) VALUES (4171,'2024-04-09 17:00:00',2185,120);
INSERT INTO like_tweets (id,like_tweet_date,tweets_id,users_id) VALUES (4172,'2024-06-19 02:00:00',2226,172);
INSERT INTO like_tweets (id,like_tweet_date,tweets_id,users_id) VALUES (4173,'2024-05-04 03:00:00',2050,119);
INSERT INTO like_tweets (id,like_tweet_date,tweets_id,users_id) VALUES (4174,'2024-02-11 23:00:00',2171,117);
INSERT INTO like_tweets (id,like_tweet_date,tweets_id,users_id) VALUES (4175,'2024-05-21 21:00:00',2103,156);
INSERT INTO like_tweets (id,like_tweet_date,tweets_id,users_id) VALUES (4176,'2024-06-10 16:00:00',2003,131);
INSERT INTO like_tweets (id,like_tweet_date,tweets_id,users_id) VALUES (4177,'2024-06-21 09:00:00',2174,136);
INSERT INTO like_tweets (id,like_tweet_date,tweets_id,users_id) VALUES (4178,'2024-03-31 19:00:00',2087,110);
INSERT INTO like_tweets (id,like_tweet_date,tweets_id,users_id) VALUES (4179,'2024-05-03 02:00:00',2190,153);
INSERT INTO like_tweets (id,like_tweet_date,tweets_id,users_id) VALUES (4180,'2024-02-21 17:00:00',2322,131);
INSERT INTO like_tweets (id,like_tweet_date,tweets_id,users_id) VALUES (4181,'2024-03-18 21:00:00',2271,153);
INSERT INTO like_tweets (id,like_tweet_date,tweets_id,users_id) VALUES (4182,'2024-05-21 02:00:00',2070,154);
INSERT INTO like_tweets (id,like_tweet_date,tweets_id,users_id) VALUES (4183,'2024-06-25 04:00:00',2209,158);
INSERT INTO like_tweets (id,like_tweet_date,tweets_id,users_id) VALUES (4184,'2024-01-11 03:00:00',2349,146);
INSERT INTO like_tweets (id,like_tweet_date,tweets_id,users_id) VALUES (4185,'2024-01-04 09:00:00',2226,118);
INSERT INTO like_tweets (id,like_tweet_date,tweets_id,users_id) VALUES (4186,'2024-01-29 22:00:00',2264,108);
INSERT INTO like_tweets (id,like_tweet_date,tweets_id,users_id) VALUES (4187,'2024-05-17 02:00:00',2173,140);
INSERT INTO like_tweets (id,like_tweet_date,tweets_id,users_id) VALUES (4188,'2024-01-21 23:00:00',2084,155);
INSERT INTO like_tweets (id,like_tweet_date,tweets_id,users_id) VALUES (4189,'2024-02-21 12:00:00',2201,104);
INSERT INTO like_tweets (id,like_tweet_date,tweets_id,users_id) VALUES (4190,'2024-06-26 10:00:00',2294,107);
INSERT INTO like_tweets (id,like_tweet_date,tweets_id,users_id) VALUES (4191,'2024-05-17 05:00:00',2151,153);
INSERT INTO like_tweets (id,like_tweet_date,tweets_id,users_id) VALUES (4192,'2024-04-17 01:00:00',2348,138);
INSERT INTO like_tweets (id,like_tweet_date,tweets_id,users_id) VALUES (4193,'2024-04-05 11:00:00',2176,101);
INSERT INTO like_tweets (id,like_tweet_date,tweets_id,users_id) VALUES (4194,'2024-05-17 21:00:00',2270,118);
INSERT INTO like_tweets (id,like_tweet_date,tweets_id,users_id) VALUES (4195,'2024-07-04 19:00:00',2228,126);
INSERT INTO like_tweets (id,like_tweet_date,tweets_id,users_id) VALUES (4196,'2024-04-27 20:00:00',2319,156);
INSERT INTO like_tweets (id,like_tweet_date,tweets_id,users_id) VALUES (4197,'2024-03-08 08:00:00',2332,151);
INSERT INTO like_tweets (id,like_tweet_date,tweets_id,users_id) VALUES (4198,'2024-01-13 14:00:00',2154,110);
INSERT INTO like_tweets (id,like_tweet_date,tweets_id,users_id) VALUES (4199,'2024-05-13 02:00:00',2275,142);
-- retweets
INSERT INTO retweets (id,retweet_date,tweets_id,users_id) VALUES (4000,'2024-07-03 14:00:00',2064,174);
INSERT INTO retweets (id,retweet_date,tweets_id,users_id) VALUES (4001,'2024-02-01 16:00:00',2145,127);
INSERT INTO retweets (id,retweet_date,tweets_id,users_id) VALUES (4002,'2024-06-26 22:00:00',2261,139);
INSERT INTO retweets (id,retweet_date,tweets_id,users_id) VALUES (4003,'2024-01-08 23:00:00',2174,120);
INSERT INTO retweets (id,retweet_date,tweets_id,users_id) VALUES (4004,'2024-07-21 05:00:00',2014,177);
INSERT INTO retweets (id,retweet_date,tweets_id,users_id) VALUES (4005,'2024-04-13 17:00:00',2132,130);
INSERT INTO retweets (id,retweet_date,tweets_id,users_id) VALUES (4006,'2024-02-07 16:00:00',2216,172);
INSERT INTO retweets (id,retweet_date,tweets_id,users_id) VALUES (4007,'2024-03-29 15:00:00',2030,147);
INSERT INTO retweets (id,retweet_date,tweets_id,users_id) VALUES (4008,'2024-04-30 23:00:00',2321,172);
INSERT INTO retweets (id,retweet_date,tweets_id,users_id) VALUES (4009,'2024-02-12 13:00:00',2063,106);
INSERT INTO retweets (id,retweet_date,tweets_id,users_id) VALUES (4010,'2024-07-14 09:00:00',2229,138);
INSERT INTO retweets (id,retweet_date,tweets_id,users_id) VALUES (4011,'2024-04-25 16:00:00',2002,158);
INSERT INTO retweets (id,retweet_date,tweets_id,users_id) VALUES (4012,'2024-07-22 06:00:00',2120,176);
INSERT INTO retweets (id,retweet_date,tweets_id,users_id) VALUES (4013,'2024-04-12 03:00:00',2119,144);
INSERT INTO retweets (id,retweet_date,tweets_id,users_id) VALUES (4014,'2024-05-08 21:00:00',2145,117);
INSERT INTO retweets (id,retweet_date,tweets_id,users_id) VALUES (4015,'2024-02-05 22:00:00',2266,131);
INSERT INTO retweets (id,retweet_date,tweets_id,users_id) VALUES (4016,'2024-07-17 18:00:00',2167,174);
INSERT INTO retweets (id,retweet_date,tweets_id,users_id) VALUES (4017,'2024-06-04 01:00:00',2098,146);
INSERT INTO retweets (id,retweet_date,tweets_id,users_id) VALUES (4018,'2024-05-25 07:00:00',2050,118);
INSERT INTO retweets (id,retweet_date,tweets_id,users_id) VALUES (4019,'2024-02-01 11:00:00',2210,110);
INSERT INTO retweets (id,retweet_date,tweets_id,users_id) VALUES (4020,'2024-02-14 09:00:00',2031,154);
INSERT INTO retweets (id,retweet_date,tweets_id,users_id) VALUES (4021,'2024-06-01 06:00:00',2243,127);
INSERT INTO retweets (id,retweet_date,tweets_id,users_id) VALUES (4022,'2024-06-28 15:00:00',2039,147);
INSERT INTO retweets (id,retweet_date,tweets_id,users_id) VALUES (4023,'2024-05-14 18:00:00',2206,174);
INSERT INTO retweets (id,retweet_date,tweets_id,users_id) VALUES (4024,'2024-05-24 12:00:00',2135,171);
INSERT INTO retweets (id,retweet_date,tweets_id,users_id) VALUES (4025,'2024-05-22 07:00:00',2225,170);
INSERT INTO retweets (id,retweet_date,tweets_id,users_id) VALUES (4026,'2024-06-21 15:00:00',2083,118);
INSERT INTO retweets (id,retweet_date,tweets_id,users_id) VALUES (4027,'2024-06-05 05:00:00',2065,170);
INSERT INTO retweets (id,retweet_date,tweets_id,users_id) VALUES (4028,'2024-06-29 14:00:00',2066,173);
INSERT INTO retweets (id,retweet_date,tweets_id,users_id) VALUES (4029,'2024-06-04 10:00:00',2060,127);
INSERT INTO retweets (id,retweet_date,tweets_id,users_id) VALUES (4030,'2024-02-23 12:00:00',2242,104);
INSERT INTO retweets (id,retweet_date,tweets_id,users_id) VALUES (4031,'2024-02-10 12:00:00',2286,147);
INSERT INTO retweets (id,retweet_date,tweets_id,users_id) VALUES (4032,'2024-02-07 15:00:00',2308,152);
INSERT INTO retweets (id,retweet_date,tweets_id,users_id) VALUES (4033,'2024-07-14 03:00:00',2061,147);
INSERT INTO retweets (id,retweet_date,tweets_id,users_id) VALUES (4034,'2024-06-27 10:00:00',2148,105);
INSERT INTO retweets (id,retweet_date,tweets_id,users_id) VALUES (4035,'2024-05-06 19:00:00',2078,115);
INSERT INTO retweets (id,retweet_date,tweets_id,users_id) VALUES (4036,'2024-04-13 12:00:00',2156,147);
INSERT INTO retweets (id,retweet_date,tweets_id,users_id) VALUES (4037,'2024-01-10 13:00:00',2150,170);
INSERT INTO retweets (id,retweet_date,tweets_id,users_id) VALUES (4038,'2024-07-20 06:00:00',2073,118);
INSERT INTO retweets (id,retweet_date,tweets_id,users_id) VALUES (4039,'2024-04-14 03:00:00',2215,106);
INSERT INTO retweets (id,retweet_date,tweets_id,users_id) VALUES (4040,'2024-03-03 11:00:00',2145,127);
INSERT INTO retweets (id,retweet_date,tweets_id,users_id) VALUES (4041,'2024-02-11 18:00:00',2250,100);
INSERT INTO retweets (id,retweet_date,tweets_id,users_id) VALUES (4042,'2024-01-24 01:00:00',2280,144);
INSERT INTO retweets (id,retweet_date,tweets_id,users_id) VALUES (4043,'2024-06-13 05:00:00',2022,153);
INSERT INTO retweets (id,retweet_date,tweets_id,users_id) VALUES (4044,'2024-07-12 02:00:00',2293,139);
INSERT INTO retweets (id,retweet_date,tweets_id,users_id) VALUES (4045,'2024-05-08 18:00:00',2231,143);
INSERT INTO retweets (id,retweet_date,tweets_id,users_id) VALUES (4046,'2024-02-17 06:00:00',2243,116);
INSERT INTO retweets (id,retweet_date,tweets_id,users_id) VALUES (4047,'2024-06-02 13:00:00',2258,158);
INSERT INTO retweets (id,retweet_date,tweets_id,users_id) VALUES (4048,'2024-02-20 20:00:00',2341,157);
INSERT INTO retweets (id,retweet_date,tweets_id,users_id) VALUES (4049,'2024-05-19 19:00:00',2166,111);
INSERT INTO retweets (id,retweet_date,tweets_id,users_id) VALUES (4050,'2024-05-14 23:00:00',2198,129);
INSERT INTO retweets (id,retweet_date,tweets_id,users_id) VALUES (4051,'2024-01-16 15:00:00',2173,177);
INSERT INTO retweets (id,retweet_date,tweets_id,users_id) VALUES (4052,'2024-04-04 16:00:00',2343,156);
INSERT INTO retweets (id,retweet_date,tweets_id,users_id) VALUES (4053,'2024-02-26 12:00:00',2330,111);
INSERT INTO retweets (id,retweet_date,tweets_id,users_id) VALUES (4054,'2024-07-10 12:00:00',2012,139);
INSERT INTO retweets (id,retweet_date,tweets_id,users_id) VALUES (4055,'2024-07-09 22:00:00',2330,115);
INSERT INTO retweets (id,retweet_date,tweets_id,users_id) VALUES (4056,'2024-07-03 22:00:00',2043,124);
INSERT INTO retweets (id,retweet_date,tweets_id,users_id) VALUES (4057,'2024-07-13 15:00:00',2295,106);
INSERT INTO retweets (id,retweet_date,tweets_id,users_id) VALUES (4058,'2024-06-11 10:00:00',2267,124);
INSERT INTO retweets (id,retweet_date,tweets_id,users_id) VALUES (4059,'2024-02-11 01:00:00',2257,102);
INSERT INTO retweets (id,retweet_date,tweets_id,users_id) VALUES (4060,'2024-03-02 08:00:00',2337,176);
INSERT INTO retweets (id,retweet_date,tweets_id,users_id) VALUES (4061,'2024-03-11 05:00:00',2009,135);
INSERT INTO retweets (id,retweet_date,tweets_id,users_id) VALUES (4062,'2024-01-29 21:00:00',2125,156);
INSERT INTO retweets (id,retweet_date,tweets_id,users_id) VALUES (4063,'2024-05-17 03:00:00',2273,141);
INSERT INTO retweets (id,retweet_date,tweets_id,users_id) VALUES (4064,'2024-06-16 18:00:00',2301,105);
INSERT INTO retweets (id,retweet_date,tweets_id,users_id) VALUES (4065,'2024-05-29 04:00:00',2011,143);
INSERT INTO retweets (id,retweet_date,tweets_id,users_id) VALUES (4066,'2024-01-09 05:00:00',2092,153);
INSERT INTO retweets (id,retweet_date,tweets_id,users_id) VALUES (4067,'2024-05-10 09:00:00',2270,140);
INSERT INTO retweets (id,retweet_date,tweets_id,users_id) VALUES (4068,'2024-02-09 03:00:00',2131,111);
INSERT INTO retweets (id,retweet_date,tweets_id,users_id) VALUES (4069,'2024-02-27 09:00:00',2050,177);
INSERT INTO retweets (id,retweet_date,tweets_id,users_id) VALUES (4070,'2024-03-03 08:00:00',2146,118);
INSERT INTO retweets (id,retweet_date,tweets_id,users_id) VALUES (4071,'2024-02-22 15:00:00',2130,111);
INSERT INTO retweets (id,retweet_date,tweets_id,users_id) VALUES (4072,'2024-02-27 18:00:00',2157,152);
INSERT INTO retweets (id,retweet_date,tweets_id,users_id) VALUES (4073,'2024-03-02 22:00:00',2030,141);
INSERT INTO retweets (id,retweet_date,tweets_id,users_id) VALUES (4074,'2024-04-11 17:00:00',2013,107);
INSERT INTO retweets (id,retweet_date,tweets_id,users_id) VALUES (4075,'2024-04-19 05:00:00',2199,112);
INSERT INTO retweets (id,retweet_date,tweets_id,users_id) VALUES (4076,'2024-04-20 15:00:00',2072,152);
INSERT INTO retweets (id,retweet_date,tweets_id,users_id) VALUES (4077,'2024-02-11 06:00:00',2132,148);
INSERT INTO retweets (id,retweet_date,tweets_id,users_id) VALUES (4078,'2024-03-22 18:00:00',2026,125);
INSERT INTO retweets (id,retweet_date,tweets_id,users_id) VALUES (4079,'2024-06-17 06:00:00',2305,130);
INSERT INTO retweets (id,retweet_date,tweets_id,users_id) VALUES (4080,'2024-05-11 10:00:00',2260,172);
INSERT INTO retweets (id,retweet_date,tweets_id,users_id) VALUES (4081,'2024-01-21 16:00:00',2058,134);
INSERT INTO retweets (id,retweet_date,tweets_id,users_id) VALUES (4082,'2024-07-07 19:00:00',2162,159);
INSERT INTO retweets (id,retweet_date,tweets_id,users_id) VALUES (4083,'2024-06-14 06:00:00',2208,108);
INSERT INTO retweets (id,retweet_date,tweets_id,users_id) VALUES (4084,'2024-03-20 18:00:00',2014,152);
INSERT INTO retweets (id,retweet_date,tweets_id,users_id) VALUES (4085,'2024-07-08 02:00:00',2009,134);
INSERT INTO retweets (id,retweet_date,tweets_id,users_id) VALUES (4086,'2024-03-25 01:00:00',2300,112);
INSERT INTO retweets (id,retweet_date,tweets_id,users_id) VALUES (4087,'2024-04-13 23:00:00',2284,116);
INSERT INTO retweets (id,retweet_date,tweets_id,users_id) VALUES (4088,'2024-06-01 05:00:00',2290,152);
INSERT INTO retweets (id,retweet_date,tweets_id,users_id) VALUES (4089,'2024-03-10 10:00:00',2042,172);
INSERT INTO retweets (id,retweet_date,tweets_id,users_id) VALUES (4090,'2024-07-03 11:00:00',2072,147);
INSERT INTO retweets (id,retweet_date,tweets_id,users_id) VALUES (4091,'2024-07-02 11:00:00',2086,131);
INSERT INTO retweets (id,retweet_date,tweets_id,users_id) VALUES (4092,'2024-01-15 06:00:00',2216,157);
INSERT INTO retweets (id,retweet_date,tweets_id,users_id) VALUES (4093,'2024-04-08 17:00:00',2000,159);
INSERT INTO retweets (id,retweet_date,tweets_id,users_id) VALUES (4094,'2024-01-01 04:00:00',2334,121);
INSERT INTO retweets (id,retweet_date,tweets_id,users_id) VALUES (4095,'2024-04-03 06:00:00',2030,161);
INSERT INTO retweets (id,retweet_date,tweets_id,users_id) VALUES (4096,'2024-05-09 18:00:00',2306,132);
INSERT INTO retweets (id,retweet_date,tweets_id,users_id) VALUES (4097,'2024-07-18 17:00:00',2179,127);
INSERT INTO retweets (id,retweet_date,tweets_id,users_id) VALUES (4098,'2024-01-16 12:00:00',2261,136);
INSERT INTO retweets (id,retweet_date,tweets_id,users_id) VALUES (4099,'2024-07-11 04:00:00',2082,176);
INSERT INTO retweets (id,retweet_date,tweets_id,users_id) VALUES (4100,'2024-01-31 14:00:00',2035,138);
INSERT INTO retweets (id,retweet_date,tweets_id,users_id) VALUES (4101,'2024-02-17 16:00:00',2202,115);
INSERT INTO retweets (id,retweet_date,tweets_id,users_id) VALUES (4102,'2024-05-27 10:00:00',2284,135);
INSERT INTO retweets (id,retweet_date,tweets_id,users_id) VALUES (4103,'2024-04-18 15:00:00',2107,172);
INSERT INTO retweets (id,retweet_date,tweets_id,users_id) VALUES (4104,'2024-03-30 05:00:00',2349,143);
INSERT INTO retweets (id,retweet_date,tweets_id,users_id) VALUES (4105,'2024-03-24 22:00:00',2231,134);
INSERT INTO retweets (id,retweet_date,tweets_id,users_id) VALUES (4106,'2024-04-26 14:00:00',2339,141);
INSERT INTO retweets (id,retweet_date,tweets_id,users_id) VALUES (4107,'2024-07-23 15:00:00',2107,158);
INSERT INTO retweets (id,retweet_date,tweets_id,users_id) VALUES (4108,'2024-02-15 15:00:00',2168,102);
INSERT INTO retweets (id,retweet_date,tweets_id,users_id) VALUES (4109,'2024-07-26 19:00:00',2330,100);
INSERT INTO retweets (id,retweet_date,tweets_id,users_id) VALUES (4110,'2024-01-04 06:00:00',2243,100);
INSERT INTO retweets (id,retweet_date,tweets_id,users_id) VALUES (4111,'2024-05-21 00:00:00',2344,122);
INSERT INTO retweets (id,retweet_date,tweets_id,users_id) VALUES (4112,'2024-05-14 01:00:00',2284,170);
INSERT INTO retweets (id,retweet_date,tweets_id,users_id) VALUES (4113,'2024-01-27 11:00:00',2275,110);
INSERT INTO retweets (id,retweet_date,tweets_id,users_id) VALUES (4114,'2024-05-31 22:00:00',2275,103);
INSERT INTO retweets (id,retweet_date,tweets_id,users_id) VALUES (4115,'2024-04-30 11:00:00',2344,115);
INSERT INTO retweets (id,retweet_date,tweets_id,users_id) VALUES (4116,'2024-05-12 00:00:00',2192,145);
INSERT INTO retweets (id,retweet_date,tweets_id,users_id) VALUES (4117,'2024-02-12 14:00:00',2090,101);
INSERT INTO retweets (id,retweet_date,tweets_id,users_id) VALUES (4118,'2024-03-06 20:00:00',2236,147);
INSERT INTO retweets (id,retweet_date,tweets_id,users_id) VALUES (4119,'2024-03-16 14:00:00',2227,101);
INSERT INTO retweets (id,retweet_date,tweets_id,users_id) VALUES (4120,'2024-05-02 03:00:00',2010,135);
INSERT INTO retweets (id,retweet_date,tweets_id,users_id) VALUES (4121,'2024-04-13 11:00:00',2098,111);
INSERT INTO retweets (id,retweet_date,tweets_id,users_id) VALUES (4122,'2024-06-17 13:00:00',2113,129);
INSERT INTO retweets (id,retweet_date,tweets_id,users_id) VALUES (4123,'2024-04-05 19:00:00',2185,104);
INSERT INTO retweets (id,retweet_date,tweets_id,users_id) VALUES (4124,'2024-01-03 10:00:00',2252,126);
INSERT INTO retweets (id,retweet_date,tweets_id,users_id) VALUES (4125,'2024-02-07 20:00:00',2100,150);
INSERT INTO retweets (id,retweet_date,tweets_id,users_id) VALUES (4126,'2024-06-17 14:00:00',2142,172);
INSERT INTO retweets (id,retweet_date,tweets_id,users_id) VALUES (4127,'2024-07-12 02:00:00',2087,124);
INSERT INTO retweets (id,retweet_date,tweets_id,users_id) VALUES (4128,'2024-01-23 07:00:00',2344,122);
INSERT INTO retweets (id,retweet_date,tweets_id,users_id) VALUES (4129,'2024-01-23 04:00:00',2301,116);
INSERT INTO retweets (id,retweet_date,tweets_id,users_id) VALUES (4130,'2024-07-13 12:00:00',2065,133);
INSERT INTO retweets (id,retweet_date,tweets_id,users_id) VALUES (4131,'2024-04-03 15:00:00',2116,174);
INSERT INTO retweets (id,retweet_date,tweets_id,users_id) VALUES (4132,'2024-06-30 21:00:00',2098,102);
INSERT INTO retweets (id,retweet_date,tweets_id,users_id) VALUES (4133,'2024-07-10 04:00:00',2314,132);
INSERT INTO retweets (id,retweet_date,tweets_id,users_id) VALUES (4134,'2024-05-25 18:00:00',2232,100);
INSERT INTO retweets (id,retweet_date,tweets_id,users_id) VALUES (4135,'2024-04-20 06:00:00',2328,106);
INSERT INTO retweets (id,retweet_date,tweets_id,users_id) VALUES (4136,'2024-04-03 12:00:00',2221,152);
INSERT INTO retweets (id,retweet_date,tweets_id,users_id) VALUES (4137,'2024-06-08 06:00:00',2062,174);
INSERT INTO retweets (id,retweet_date,tweets_id,users_id) VALUES (4138,'2024-06-25 13:00:00',2253,146);
INSERT INTO retweets (id,retweet_date,tweets_id,users_id) VALUES (4139,'2024-01-17 00:00:00',2022,128);
INSERT INTO retweets (id,retweet_date,tweets_id,users_id) VALUES (4140,'2024-06-30 17:00:00',2142,153);
INSERT INTO retweets (id,retweet_date,tweets_id,users_id) VALUES (4141,'2024-01-02 18:00:00',2229,140);
INSERT INTO retweets (id,retweet_date,tweets_id,users_id) VALUES (4142,'2024-04-24 05:00:00',2200,124);
INSERT INTO retweets (id,retweet_date,tweets_id,users_id) VALUES (4143,'2024-03-18 00:00:00',2041,103);
INSERT INTO retweets (id,retweet_date,tweets_id,users_id) VALUES (4144,'2024-03-26 07:00:00',2216,109);
INSERT INTO retweets (id,retweet_date,tweets_id,users_id) VALUES (4145,'2024-04-22 09:00:00',2100,121);
INSERT INTO retweets (id,retweet_date,tweets_id,users_id) VALUES (4146,'2024-02-03 00:00:00',2159,108);
INSERT INTO retweets (id,retweet_date,tweets_id,users_id) VALUES (4147,'2024-05-27 10:00:00',2014,161);
INSERT INTO retweets (id,retweet_date,tweets_id,users_id) VALUES (4148,'2024-03-26 11:00:00',2012,142);
INSERT INTO retweets (id,retweet_date,tweets_id,users_id) VALUES (4149,'2024-06-10 15:00:00',2126,113);
INSERT INTO retweets (id,retweet_date,tweets_id,users_id) VALUES (4150,'2024-01-19 13:00:00',2122,143);
INSERT INTO retweets (id,retweet_date,tweets_id,users_id) VALUES (4151,'2024-03-21 19:00:00',2170,174);
INSERT INTO retweets (id,retweet_date,tweets_id,users_id) VALUES (4152,'2024-02-02 15:00:00',2037,156);
INSERT INTO retweets (id,retweet_date,tweets_id,users_id) VALUES (4153,'2024-07-16 14:00:00',2320,157);
INSERT INTO retweets (id,retweet_date,tweets_id,users_id) VALUES (4154,'2024-01-21 17:00:00',2063,110);
INSERT INTO retweets (id,retweet_date,tweets_id,users_id) VALUES (4155,'2024-04-16 22:00:00',2017,148);
INSERT INTO retweets (id,retweet_date,tweets_id,users_id) VALUES (4156,'2024-01-22 03:00:00',2033,116);
INSERT INTO retweets (id,retweet_date,tweets_id,users_id) VALUES (4157,'2024-04-12 21:00:00',2226,107);
INSERT INTO retweets (id,retweet_date,tweets_id,users_id) VALUES (4158,'2024-01-23 10:00:00',2312,155);
INSERT INTO retweets (id,retweet_date,tweets_id,users_id) VALUES (4159,'2024-07-09 21:00:00',2052,107);
INSERT INTO retweets (id,retweet_date,tweets_id,users_id) VALUES (4160,'2024-05-10 04:00:00',2026,137);
INSERT INTO retweets (id,retweet_date,tweets_id,users_id) VALUES (4161,'2024-05-20 07:00:00',2205,112);
INSERT INTO retweets (id,retweet_date,tweets_id,users_id) VALUES (4162,'2024-06-03 18:00:00',2119,101);
INSERT INTO retweets (id,retweet_date,tweets_id,users_id) VALUES (4163,'2024-05-26 03:00:00',2196,159);
INSERT INTO retweets (id,retweet_date,tweets_id,users_id) VALUES (4164,'2024-04-25 22:00:00',2317,112);
INSERT INTO retweets (id,retweet_date,tweets_id,users_id) VALUES (4165,'2024-06-03 23:00:00',2333,103);
INSERT INTO retweets (id,retweet_date,tweets_id,users_id) VALUES (4166,'2024-07-19 15:00:00',2264,142);
INSERT INTO retweets (id,retweet_date,tweets_id,users_id) VALUES (4167,'2024-02-05 01:00:00',2098,113);
INSERT INTO retweets (id,retweet_date,tweets_id,users_id) VALUES (4168,'2024-07-21 08:00:00',2006,108);
INSERT INTO retweets (id,retweet_date,tweets_id,users_id) VALUES (4169,'2024-06-22 16:00:00',2099,116);
INSERT INTO retweets (id,retweet_date,tweets_id,users_id) VALUES (4170,'2024-05-23 16:00:00',2131,145);
INSERT INTO retweets (id,retweet_date,tweets_id,users_id) VALUES (4171,'2024-03-04 11:00:00',2246,156);
INSERT INTO retweets (id,retweet_date,tweets_id,users_id) VALUES (4172,'2024-01-16 01:00:00',2124,117);
INSERT INTO retweets (id,retweet_date,tweets_id,users_id) VALUES (4173,'2024-04-16 09:00:00',2030,116);
INSERT INTO retweets (id,retweet_date,tweets_id,users_id) VALUES (4174,'2024-06-24 03:00:00',2299,155);
INSERT INTO retweets (id,retweet_date,tweets_id,users_id) VALUES (4175,'2024-04-16 05:00:00',2333,145);
INSERT INTO retweets (id,retweet_date,tweets_id,users_id) VALUES (4176,'2024-02-19 16:00:00',2298,177);
INSERT INTO retweets (id,retweet_date,tweets_id,users_id) VALUES (4177,'2024-04-15 08:00:00',2075,160);
INSERT INTO retweets (id,retweet_date,tweets_id,users_id) VALUES (4178,'2024-04-09 08:00:00',2308,143);
INSERT INTO retweets (id,retweet_date,tweets_id,users_id) VALUES (4179,'2024-06-25 16:00:00',2188,101);
-- user_subscriptions
INSERT INTO user_subscriptions (subscriber_id,user_id) VALUES (100,107);
INSERT INTO user_subscriptions (subscriber_id,user_id) VALUES (100,108);
INSERT INTO user_subscriptions (subscriber_id,user_id) VALUES (100,113);
INSERT INTO user_subscriptions (subscriber_id,user_id) VALUES (100,131);
INSERT INTO user_subscriptions (subscriber_id,user_id) VALUES (100,141);
INSERT INTO user_subscriptions (subscriber_id,user_id) VALUES (100,145);
INSERT INTO user_subscriptions (subscriber_id,user_id) VALUES (100,151);
INSERT INTO user_subscriptions (subscriber_id,user_id) VALUES (100,155);
INSERT INTO user_subscriptions (subscriber_id,user_id) VALUES (100,159);
INSERT INTO user_subscriptions (subscriber_id,user_id) VALUES (100,170);
INSERT INTO user_subscriptions (subscriber_id,user_id) VALUES (100,171);
INSERT INTO user_subscriptions (subscriber_id,user_id) VALUES (100,173);
INSERT INTO user_subscriptions (subscriber_id,user_id) VALUES (100,174);
INSERT INTO user_subscriptions (subscriber_id,user_id) VALUES (100,175);
INSERT INTO user_subscriptions (subscriber_id,user_id) VALUES (100,176);
INSERT INTO user_subscriptions (subscriber_id,user_id) VALUES (100,177);
INSERT INTO user_subscriptions (subscriber_id,user_id) VALUES (101,120);
INSERT INTO user_subscriptions (subscriber_id,user_id) VALUES (101,122);
INSERT INTO user_subscriptions (subscriber_id,user_id) VALUES (101,125);
INSERT INTO user_subscriptions (subscriber_id,user_id) VALUES (101,127);
INSERT INTO user_subscriptions (subscriber_id,user_id) VALUES (101,140);
INSERT INTO user_subscriptions (subscriber_id,user_id) VALUES (101,143);
INSERT INTO user_subscriptions (subscriber_id,user_id) VALUES (101,144);
INSERT INTO user_subscriptions (subscriber_id,user_id) VALUES (101,160);
INSERT INTO user_subscriptions (subscriber_id,user_id) VALUES (101,161);
INSERT INTO user_subscriptions (subscriber_id,user_id) VALUES (101,172);
INSERT INTO user_subscriptions (subscriber_id,user_id) VALUES (101,173);
INSERT INTO user_subscriptions (subscriber_id,user_id) VALUES (102,100);
INSERT INTO user_subscriptions (subscriber_id,user_id) VALUES (102,106);
INSERT INTO user_subscriptions (subscriber_id,user_id) VALUES (102,114);
INSERT INTO user_subscriptions (subscriber_id,user_id) VALUES (102,115);
INSERT INTO user_subscriptions (subscriber_id,user_id) VALUES (102,129);
INSERT INTO user_subscriptions (subscriber_id,user_id) VALUES (102,130);
INSERT INTO user_subscriptions (subscriber_id,user_id) VALUES (102,140);
INSERT INTO user_subscriptions (subscriber_id,user_id) VALUES (102,141);
INSERT INTO user_subscriptions (subscriber_id,user_id) VALUES (102,145);
INSERT INTO user_subscriptions (subscriber_id,user_id) VALUES (102,159);
INSERT INTO user_subscriptions (subscriber_id,user_id) VALUES (102,170);
INSERT INTO user_subscriptions (subscriber_id,user_id) VALUES (102,171);
INSERT INTO user_subscriptions (subscriber_id,user_id) VALUES (102,172);
INSERT INTO user_subscriptions (subscriber_id,user_id) VALUES (102,175);
INSERT INTO user_subscriptions (subscriber_id,user_id) VALUES (102,176);
INSERT INTO user_subscriptions (subscriber_id,user_id) VALUES (102,177);
INSERT INTO user_subscriptions (subscriber_id,user_id) VALUES (103,100);
INSERT INTO user_subscriptions (subscriber_id,user_id) VALUES (103,101);
INSERT INTO user_subscriptions (subscriber_id,user_id) VALUES (103,105);
INSERT INTO user_subscriptions (subscriber_id,user_id) VALUES (103,108);
INSERT INTO user_subscriptions (subscriber_id,user_id) VALUES (103,123);
INSERT INTO user_subscriptions (subscriber_id,user_id) VALUES (103,124);
INSERT INTO user_subscriptions (subscriber_id,user_id) VALUES (103,127);
INSERT INTO user_subscriptions (subscriber_id,user_id) VALUES (103,136);
INSERT INTO user_subscriptions (subscriber_id,user_id) VALUES (103,143);
INSERT INTO user_subscriptions (subscriber_id,user_id) VALUES (103,149);
INSERT INTO user_subscriptions (subscriber_id,user_id) VALUES (103,152);
INSERT INTO user_subscriptions (subscriber_id,user_id) VALUES (103,153);
INSERT INTO user_subscriptions (subscriber_id,user_id) VALUES (103,170);
INSERT INTO user_subscriptions (subscriber_id,user_id) VALUES (103,172);
INSERT INTO user_subscriptions (subscriber_id,user_id) VALUES (103,173);
INSERT INTO user_subscriptions (subscriber_id,user_id) VALUES (103,174);
INSERT INTO user_subscriptions (subscriber_id,user_id) VALUES (103,175);
INSERT INTO user_subscriptions (subscriber_id,user_id) VALUES (103,176);
INSERT INTO user_subscriptions (subscriber_id,user_id) VALUES (103,177);
INSERT INTO user_subscriptions (subscriber_id,user_id) VALUES (104,103);
INSERT INTO user_subscriptions (subscriber_id,user_id) VALUES (104,106);
INSERT INTO user_subscriptions (subscriber_id,user_id) VALUES (104,112);
INSERT INTO user_subscriptions (subscriber_id,user_id) VALUES (104,113);
INSERT INTO user_subscriptions (subscriber_id,user_id) VALUES (104,115);
INSERT INTO user_subscriptions (subscriber_id,user_id) VALUES (104,119);
INSERT INTO user_subscriptions (subscriber_id,user_id) VALUES (104,125);
INSERT INTO user_subscriptions (subscriber_id,user_id) VALUES (104,138);
INSERT INTO user_subscriptions (subscriber_id,user_id) VALUES (104,147);
INSERT INTO user_subscriptions (subscriber_id,user_id) VALUES (104,157);
INSERT INTO user_subscriptions (subscriber_id,user_id) VALUES (104,171);
INSERT INTO user_subscriptions (subscriber_id,user_id) VALUES (104,172);
INSERT INTO user_subscriptions (subscriber_id,user_id) VALUES (104,176);
INSERT INTO user_subscriptions (subscriber_id,user_id) VALUES (105,101);
INSERT INTO user_subscriptions (subscriber_id,user_id) VALUES (105,102);
INSERT INTO user_subscriptions (subscriber_id,user_id) VALUES (105,107);
INSERT INTO user_subscriptions (subscriber_id,user_id) VALUES (105,109);
INSERT INTO user_subscriptions (subscriber_id,user_id) VALUES (105,112);
INSERT INTO user_subscriptions (subscriber_id,user_id) VALUES (105,117);
INSERT INTO user_subscriptions (subscriber_id,user_id) VALUES (105,123);
INSERT INTO user_subscriptions (subscriber_id,user_id) VALUES (105,125);
INSERT INTO user_subscriptions (subscriber_id,user_id) VALUES (105,126);
INSERT INTO user_subscriptions (subscriber_id,user_id) VALUES (105,132);
INSERT INTO user_subscriptions (subscriber_id,user_id) VALUES (105,144);
INSERT INTO user_subscriptions (subscriber_id,user_id) VALUES (105,154);
INSERT INTO user_subscriptions (subscriber_id,user_id) VALUES (105,159);
INSERT INTO user_subscriptions (subscriber_id,user_id) VALUES (105,170);
INSERT INTO user_subscriptions (subscriber_id,user_id) VALUES (105,172);
INSERT INTO user_subscriptions (subscriber_id,user_id) VALUES (105,175);
INSERT INTO user_subscriptions (subscriber_id,user_id) VALUES (105,176);
INSERT INTO user_subscriptions (subscriber_id,user_id) VALUES (105,177);
INSERT INTO user_subscriptions (subscriber_id,user_id) VALUES (106,111);
INSERT INTO user_subscriptions (subscriber_id,user_id) VALUES (106,124);
INSERT INTO user_subscriptions (subscriber_id,user_id) VALUES (106,127);
INSERT INTO user_subscriptions (subscriber_id,user_id) VALUES (106,131);
INSERT INTO user_subscriptions (subscriber_id,user_id) VALUES (106,134);
INSERT INTO user_subscriptions (subscriber_id,user_id) VALUES (106,140);
INSERT INTO user_subscriptions (subscriber_id,user_id) VALUES (106,143);
INSERT INTO user_subscriptions (subscriber_id,user_id) VALUES (106,144);
INSERT INTO user_subscriptions (subscriber_id,user_id) VALUES (106,148);
INSERT INTO user_subscriptions (subscriber_id,user_id) VALUES (106,152);
INSERT INTO user_subscriptions (subscriber_id,user_id) VALUES (106,159);
INSERT INTO user_subscriptions (subscriber_id,user_id) VALUES (106,171);
INSERT INTO user_subscriptions (subscriber_id,user_id) VALUES (106,173);
INSERT INTO user_subscriptions (subscriber_id,user_id) VALUES (106,177);
INSERT INTO user_subscriptions (subscriber_id,user_id) VALUES (107,102);
INSERT INTO user_subscriptions (subscriber_id,user_id) VALUES (107,109);
INSERT INTO user_subscriptions (subscriber_id,user_id) VALUES (107,113);
INSERT INTO user_subscriptions (subscriber_id,user_id) VALUES (107,116);
INSERT INTO user_subscriptions (subscriber_id,user_id) VALUES (107,117);
INSERT INTO user_subscriptions (subscriber_id,user_id) VALUES (107,119);
INSERT INTO user_subscriptions (subscriber_id,user_id) VALUES (107,121);
INSERT INTO user_subscriptions (subscriber_id,user_id) VALUES (107,124);
INSERT INTO user_subscriptions (subscriber_id,user_id) VALUES (107,125);
INSERT INTO user_subscriptions (subscriber_id,user_id) VALUES (107,128);
INSERT INTO user_subscriptions (subscriber_id,user_id) VALUES (107,135);
INSERT INTO user_subscriptions (subscriber_id,user_id) VALUES (107,138);
INSERT INTO user_subscriptions (subscriber_id,user_id) VALUES (107,139);
INSERT INTO user_subscriptions (subscriber_id,user_id) VALUES (107,140);
INSERT INTO user_subscriptions (subscriber_id,user_id) VALUES (107,141);
INSERT INTO user_subscriptions (subscriber_id,user_id) VALUES (107,145);
INSERT INTO user_subscriptions (subscriber_id,user_id) VALUES (107,149);
INSERT INTO user_subscriptions (subscriber_id,user_id) VALUES (107,170);
INSERT INTO user_subscriptions (subscriber_id,user_id) VALUES (107,171);
INSERT INTO user_subscriptions (subscriber_id,user_id) VALUES (107,172);
INSERT INTO user_subscriptions (subscriber_id,user_id) VALUES (107,173);
INSERT INTO user_subscriptions (subscriber_id,user_id) VALUES (107,175);
INSERT INTO user_subscriptions (subscriber_id,user_id) VALUES (107,176);
INSERT INTO user_subscriptions (subscriber_id,user_id) VALUES (107,177);
INSERT INTO user_subscriptions (subscriber_id,user_id) VALUES (108,105);
INSERT INTO user_subscriptions (subscriber_id,user_id) VALUES (108,106);
INSERT INTO user_subscriptions (subscriber_id,user_id) VALUES (108,114);
INSERT INTO user_subscriptions (subscriber_id,user_id) VALUES (108,117);
INSERT INTO user_subscriptions (subscriber_id,user_id) VALUES (108,120);
INSERT INTO user_subscriptions (subscriber_id,user_id) VALUES (108,131);
INSERT INTO user_subscriptions (subscriber_id,user_id) VALUES (108,132);
INSERT INTO user_subscriptions (subscriber_id,user_id) VALUES (108,133);
INSERT INTO user_subscriptions (subscriber_id,user_id) VALUES (108,136);
INSERT INTO user_subscriptions (subscriber_id,user_id) VALUES (108,138);
INSERT INTO user_subscriptions (subscriber_id,user_id) VALUES (108,142);
INSERT INTO user_subscriptions (subscriber_id,user_id) VALUES (108,147);
INSERT INTO user_subscriptions (subscriber_id,user_id) VALUES (108,151);
INSERT INTO user_subscriptions (subscriber_id,user_id) VALUES (108,155);
INSERT INTO user_subscriptions (subscriber_id,user_id) VALUES (108,157);
INSERT INTO user_subscriptions (subscriber_id,user_id) VALUES (108,170);
INSERT INTO user_subscriptions (subscriber_id,user_id) VALUES (108,171);
INSERT INTO user_subscriptions (subscriber_id,user_id) VALUES (108,173);
INSERT INTO user_subscriptions (subscriber_id,user_id) VALUES (108,174);
INSERT INTO user_subscriptions (subscriber_id,user_id) VALUES (108,175);
INSERT INTO user_subscriptions (subscriber_id,user_id) VALUES (108,176);
INSERT INTO user_subscriptions (subscriber_id,user_id) VALUES (109,112);
INSERT INTO user_subscriptions (subscriber_id,user_id) VALUES (109,121);
INSERT INTO user_subscriptions (subscriber_id,user_id) VALUES (109,122);
INSERT INTO user_subscriptions (subscriber_id,user_id) VALUES (109,130);
INSERT INTO user_subscriptions (subscriber_id,user_id) VALUES (109,134);
INSERT INTO user_subscriptions (subscriber_id,user_id) VALUES (109,148);
INSERT INTO user_subscriptions (subscriber_id,user_id) VALUES (109,150);
INSERT INTO user_subscriptions (subscriber_id,user_id) VALUES (109,171);
INSERT INTO user_subscriptions (subscriber_id,user_id) VALUES (109,172);
INSERT INTO user_subscriptions (subscriber_id,user_id) VALUES (109,173);
INSERT INTO user_subscriptions (subscriber_id,user_id) VALUES (109,174);
INSERT INTO user_subscriptions (subscriber_id,user_id) VALUES (109,175);
INSERT INTO user_subscriptions (subscriber_id,user_id) VALUES (109,176);
INSERT INTO user_subscriptions (subscriber_id,user_id) VALUES (109,177);
INSERT INTO user_subscriptions (subscriber_id,user_id) VALUES (110,102);
INSERT INTO user_subscriptions (subscriber_id,user_id) VALUES (110,113);
INSERT INTO user_subscriptions (subscriber_id,user_id) VALUES (110,114);
INSERT INTO user_subscriptions (subscriber_id,user_id) VALUES (110,115);
INSERT INTO user_subscriptions (subscriber_id,user_id) VALUES (110,116);
INSERT INTO user_subscriptions (subscriber_id,user_id) VALUES (110,126);
INSERT INTO user_subscriptions (subscriber_id,user_id) VALUES (110,129);
INSERT INTO user_subscriptions (subscriber_id,user_id) VALUES (110,135);
INSERT INTO user_subscriptions (subscriber_id,user_id) VALUES (110,138);
INSERT INTO user_subscriptions (subscriber_id,user_id) VALUES (110,141);
INSERT INTO user_subscriptions (subscriber_id,user_id) VALUES (110,142);
INSERT INTO user_subscriptions (subscriber_id,user_id) VALUES (110,151);
INSERT INTO user_subscriptions (subscriber_id,user_id) VALUES (110,152);
INSERT INTO user_subscriptions (subscriber_id,user_id) VALUES (110,157);
INSERT INTO user_subscriptions (subscriber_id,user_id) VALUES (110,159);
INSERT INTO user_subscriptions (subscriber_id,user_id) VALUES (110,161);
INSERT INTO user_subscriptions (subscriber_id,user_id) VALUES (110,170);
INSERT INTO user_subscriptions (subscriber_id,user_id) VALUES (110,172);
INSERT INTO user_subscriptions (subscriber_id,user_id) VALUES (110,173);
INSERT INTO user_subscriptions (subscriber_id,user_id) VALUES (110,175);
INSERT INTO user_subscriptions (subscriber_id,user_id) VALUES (110,176);
INSERT INTO user_subscriptions (subscriber_id,user_id) VALUES (111,102);
INSERT INTO user_subscriptions (subscriber_id,user_id) VALUES (111,105);
INSERT INTO user_subscriptions (subscriber_id,user_id) VALUES (111,108);
INSERT INTO user_subscriptions (subscriber_id,user_id) VALUES (111,110);
INSERT INTO user_subscriptions (subscriber_id,user_id) VALUES (111,115);
INSERT INTO user_subscriptions (subscriber_id,user_id) VALUES (111,119);
INSERT INTO user_subscriptions (subscriber_id,user_id) VALUES (111,121);
INSERT INTO user_subscriptions (subscriber_id,user_id) VALUES (111,123);
INSERT INTO user_subscriptions (subscriber_id,user_id) VALUES (111,129);
INSERT INTO user_subscriptions (subscriber_id,user_id) VALUES (111,130);
INSERT INTO user_subscriptions (subscriber_id,user_id) VALUES (111,133);
INSERT INTO user_subscriptions (subscriber_id,user_id) VALUES (111,134);
INSERT INTO user_subscriptions (subscriber_id,user_id) VALUES (111,138);
INSERT INTO user_subscriptions (subscriber_id,user_id) VALUES (111,148);
INSERT INTO user_subscriptions (subscriber_id,user_id) VALUES (111,149);
INSERT INTO user_subscriptions (subscriber_id,user_id) VALUES (111,155);
INSERT INTO user_subscriptions (subscriber_id,user_id) VALUES (111,170);
INSERT INTO user_subscriptions (subscriber_id,user_id) VALUES (111,173);
INSERT INTO user_subscriptions (subscriber_id,user_id) VALUES (111,174);
INSERT INTO user_subscriptions (subscriber_id,user_id) VALUES (111,175);
INSERT INTO user_subscriptions (subscriber_id,user_id) VALUES (111,176);
INSERT INTO user_subscriptions (subscriber_id,user_id) VALUES (111,177);
INSERT INTO user_subscriptions (subscriber_id,user_id) VALUES (112,101);
INSERT INTO user_subscriptions (subscriber_id,user_id) VALUES (112,104);
INSERT INTO user_subscriptions (subscriber_id,user_id) VALUES (112,105);
INSERT INTO user_subscriptions (subscriber_id,user_id) VALUES (112,111);
INSERT INTO user_subscriptions (subscriber_id,user_id) VALUES (112,115);
INSERT INTO user_subscriptions (subscriber_id,user_id) VALUES (112,117);
INSERT INTO user_subscriptions (subscriber_id,user_id) VALUES (112,118);
INSERT INTO user_subscriptions (subscriber_id,user_id) VALUES (112,119);
INSERT INTO user_subscriptions (subscriber_id,user_id) VALUES (112,121);
INSERT INTO user_subscriptions (subscriber_id,user_id) VALUES (112,123);
INSERT INTO user_subscriptions (subscriber_id,user_id) VALUES (112,124);
INSERT INTO user_subscriptions (subscriber_id,user_id) VALUES (112,125);
INSERT INTO user_subscriptions (subscriber_id,user_id) VALUES (112,129);
INSERT INTO user_subscriptions (subscriber_id,user_id) VALUES (112,132);
INSERT INTO user_subscriptions (subscriber_id,user_id) VALUES (112,133);
INSERT INTO user_subscriptions (subscriber_id,user_id) VALUES (112,142);
INSERT INTO user_subscriptions (subscriber_id,user_id) VALUES (112,144);
INSERT INTO user_subscriptions (subscriber_id,user_id) VALUES (112,147);
INSERT INTO user_subscriptions (subscriber_id,user_id) VALUES (112,152);
INSERT INTO user_subscriptions (subscriber_id,user_id) VALUES (112,153);
INSERT INTO user_subscriptions (subscriber_id,user_id) VALUES (112,155);
INSERT INTO user_subscriptions (subscriber_id,user_id) VALUES (112,156);
INSERT INTO user_subscriptions (subscriber_id,user_id) VALUES (112,158);
INSERT INTO user_subscriptions (subscriber_id,user_id) VALUES (112,160);
INSERT INTO user_subscriptions (subscriber_id,user_id) VALUES (112,171);
INSERT INTO user_subscriptions (subscriber_id,user_id) VALUES (112,172);
INSERT INTO user_subscriptions (subscriber_id,user_id) VALUES (112,175);
INSERT INTO user_subscriptions (subscriber_id,user_id) VALUES (112,177);
INSERT INTO user_subscriptions (subscriber_id,user_id) VALUES (113,102);
INSERT INTO user_subscriptions (subscriber_id,user_id) VALUES (113,108);
INSERT INTO user_subscriptions (subscriber_id,user_id) VALUES (113,109);
INSERT INTO user_subscriptions (subscriber_id,user_id) VALUES (113,110);
INSERT INTO user_subscriptions (subscriber_id,user_id) VALUES (113,112);
INSERT INTO user_subscriptions (subscriber_id,user_id) VALUES (113,116);
INSERT INTO user_subscriptions (subscriber_id,user_id) VALUES (113,117);
INSERT INTO user_subscriptions (subscriber_id,user_id) VALUES (113,118);
INSERT INTO user_subscriptions (subscriber_id,user_id) VALUES (113,120);
INSERT INTO user_subscriptions (subscriber_id,user_id) VALUES (113,122);
INSERT INTO user_subscriptions (subscriber_id,user_id) VALUES (113,124);
INSERT INTO user_subscriptions (subscriber_id,user_id) VALUES (113,130);
INSERT INTO user_subscriptions (subscriber_id,user_id) VALUES (113,135);
INSERT INTO user_subscriptions (subscriber_id,user_id) VALUES (113,136);
INSERT INTO user_subscriptions (subscriber_id,user_id) VALUES (113,139);
INSERT INTO user_subscriptions (subscriber_id,user_id) VALUES (113,144);
INSERT INTO user_subscriptions (subscriber_id,user_id) VALUES (113,146);
INSERT INTO user_subscriptions (subscriber_id,user_id) VALUES (113,148);
INSERT INTO user_subscriptions (subscriber_id,user_id) VALUES (113,150);
INSERT INTO user_subscriptions (subscriber_id,user_id) VALUES (113,157);
INSERT INTO user_subscriptions (subscriber_id,user_id) VALUES (113,158);
INSERT INTO user_subscriptions (subscriber_id,user_id) VALUES (113,159);
INSERT INTO user_subscriptions (subscriber_id,user_id) VALUES (113,160);
INSERT INTO user_subscriptions (subscriber_id,user_id) VALUES (113,161);
INSERT INTO user_subscriptions (subscriber_id,user_id) VALUES (113,170);
INSERT INTO user_subscriptions (subscriber_id,user_id) VALUES (113,171);
INSERT INTO user_subscriptions (subscriber_id,user_id) VALUES (113,172);
INSERT INTO user_subscriptions (subscriber_id,user_id) VALUES (113,174);
INSERT INTO user_subscriptions (subscriber_id,user_id) VALUES (113,176);
INSERT INTO user_subscriptions (subscriber_id,user_id) VALUES (113,177);
INSERT INTO user_subscriptions (subscriber_id,user_id) VALUES (114,100);
INSERT INTO user_subscriptions (subscriber_id,user_id) VALUES (114,101);
INSERT INTO user_subscriptions (subscriber_id,user_id) VALUES (114,109);
INSERT INTO user_subscriptions (subscriber_id,user_id) VALUES (114,131);
INSERT INTO user_subscriptions (subscriber_id,user_id) VALUES (114,133);
INSERT INTO user_subscriptions (subscriber_id,user_id) VALUES (114,137);
INSERT INTO user_subscriptions (subscriber_id,user_id) VALUES (114,138);
INSERT INTO user_subscriptions (subscriber_id,user_id) VALUES (114,139);
INSERT INTO user_subscriptions (subscriber_id,user_id) VALUES (114,142);
INSERT INTO user_subscriptions (subscriber_id,user_id) VALUES (114,145);
INSERT INTO user_subscriptions (subscriber_id,user_id) VALUES (114,149);
INSERT INTO user_subscriptions (subscriber_id,user_id) VALUES (114,152);
INSERT INTO user_subscriptions (subscriber_id,user_id) VALUES (114,153);
INSERT INTO user_subscriptions (subscriber_id,user_id) VALUES (114,160);
INSERT INTO user_subscriptions (subscriber_id,user_id) VALUES (114,161);
INSERT INTO user_subscriptions (subscriber_id,user_id) VALUES (114,173);
INSERT INTO user_subscriptions (subscriber_id,user_id) VALUES (114,174);
INSERT INTO user_subscriptions (subscriber_id,user_id) VALUES (114,177);
INSERT INTO user_subscriptions (subscriber_id,user_id) VALUES (115,105);
INSERT INTO user_subscriptions (subscriber_id,user_id) VALUES (115,112);
INSERT INTO user_subscriptions (subscriber_id,user_id) VALUES (115,113);
INSERT INTO user_subscriptions (subscriber_id,user_id) VALUES (115,121);
INSERT INTO user_subscriptions (subscriber_id,user_id) VALUES (115,122);
INSERT INTO user_subscriptions (subscriber_id,user_id) VALUES (115,127);
INSERT INTO user_subscriptions (subscriber_id,user_id) VALUES (115,128);
INSERT INTO user_subscriptions (subscriber_id,user_id) VALUES (115,130);
INSERT INTO user_subscriptions (subscriber_id,user_id) VALUES (115,145);
INSERT INTO user_subscriptions (subscriber_id,user_id) VALUES (115,147);
INSERT INTO user_subscriptions (subscriber_id,user_id) VALUES (115,150);
INSERT INTO user_subscriptions (subscriber_id,user_id) VALUES (115,151);
INSERT INTO user_subscriptions (subscriber_id,user_id) VALUES (115,153);
INSERT INTO user_subscriptions (subscriber_id,user_id) VALUES (115,155);
INSERT INTO user_subscriptions (subscriber_id,user_id) VALUES (115,160);
INSERT INTO user_subscriptions (subscriber_id,user_id) VALUES (115,161);
INSERT INTO user_subscriptions (subscriber_id,user_id) VALUES (115,171);
INSERT INTO user_subscriptions (subscriber_id,user_id) VALUES (115,172);
INSERT INTO user_subscriptions (subscriber_id,user_id) VALUES (115,173);
INSERT INTO user_subscriptions (subscriber_id,user_id) VALUES (115,174);
INSERT INTO user_subscriptions (subscriber_id,user_id) VALUES (115,175);
INSERT INTO user_subscriptions (subscriber_id,user_id) VALUES (115,176);
INSERT INTO user_subscriptions (subscriber_id,user_id) VALUES (115,177);
INSERT INTO user_subscriptions (subscriber_id,user_id) VALUES (116,100);
INSERT INTO user_subscriptions (subscriber_id,user_id) VALUES (116,103);
INSERT INTO user_subscriptions (subscriber_id,user_id) VALUES (116,114);
INSERT INTO user_subscriptions (subscriber_id,user_id) VALUES (116,117);
INSERT INTO user_subscriptions (subscriber_id,user_id) VALUES (116,118);
INSERT INTO user_subscriptions (subscriber_id,user_id) VALUES (116,122);
INSERT INTO user_subscriptions (subscriber_id,user_id) VALUES (116,123);
INSERT INTO user_subscriptions (subscriber_id,user_id) VALUES (116,126);
INSERT INTO user_subscriptions (subscriber_id,user_id) VALUES (116,127);
INSERT INTO user_subscriptions (subscriber_id,user_id) VALUES (116,128);
INSERT INTO user_subscriptions (subscriber_id,user_id) VALUES (116,132);
INSERT INTO user_subscriptions (subscriber_id,user_id) VALUES (116,140);
INSERT INTO user_subscriptions (subscriber_id,user_id) VALUES (116,143);
INSERT INTO user_subscriptions (subscriber_id,user_id) VALUES (116,144);
INSERT INTO user_subscriptions (subscriber_id,user_id) VALUES (116,145);
INSERT INTO user_subscriptions (subscriber_id,user_id) VALUES (116,148);
INSERT INTO user_subscriptions (subscriber_id,user_id) VALUES (116,149);
INSERT INTO user_subscriptions (subscriber_id,user_id) VALUES (116,152);
INSERT INTO user_subscriptions (subscriber_id,user_id) VALUES (116,154);
INSERT INTO user_subscriptions (subscriber_id,user_id) VALUES (116,158);
INSERT INTO user_subscriptions (subscriber_id,user_id) VALUES (116,161);
INSERT INTO user_subscriptions (subscriber_id,user_id) VALUES (116,170);
INSERT INTO user_subscriptions (subscriber_id,user_id) VALUES (116,172);
INSERT INTO user_subscriptions (subscriber_id,user_id) VALUES (116,174);
INSERT INTO user_subscriptions (subscriber_id,user_id) VALUES (116,175);
INSERT INTO user_subscriptions (subscriber_id,user_id) VALUES (116,176);
INSERT INTO user_subscriptions (subscriber_id,user_id) VALUES (116,177);
INSERT INTO user_subscriptions (subscriber_id,user_id) VALUES (117,102);
INSERT INTO user_subscriptions (subscriber_id,user_id) VALUES (117,104);
INSERT INTO user_subscriptions (subscriber_id,user_id) VALUES (117,106);
INSERT INTO user_subscriptions (subscriber_id,user_id) VALUES (117,112);
INSERT INTO user_subscriptions (subscriber_id,user_id) VALUES (117,113);
INSERT INTO user_subscriptions (subscriber_id,user_id) VALUES (117,118);
INSERT INTO user_subscriptions (subscriber_id,user_id) VALUES (117,120);
INSERT INTO user_subscriptions (subscriber_id,user_id) VALUES (117,122);
INSERT INTO user_subscriptions (subscriber_id,user_id) VALUES (117,125);
INSERT INTO user_subscriptions (subscriber_id,user_id) VALUES (117,126);
INSERT INTO user_subscriptions (subscriber_id,user_id) VALUES (117,131);
INSERT INTO user_subscriptions (subscriber_id,user_id) VALUES (117,135);
INSERT INTO user_subscriptions (subscriber_id,user_id) VALUES (117,137);
INSERT INTO user_subscriptions (subscriber_id,user_id) VALUES (117,139);
INSERT INTO user_subscriptions (subscriber_id,user_id) VALUES (117,141);
INSERT INTO user_subscriptions (subscriber_id,user_id) VALUES (117,142);
INSERT INTO user_subscriptions (subscriber_id,user_id) VALUES (117,152);
INSERT INTO user_subscriptions (subscriber_id,user_id) VALUES (117,153);
INSERT INTO user_subscriptions (subscriber_id,user_id) VALUES (117,154);
INSERT INTO user_subscriptions (subscriber_id,user_id) VALUES (117,157);
INSERT INTO user_subscriptions (subscriber_id,user_id) VALUES (117,160);
INSERT INTO user_subscriptions (subscriber_id,user_id) VALUES (117,161);
INSERT INTO user_subscriptions (subscriber_id,user_id) VALUES (117,171);
INSERT INTO user_subscriptions (subscriber_id,user_id) VALUES (117,172);
INSERT INTO user_subscriptions (subscriber_id,user_id) VALUES (117,173);
INSERT INTO user_subscriptions (subscriber_id,user_id) VALUES (117,174);
INSERT INTO user_subscriptions (subscriber_id,user_id) VALUES (117,177);
INSERT INTO user_subscriptions (subscriber_id,user_id) VALUES (118,101);
INSERT INTO user_subscriptions (subscriber_id,user_id) VALUES (118,102);
INSERT INTO user_subscriptions (subscriber_id,user_id) VALUES (118,104);
INSERT INTO user_subscriptions (subscriber_id,user_id) VALUES (118,111);
INSERT INTO user_subscriptions (subscriber_id,user_id) VALUES (118,112);
INSERT INTO user_subscriptions (subscriber_id,user_id) VALUES (118,113);
INSERT INTO user_subscriptions (subscriber_id,user_id) VALUES (118,119);
INSERT INTO user_subscriptions (subscriber_id,user_id) VALUES (118,122);
INSERT INTO user_subscriptions (subscriber_id,user_id) VALUES (118,123);
INSERT INTO user_subscriptions (subscriber_id,user_id) VALUES (118,125);
INSERT INTO user_subscriptions (subscriber_id,user_id) VALUES (118,132);
INSERT INTO user_subscriptions (subscriber_id,user_id) VALUES (118,139);
INSERT INTO user_subscriptions (subscriber_id,user_id) VALUES (118,145);
INSERT INTO user_subscriptions (subscriber_id,user_id) VALUES (118,153);
INSERT INTO user_subscriptions (subscriber_id,user_id) VALUES (118,158);
INSERT INTO user_subscriptions (subscriber_id,user_id) VALUES (118,171);
INSERT INTO user_subscriptions (subscriber_id,user_id) VALUES (118,173);
INSERT INTO user_subscriptions (subscriber_id,user_id) VALUES (118,174);
INSERT INTO user_subscriptions (subscriber_id,user_id) VALUES (118,175);
INSERT INTO user_subscriptions (subscriber_id,user_id) VALUES (118,176);
INSERT INTO user_subscriptions (subscriber_id,user_id) VALUES (119,100);
INSERT INTO user_subscriptions (subscriber_id,user_id) VALUES (119,107);
INSERT INTO user_subscriptions (subscriber_id,user_id) VALUES (119,108);
INSERT INTO user_subscriptions (subscriber_id,user_id) VALUES (119,110);
INSERT INTO user_subscriptions (subscriber_id,user_id) VALUES (119,121);
INSERT INTO user_subscriptions (subscriber_id,user_id) VALUES (119,126);
INSERT INTO user_subscriptions (subscriber_id,user_id) VALUES (119,127);
INSERT INTO user_subscriptions (subscriber_id,user_id) VALUES (119,134);
INSERT INTO user_subscriptions (subscriber_id,user_id) VALUES (119,138);
INSERT INTO user_subscriptions (subscriber_id,user_id) VALUES (119,148);
INSERT INTO user_subscriptions (subscriber_id,user_id) VALUES (119,156);
INSERT INTO user_subscriptions (subscriber_id,user_id) VALUES (119,159);
INSERT INTO user_subscriptions (subscriber_id,user_id) VALUES (119,161);
INSERT INTO user_subscriptions (subscriber_id,user_id) VALUES (119,171);
INSERT INTO user_subscriptions (subscriber_id,user_id) VALUES (119,173);
INSERT INTO user_subscriptions (subscriber_id,user_id) VALUES (119,174);
INSERT INTO user_subscriptions (subscriber_id,user_id) VALUES (119,175);
INSERT INTO user_subscriptions (subscriber_id,user_id) VALUES (119,176);
INSERT INTO user_subscriptions (subscriber_id,user_id) VALUES (119,177);
INSERT INTO user_subscriptions (subscriber_id,user_id) VALUES (120,108);
INSERT INTO user_subscriptions (subscriber_id,user_id) VALUES (120,113);
INSERT INTO user_subscriptions (subscriber_id,user_id) VALUES (120,119);
INSERT INTO user_subscriptions (subscriber_id,user_id) VALUES (120,127);
INSERT INTO user_subscriptions (subscriber_id,user_id) VALUES (120,128);
INSERT INTO user_subscriptions (subscriber_id,user_id) VALUES (120,150);
INSERT INTO user_subscriptions (subscriber_id,user_id) VALUES (120,153);
INSERT INTO user_subscriptions (subscriber_id,user_id) VALUES (120,154);
INSERT INTO user_subscriptions (subscriber_id,user_id) VALUES (120,156);
INSERT INTO user_subscriptions (subscriber_id,user_id) VALUES (120,170);
INSERT INTO user_subscriptions (subscriber_id,user_id) VALUES (120,171);
INSERT INTO user_subscriptions (subscriber_id,user_id) VALUES (120,172);
INSERT INTO user_subscriptions (subscriber_id,user_id) VALUES (120,174);
INSERT INTO user_subscriptions (subscriber_id,user_id) VALUES (120,177);
INSERT INTO user_subscriptions (subscriber_id,user_id) VALUES (121,100);
INSERT INTO user_subscriptions (subscriber_id,user_id) VALUES (121,104);
INSERT INTO user_subscriptions (subscriber_id,user_id) VALUES (121,109);
INSERT INTO user_subscriptions (subscriber_id,user_id) VALUES (121,112);
INSERT INTO user_subscriptions (subscriber_id,user_id) VALUES (121,115);
INSERT INTO user_subscriptions (subscriber_id,user_id) VALUES (121,120);
INSERT INTO user_subscriptions (subscriber_id,user_id) VALUES (121,122);
INSERT INTO user_subscriptions (subscriber_id,user_id) VALUES (121,126);
INSERT INTO user_subscriptions (subscriber_id,user_id) VALUES (121,129);
INSERT INTO user_subscriptions (subscriber_id,user_id) VALUES (121,130);
INSERT INTO user_subscriptions (subscriber_id,user_id) VALUES (121,132);
INSERT INTO user_subscriptions (subscriber_id,user_id) VALUES (121,134);
INSERT INTO user_subscriptions (subscriber_id,user_id) VALUES (121,136);
INSERT INTO user_subscriptions (subscriber_id,user_id) VALUES (121,137);
INSERT INTO user_subscriptions (subscriber_id,user_id) VALUES (121,139);
INSERT INTO user_subscriptions (subscriber_id,user_id) VALUES (121,140);
INSERT INTO user_subscriptions (subscriber_id,user_id) VALUES (121,149);
INSERT INTO user_subscriptions (subscriber_id,user_id) VALUES (121,151);
INSERT INTO user_subscriptions (subscriber_id,user_id) VALUES (121,152);
INSERT INTO user_subscriptions (subscriber_id,user_id) VALUES (121,153);
INSERT INTO user_subscriptions (subscriber_id,user_id) VALUES (121,159);
INSERT INTO user_subscriptions (subscriber_id,user_id) VALUES (121,171);
INSERT INTO user_subscriptions (subscriber_id,user_id) VALUES (121,173);
INSERT INTO user_subscriptions (subscriber_id,user_id) VALUES (121,175);
INSERT INTO user_subscriptions (subscriber_id,user_id) VALUES (121,176);
INSERT INTO user_subscriptions (subscriber_id,user_id) VALUES (122,111);
INSERT INTO user_subscriptions (subscriber_id,user_id) VALUES (122,137);
INSERT INTO user_subscriptions (subscriber_id,user_id) VALUES (122,139);
INSERT INTO user_subscriptions (subscriber_id,user_id) VALUES (122,140);
INSERT INTO user_subscriptions (subscriber_id,user_id) VALUES (122,145);
INSERT INTO user_subscriptions (subscriber_id,user_id) VALUES (122,151);
INSERT INTO user_subscriptions (subscriber_id,user_id) VALUES (122,152);
INSERT INTO user_subscriptions (subscriber_id,user_id) VALUES (122,153);
INSERT INTO user_subscriptions (subscriber_id,user_id) VALUES (122,159);
INSERT INTO user_subscriptions (subscriber_id,user_id) VALUES (122,171);
INSERT INTO user_subscriptions (subscriber_id,user_id) VALUES (122,173);
INSERT INTO user_subscriptions (subscriber_id,user_id) VALUES (122,174);
INSERT INTO user_subscriptions (subscriber_id,user_id) VALUES (122,175);
INSERT INTO user_subscriptions (subscriber_id,user_id) VALUES (122,176);
INSERT INTO user_subscriptions (subscriber_id,user_id) VALUES (122,177);
INSERT INTO user_subscriptions (subscriber_id,user_id) VALUES (123,106);
INSERT INTO user_subscriptions (subscriber_id,user_id) VALUES (123,111);
INSERT INTO user_subscriptions (subscriber_id,user_id) VALUES (123,122);
INSERT INTO user_subscriptions (subscriber_id,user_id) VALUES (123,126);
INSERT INTO user_subscriptions (subscriber_id,user_id) VALUES (123,132);
INSERT INTO user_subscriptions (subscriber_id,user_id) VALUES (123,137);
INSERT INTO user_subscriptions (subscriber_id,user_id) VALUES (123,143);
INSERT INTO user_subscriptions (subscriber_id,user_id) VALUES (123,145);
INSERT INTO user_subscriptions (subscriber_id,user_id) VALUES (123,150);
INSERT INTO user_subscriptions (subscriber_id,user_id) VALUES (123,154);
INSERT INTO user_subscriptions (subscriber_id,user_id) VALUES (123,156);
INSERT INTO user_subscriptions (subscriber_id,user_id) VALUES (123,159);
INSERT INTO user_subscriptions (subscriber_id,user_id) VALUES (123,170);
INSERT INTO user_subscriptions (subscriber_id,user_id) VALUES (123,172);
INSERT INTO user_subscriptions (subscriber_id,user_id) VALUES (123,173);
INSERT INTO user_subscriptions (subscriber_id,user_id) VALUES (123,174);
INSERT INTO user_subscriptions (subscriber_id,user_id) VALUES (123,176);
INSERT INTO user_subscriptions (subscriber_id,user_id) VALUES (123,177);
INSERT INTO user_subscriptions (subscriber_id,user_id) VALUES (124,108);
INSERT INTO user_subscriptions (subscriber_id,user_id) VALUES (124,120);
INSERT INTO user_subscriptions (subscriber_id,user_id) VALUES (124,127);
INSERT INTO user_subscriptions (subscriber_id,user_id) VALUES (124,128);
INSERT INTO user_subscriptions (subscriber_id,user_id) VALUES (124,131);
INSERT INTO user_subscriptions (subscriber_id,user_id) VALUES (124,132);
INSERT INTO user_subscriptions (subscriber_id,user_id) VALUES (124,136);
INSERT INTO user_subscriptions (subscriber_id,user_id) VALUES (124,138);
INSERT INTO user_subscriptions (subscriber_id,user_id) VALUES (124,159);
INSERT INTO user_subscriptions (subscriber_id,user_id) VALUES (124,172);
INSERT INTO user_subscriptions (subscriber_id,user_id) VALUES (124,173);
INSERT INTO user_subscriptions (subscriber_id,user_id) VALUES (124,174);
INSERT INTO user_subscriptions (subscriber_id,user_id) VALUES (124,176);
INSERT INTO user_subscriptions (subscriber_id,user_id) VALUES (125,101);
INSERT INTO user_subscriptions (subscriber_id,user_id) VALUES (125,102);
INSERT INTO user_subscriptions (subscriber_id,user_id) VALUES (125,104);
INSERT INTO user_subscriptions (subscriber_id,user_id) VALUES (125,109);
INSERT INTO user_subscriptions (subscriber_id,user_id) VALUES (125,110);
INSERT INTO user_subscriptions (subscriber_id,user_id) VALUES (125,112);
INSERT INTO user_subscriptions (subscriber_id,user_id) VALUES (125,113);
INSERT INTO user_subscriptions (subscriber_id,user_id) VALUES (125,115);
INSERT INTO user_subscriptions (subscriber_id,user_id) VALUES (125,116);
INSERT INTO user_subscriptions (subscriber_id,user_id) VALUES (125,121);
INSERT INTO user_subscriptions (subscriber_id,user_id) VALUES (125,124);
INSERT INTO user_subscriptions (subscriber_id,user_id) VALUES (125,126);
INSERT INTO user_subscriptions (subscriber_id,user_id) VALUES (125,127);
INSERT INTO user_subscriptions (subscriber_id,user_id) VALUES (125,129);
INSERT INTO user_subscriptions (subscriber_id,user_id) VALUES (125,130);
INSERT INTO user_subscriptions (subscriber_id,user_id) VALUES (125,133);
INSERT INTO user_subscriptions (subscriber_id,user_id) VALUES (125,141);
INSERT INTO user_subscriptions (subscriber_id,user_id) VALUES (125,142);
INSERT INTO user_subscriptions (subscriber_id,user_id) VALUES (125,144);
INSERT INTO user_subscriptions (subscriber_id,user_id) VALUES (125,145);
INSERT INTO user_subscriptions (subscriber_id,user_id) VALUES (125,148);
INSERT INTO user_subscriptions (subscriber_id,user_id) VALUES (125,156);
INSERT INTO user_subscriptions (subscriber_id,user_id) VALUES (125,172);
INSERT INTO user_subscriptions (subscriber_id,user_id) VALUES (125,173);
INSERT INTO user_subscriptions (subscriber_id,user_id) VALUES (125,174);
INSERT INTO user_subscriptions (subscriber_id,user_id) VALUES (125,175);
INSERT INTO user_subscriptions (subscriber_id,user_id) VALUES (125,176);
INSERT INTO user_subscriptions (subscriber_id,user_id) VALUES (125,177);
INSERT INTO user_subscriptions (subscriber_id,user_id) VALUES (126,101);
INSERT INTO user_subscriptions (subscriber_id,user_id) VALUES (126,104);
INSERT INTO user_subscriptions (subscriber_id,user_id) VALUES (126,105);
INSERT INTO user_subscriptions (subscriber_id,user_id) VALUES (126,108);
INSERT INTO user_subscriptions (subscriber_id,user_id) VALUES (126,114);
INSERT INTO user_subscriptions (subscriber_id,user_id) VALUES (126,115);
INSERT INTO user_subscriptions (subscriber_id,user_id) VALUES (126,117);
INSERT INTO user_subscriptions (subscriber_id,user_id) VALUES (126,129);
INSERT INTO user_subscriptions (subscriber_id,user_id) VALUES (126,130);
INSERT INTO user_subscriptions (subscriber_id,user_id) VALUES (126,131);
INSERT INTO user_subscriptions (subscriber_id,user_id) VALUES (126,132);
INSERT INTO user_subscriptions (subscriber_id,user_id) VALUES (126,133);
INSERT INTO user_subscriptions (subscriber_id,user_id) VALUES (126,136);
INSERT INTO user_subscriptions (subscriber_id,user_id) VALUES (126,142);
INSERT INTO user_subscriptions (subscriber_id,user_id) VALUES (126,143);
INSERT INTO user_subscriptions (subscriber_id,user_id) VALUES (126,146);
INSERT INTO user_subscriptions (subscriber_id,user_id) VALUES (126,148);
INSERT INTO user_subscriptions (subscriber_id,user_id) VALUES (126,161);
INSERT INTO user_subscriptions (subscriber_id,user_id) VALUES (126,171);
INSERT INTO user_subscriptions (subscriber_id,user_id) VALUES (126,172);
INSERT INTO user_subscriptions (subscriber_id,user_id) VALUES (126,174);
INSERT INTO user_subscriptions (subscriber_id,user_id) VALUES (126,177);
INSERT INTO user_subscriptions (subscriber_id,user_id) VALUES (127,100);
INSERT INTO user_subscriptions (subscriber_id,user_id) VALUES (127,102);
INSERT INTO user_subscriptions (subscriber_id,user_id) VALUES (127,104);
INSERT INTO user_subscriptions (subscriber_id,user_id) VALUES (127,107);
INSERT INTO user_subscriptions (subscriber_id,user_id) VALUES (127,110);
INSERT INTO user_subscriptions (subscriber_id,user_id) VALUES (127,112);
INSERT INTO user_subscriptions (subscriber_id,user_id) VALUES (127,120);
INSERT INTO user_subscriptions (subscriber_id,user_id) VALUES (127,121);
INSERT INTO user_subscriptions (subscriber_id,user_id) VALUES (127,122);
INSERT INTO user_subscriptions (subscriber_id,user_id) VALUES (127,125);
INSERT INTO user_subscriptions (subscriber_id,user_id) VALUES (127,135);
INSERT INTO user_subscriptions (subscriber_id,user_id) VALUES (127,138);
INSERT INTO user_subscriptions (subscriber_id,user_id) VALUES (127,143);
INSERT INTO user_subscriptions (subscriber_id,user_id) VALUES (127,144);
INSERT INTO user_subscriptions (subscriber_id,user_id) VALUES (127,148);
INSERT INTO user_subscriptions (subscriber_id,user_id) VALUES (127,149);
INSERT INTO user_subscriptions (subscriber_id,user_id) VALUES (127,172);
INSERT INTO user_subscriptions (subscriber_id,user_id) VALUES (127,174);
INSERT INTO user_subscriptions (subscriber_id,user_id) VALUES (127,175);
INSERT INTO user_subscriptions (subscriber_id,user_id) VALUES (127,176);
INSERT INTO user_subscriptions (subscriber_id,user_id) VALUES (127,177);
INSERT INTO user_subscriptions (subscriber_id,user_id) VALUES (128,103);
INSERT INTO user_subscriptions (subscriber_id,user_id) VALUES (128,104);
INSERT INTO user_subscriptions (subscriber_id,user_id) VALUES (128,113);
INSERT INTO user_subscriptions (subscriber_id,user_id) VALUES (128,119);
INSERT INTO user_subscriptions (subscriber_id,user_id) VALUES (128,122);
INSERT INTO user_subscriptions (subscriber_id,user_id) VALUES (128,127);
INSERT INTO user_subscriptions (subscriber_id,user_id) VALUES (128,129);
INSERT INTO user_subscriptions (subscriber_id,user_id) VALUES (128,135);
INSERT INTO user_subscriptions (subscriber_id,user_id) VALUES (128,141);
INSERT INTO user_subscriptions (subscriber_id,user_id) VALUES (128,144);
INSERT INTO user_subscriptions (subscriber_id,user_id) VALUES (128,145);
INSERT INTO user_subscriptions (subscriber_id,user_id) VALUES (128,146);
INSERT INTO user_subscriptions (subscriber_id,user_id) VALUES (128,152);
INSERT INTO user_subscriptions (subscriber_id,user_id) VALUES (128,154);
INSERT INTO user_subscriptions (subscriber_id,user_id) VALUES (128,157);
INSERT INTO user_subscriptions (subscriber_id,user_id) VALUES (128,158);
INSERT INTO user_subscriptions (subscriber_id,user_id) VALUES (128,170);
INSERT INTO user_subscriptions (subscriber_id,user_id) VALUES (128,171);
INSERT INTO user_subscriptions (subscriber_id,user_id) VALUES (128,174);
INSERT INTO user_subscriptions (subscriber_id,user_id) VALUES (128,176);
INSERT INTO user_subscriptions (subscriber_id,user_id) VALUES (129,100);
INSERT INTO user_subscriptions (subscriber_id,user_id) VALUES (129,101);
INSERT INTO user_subscriptions (subscriber_id,user_id) VALUES (129,103);
INSERT INTO user_subscriptions (subscriber_id,user_id) VALUES (129,105);
INSERT INTO user_subscriptions (subscriber_id,user_id) VALUES (129,106);
INSERT INTO user_subscriptions (subscriber_id,user_id) VALUES (129,112);
INSERT INTO user_subscriptions (subscriber_id,user_id) VALUES (129,113);
INSERT INTO user_subscriptions (subscriber_id,user_id) VALUES (129,115);
INSERT INTO user_subscriptions (subscriber_id,user_id) VALUES (129,121);
INSERT INTO user_subscriptions (subscriber_id,user_id) VALUES (129,123);
INSERT INTO user_subscriptions (subscriber_id,user_id) VALUES (129,124);
INSERT INTO user_subscriptions (subscriber_id,user_id) VALUES (129,126);
INSERT INTO user_subscriptions (subscriber_id,user_id) VALUES (129,140);
INSERT INTO user_subscriptions (subscriber_id,user_id) VALUES (129,143);
INSERT INTO user_subscriptions (subscriber_id,user_id) VALUES (129,144);
INSERT INTO user_subscriptions (subscriber_id,user_id) VALUES (129,150);
INSERT INTO user_subscriptions (subscriber_id,user_id) VALUES (129,153);
INSERT INTO user_subscriptions (subscriber_id,user_id) VALUES (129,155);
INSERT INTO user_subscriptions (subscriber_id,user_id) VALUES (129,157);
INSERT INTO user_subscriptions (subscriber_id,user_id) VALUES (129,158);
INSERT INTO user_subscriptions (subscriber_id,user_id) VALUES (129,159);
INSERT INTO user_subscriptions (subscriber_id,user_id) VALUES (129,170);
INSERT INTO user_subscriptions (subscriber_id,user_id) VALUES (129,172);
INSERT INTO user_subscriptions (subscriber_id,user_id) VALUES (129,174);
INSERT INTO user_subscriptions (subscriber_id,user_id) VALUES (129,176);
INSERT INTO user_subscriptions (subscriber_id,user_id) VALUES (130,105);
INSERT INTO user_subscriptions (subscriber_id,user_id) VALUES (130,106);
INSERT INTO user_subscriptions (subscriber_id,user_id) VALUES (130,112);
INSERT INTO user_subscriptions (subscriber_id,user_id) VALUES (130,120);
INSERT INTO user_subscriptions (subscriber_id,user_id) VALUES (130,121);
INSERT INTO user_subscriptions (subscriber_id,user_id) VALUES (130,128);
INSERT INTO user_subscriptions (subscriber_id,user_id) VALUES (130,133);
INSERT INTO user_subscriptions (subscriber_id,user_id) VALUES (130,153);
INSERT INTO user_subscriptions (subscriber_id,user_id) VALUES (130,154);
INSERT INTO user_subscriptions (subscriber_id,user_id) VALUES (130,175);
INSERT INTO user_subscriptions (subscriber_id,user_id) VALUES (130,176);
INSERT INTO user_subscriptions (subscriber_id,user_id) VALUES (130,177);
INSERT INTO user_subscriptions (subscriber_id,user_id) VALUES (131,100);
INSERT INTO user_subscriptions (subscriber_id,user_id) VALUES (131,106);
INSERT INTO user_subscriptions (subscriber_id,user_id) VALUES (131,111);
INSERT INTO user_subscriptions (subscriber_id,user_id) VALUES (131,113);
INSERT INTO user_subscriptions (subscriber_id,user_id) VALUES (131,115);
INSERT INTO user_subscriptions (subscriber_id,user_id) VALUES (131,120);
INSERT INTO user_subscriptions (subscriber_id,user_id) VALUES (131,122);
INSERT INTO user_subscriptions (subscriber_id,user_id) VALUES (131,124);
INSERT INTO user_subscriptions (subscriber_id,user_id) VALUES (131,125);
INSERT INTO user_subscriptions (subscriber_id,user_id) VALUES (131,126);
INSERT INTO user_subscriptions (subscriber_id,user_id) VALUES (131,129);
INSERT INTO user_subscriptions (subscriber_id,user_id) VALUES (131,142);
INSERT INTO user_subscriptions (subscriber_id,user_id) VALUES (131,151);
INSERT INTO user_subscriptions (subscriber_id,user_id) VALUES (131,155);
INSERT INTO user_subscriptions (subscriber_id,user_id) VALUES (131,158);
INSERT INTO user_subscriptions (subscriber_id,user_id) VALUES (131,160);
INSERT INTO user_subscriptions (subscriber_id,user_id) VALUES (131,171);
INSERT INTO user_subscriptions (subscriber_id,user_id) VALUES (131,173);
INSERT INTO user_subscriptions (subscriber_id,user_id) VALUES (131,175);
INSERT INTO user_subscriptions (subscriber_id,user_id) VALUES (131,176);
INSERT INTO user_subscriptions (subscriber_id,user_id) VALUES (131,177);
INSERT INTO user_subscriptions (subscriber_id,user_id) VALUES (132,105);
INSERT INTO user_subscriptions (subscriber_id,user_id) VALUES (132,106);
INSERT INTO user_subscriptions (subscriber_id,user_id) VALUES (132,108);
INSERT INTO user_subscriptions (subscriber_id,user_id) VALUES (132,110);
INSERT INTO user_subscriptions (subscriber_id,user_id) VALUES (132,113);
INSERT INTO user_subscriptions (subscriber_id,user_id) VALUES (132,116);
INSERT INTO user_subscriptions (subscriber_id,user_id) VALUES (132,119);
INSERT INTO user_subscriptions (subscriber_id,user_id) VALUES (132,126);
INSERT INTO user_subscriptions (subscriber_id,user_id) VALUES (132,128);
INSERT INTO user_subscriptions (subscriber_id,user_id) VALUES (132,131);
INSERT INTO user_subscriptions (subscriber_id,user_id) VALUES (132,135);
INSERT INTO user_subscriptions (subscriber_id,user_id) VALUES (132,136);
INSERT INTO user_subscriptions (subscriber_id,user_id) VALUES (132,137);
INSERT INTO user_subscriptions (subscriber_id,user_id) VALUES (132,139);
INSERT INTO user_subscriptions (subscriber_id,user_id) VALUES (132,146);
INSERT INTO user_subscriptions (subscriber_id,user_id) VALUES (132,148);
INSERT INTO user_subscriptions (subscriber_id,user_id) VALUES (132,150);
INSERT INTO user_subscriptions (subscriber_id,user_id) VALUES (132,151);
INSERT INTO user_subscriptions (subscriber_id,user_id) VALUES (132,156);
INSERT INTO user_subscriptions (subscriber_id,user_id) VALUES (132,157);
INSERT INTO user_subscriptions (subscriber_id,user_id) VALUES (132,158);
INSERT INTO user_subscriptions (subscriber_id,user_id) VALUES (132,171);
INSERT INTO user_subscriptions (subscriber_id,user_id) VALUES (132,172);
INSERT INTO user_subscriptions (subscriber_id,user_id) VALUES (132,174);
INSERT INTO user_subscriptions (subscriber_id,user_id) VALUES (132,175);
INSERT INTO user_subscriptions (subscriber_id,user_id) VALUES (132,176);
INSERT INTO user_subscriptions (subscriber_id,user_id) VALUES (132,177);
INSERT INTO user_subscriptions (subscriber_id,user_id) VALUES (133,101);
INSERT INTO user_subscriptions (subscriber_id,user_id) VALUES (133,104);
INSERT INTO user_subscriptions (subscriber_id,user_id) VALUES (133,114);
INSERT INTO user_subscriptions (subscriber_id,user_id) VALUES (133,117);
INSERT INTO user_subscriptions (subscriber_id,user_id) VALUES (133,121);
INSERT INTO user_subscriptions (subscriber_id,user_id) VALUES (133,122);
INSERT INTO user_subscriptions (subscriber_id,user_id) VALUES (133,124);
INSERT INTO user_subscriptions (subscriber_id,user_id) VALUES (133,128);
INSERT INTO user_subscriptions (subscriber_id,user_id) VALUES (133,132);
INSERT INTO user_subscriptions (subscriber_id,user_id) VALUES (133,138);
INSERT INTO user_subscriptions (subscriber_id,user_id) VALUES (133,139);
INSERT INTO user_subscriptions (subscriber_id,user_id) VALUES (133,141);
INSERT INTO user_subscriptions (subscriber_id,user_id) VALUES (133,143);
INSERT INTO user_subscriptions (subscriber_id,user_id) VALUES (133,148);
INSERT INTO user_subscriptions (subscriber_id,user_id) VALUES (133,150);
INSERT INTO user_subscriptions (subscriber_id,user_id) VALUES (133,159);
INSERT INTO user_subscriptions (subscriber_id,user_id) VALUES (133,170);
INSERT INTO user_subscriptions (subscriber_id,user_id) VALUES (133,171);
INSERT INTO user_subscriptions (subscriber_id,user_id) VALUES (133,172);
INSERT INTO user_subscriptions (subscriber_id,user_id) VALUES (133,173);
INSERT INTO user_subscriptions (subscriber_id,user_id) VALUES (133,174);
INSERT INTO user_subscriptions (subscriber_id,user_id) VALUES (133,177);
INSERT INTO user_subscriptions (subscriber_id,user_id) VALUES (134,101);
INSERT INTO user_subscriptions (subscriber_id,user_id) VALUES (134,102);
INSERT INTO user_subscriptions (subscriber_id,user_id) VALUES (134,103);
INSERT INTO user_subscriptions (subscriber_id,user_id) VALUES (134,105);
INSERT INTO user_subscriptions (subscriber_id,user_id) VALUES (134,108);
INSERT INTO user_subscriptions (subscriber_id,user_id) VALUES (134,109);
INSERT INTO user_subscriptions (subscriber_id,user_id) VALUES (134,112);
INSERT INTO user_subscriptions (subscriber_id,user_id) VALUES (134,113);
INSERT INTO user_subscriptions (subscriber_id,user_id) VALUES (134,115);
INSERT INTO user_subscriptions (subscriber_id,user_id) VALUES (134,118);
INSERT INTO user_subscriptions (subscriber_id,user_id) VALUES (134,123);
INSERT INTO user_subscriptions (subscriber_id,user_id) VALUES (134,124);
INSERT INTO user_subscriptions (subscriber_id,user_id) VALUES (134,127);
INSERT INTO user_subscriptions (subscriber_id,user_id) VALUES (134,129);
INSERT INTO user_subscriptions (subscriber_id,user_id) VALUES (134,130);
INSERT INTO user_subscriptions (subscriber_id,user_id) VALUES (134,131);
INSERT INTO user_subscriptions (subscriber_id,user_id) VALUES (134,140);
INSERT INTO user_subscriptions (subscriber_id,user_id) VALUES (134,142);
INSERT INTO user_subscriptions (subscriber_id,user_id) VALUES (134,148);
INSERT INTO user_subscriptions (subscriber_id,user_id) VALUES (134,149);
INSERT INTO user_subscriptions (subscriber_id,user_id) VALUES (134,160);
INSERT INTO user_subscriptions (subscriber_id,user_id) VALUES (134,170);
INSERT INTO user_subscriptions (subscriber_id,user_id) VALUES (134,171);
INSERT INTO user_subscriptions (subscriber_id,user_id) VALUES (134,172);
INSERT INTO user_subscriptions (subscriber_id,user_id) VALUES (134,173);
INSERT INTO user_subscriptions (subscriber_id,user_id) VALUES (134,174);
INSERT INTO user_subscriptions (subscriber_id,user_id) VALUES (134,175);
INSERT INTO user_subscriptions (subscriber_id,user_id) VALUES (134,176);
INSERT INTO user_subscriptions (subscriber_id,user_id) VALUES (135,101);
INSERT INTO user_subscriptions (subscriber_id,user_id) VALUES (135,103);
INSERT INTO user_subscriptions (subscriber_id,user_id) VALUES (135,105);
INSERT INTO user_subscriptions (subscriber_id,user_id) VALUES (135,113);
INSERT INTO user_subscriptions (subscriber_id,user_id) VALUES (135,114);
INSERT INTO user_subscriptions (subscriber_id,user_id) VALUES (135,115);
INSERT INTO user_subscriptions (subscriber_id,user_id) VALUES (135,117);
INSERT INTO user_subscriptions (subscriber_id,user_id) VALUES (135,118);
INSERT INTO user_subscriptions (subscriber_id,user_id) VALUES (135,121);
INSERT INTO user_subscriptions (subscriber_id,user_id) VALUES (135,134);
INSERT INTO user_subscriptions (subscriber_id,user_id) VALUES (135,136);
INSERT INTO user_subscriptions (subscriber_id,user_id) VALUES (135,141);
INSERT INTO user_subscriptions (subscriber_id,user_id) VALUES (135,142);
INSERT INTO user_subscriptions (subscriber_id,user_id) VALUES (135,143);
INSERT INTO user_subscriptions (subscriber_id,user_id) VALUES (135,147);
INSERT INTO user_subscriptions (subscriber_id,user_id) VALUES (135,149);
INSERT INTO user_subscriptions (subscriber_id,user_id) VALUES (135,153);
INSERT INTO user_subscriptions (subscriber_id,user_id) VALUES (135,154);
INSERT INTO user_subscriptions (subscriber_id,user_id) VALUES (135,155);
INSERT INTO user_subscriptions (subscriber_id,user_id) VALUES (135,157);
INSERT INTO user_subscriptions (subscriber_id,user_id) VALUES (135,170);
INSERT INTO user_subscriptions (subscriber_id,user_id) VALUES (135,173);
INSERT INTO user_subscriptions (subscriber_id,user_id) VALUES (135,175);
INSERT INTO user_subscriptions (subscriber_id,user_id) VALUES (135,177);
INSERT INTO user_subscriptions (subscriber_id,user_id) VALUES (136,100);
INSERT INTO user_subscriptions (subscriber_id,user_id) VALUES (136,103);
INSERT INTO user_subscriptions (subscriber_id,user_id) VALUES (136,104);
INSERT INTO user_subscriptions (subscriber_id,user_id) VALUES (136,109);
INSERT INTO user_subscriptions (subscriber_id,user_id) VALUES (136,112);
INSERT INTO user_subscriptions (subscriber_id,user_id) VALUES (136,113);
INSERT INTO user_subscriptions (subscriber_id,user_id) VALUES (136,123);
INSERT INTO user_subscriptions (subscriber_id,user_id) VALUES (136,131);
INSERT INTO user_subscriptions (subscriber_id,user_id) VALUES (136,141);
INSERT INTO user_subscriptions (subscriber_id,user_id) VALUES (136,142);
INSERT INTO user_subscriptions (subscriber_id,user_id) VALUES (136,149);
INSERT INTO user_subscriptions (subscriber_id,user_id) VALUES (136,156);
INSERT INTO user_subscriptions (subscriber_id,user_id) VALUES (136,157);
INSERT INTO user_subscriptions (subscriber_id,user_id) VALUES (136,170);
INSERT INTO user_subscriptions (subscriber_id,user_id) VALUES (136,171);
INSERT INTO user_subscriptions (subscriber_id,user_id) VALUES (136,172);
INSERT INTO user_subscriptions (subscriber_id,user_id) VALUES (136,173);
INSERT INTO user_subscriptions (subscriber_id,user_id) VALUES (136,174);
INSERT INTO user_subscriptions (subscriber_id,user_id) VALUES (136,175);
INSERT INTO user_subscriptions (subscriber_id,user_id) VALUES (136,176);
INSERT INTO user_subscriptions (subscriber_id,user_id) VALUES (137,110);
INSERT INTO user_subscriptions (subscriber_id,user_id) VALUES (137,111);
INSERT INTO user_subscriptions (subscriber_id,user_id) VALUES (137,119);
INSERT INTO user_subscriptions (subscriber_id,user_id) VALUES (137,122);
INSERT INTO user_subscriptions (subscriber_id,user_id) VALUES (137,126);
INSERT INTO user_subscriptions (subscriber_id,user_id) VALUES (137,127);
INSERT INTO user_subscriptions (subscriber_id,user_id) VALUES (137,129);
INSERT INTO user_subscriptions (subscriber_id,user_id) VALUES (137,130);
INSERT INTO user_subscriptions (subscriber_id,user_id) VALUES (137,147);
INSERT INTO user_subscriptions (subscriber_id,user_id) VALUES (137,170);
INSERT INTO user_subscriptions (subscriber_id,user_id) VALUES (137,172);
INSERT INTO user_subscriptions (subscriber_id,user_id) VALUES (137,173);
INSERT INTO user_subscriptions (subscriber_id,user_id) VALUES (137,177);
INSERT INTO user_subscriptions (subscriber_id,user_id) VALUES (138,112);
INSERT INTO user_subscriptions (subscriber_id,user_id) VALUES (138,117);
INSERT INTO user_subscriptions (subscriber_id,user_id) VALUES (138,122);
INSERT INTO user_subscriptions (subscriber_id,user_id) VALUES (138,128);
INSERT INTO user_subscriptions (subscriber_id,user_id) VALUES (138,130);
INSERT INTO user_subscriptions (subscriber_id,user_id) VALUES (138,131);
INSERT INTO user_subscriptions (subscriber_id,user_id) VALUES (138,136);
INSERT INTO user_subscriptions (subscriber_id,user_id) VALUES (138,139);
INSERT INTO user_subscriptions (subscriber_id,user_id) VALUES (138,141);
INSERT INTO user_subscriptions (subscriber_id,user_id) VALUES (138,151);
INSERT INTO user_subscriptions (subscriber_id,user_id) VALUES (138,155);
INSERT INTO user_subscriptions (subscriber_id,user_id) VALUES (138,156);
INSERT INTO user_subscriptions (subscriber_id,user_id) VALUES (138,170);
INSERT INTO user_subscriptions (subscriber_id,user_id) VALUES (138,171);
INSERT INTO user_subscriptions (subscriber_id,user_id) VALUES (138,172);
INSERT INTO user_subscriptions (subscriber_id,user_id) VALUES (138,174);
INSERT INTO user_subscriptions (subscriber_id,user_id) VALUES (138,175);
INSERT INTO user_subscriptions (subscriber_id,user_id) VALUES (138,177);
INSERT INTO user_subscriptions (subscriber_id,user_id) VALUES (139,121);
INSERT INTO user_subscriptions (subscriber_id,user_id) VALUES (139,127);
INSERT INTO user_subscriptions (subscriber_id,user_id) VALUES (139,132);
INSERT INTO user_subscriptions (subscriber_id,user_id) VALUES (139,140);
INSERT INTO user_subscriptions (subscriber_id,user_id) VALUES (139,147);
INSERT INTO user_subscriptions (subscriber_id,user_id) VALUES (139,148);
INSERT INTO user_subscriptions (subscriber_id,user_id) VALUES (139,149);
INSERT INTO user_subscriptions (subscriber_id,user_id) VALUES (139,151);
INSERT INTO user_subscriptions (subscriber_id,user_id) VALUES (139,157);
INSERT INTO user_subscriptions (subscriber_id,user_id) VALUES (139,161);
INSERT INTO user_subscriptions (subscriber_id,user_id) VALUES (139,170);
INSERT INTO user_subscriptions (subscriber_id,user_id) VALUES (139,175);
INSERT INTO user_subscriptions (subscriber_id,user_id) VALUES (140,102);
INSERT INTO user_subscriptions (subscriber_id,user_id) VALUES (140,109);
INSERT INTO user_subscriptions (subscriber_id,user_id) VALUES (140,110);
INSERT INTO user_subscriptions (subscriber_id,user_id) VALUES (140,111);
INSERT INTO user_subscriptions (subscriber_id,user_id) VALUES (140,116);
INSERT INTO user_subscriptions (subscriber_id,user_id) VALUES (140,119);
INSERT INTO user_subscriptions (subscriber_id,user_id) VALUES (140,124);
INSERT INTO user_subscriptions (subscriber_id,user_id) VALUES (140,129);
INSERT INTO user_subscriptions (subscriber_id,user_id) VALUES (140,134);
INSERT INTO user_subscriptions (subscriber_id,user_id) VALUES (140,135);
INSERT INTO user_subscriptions (subscriber_id,user_id) VALUES (140,138);
INSERT INTO user_subscriptions (subscriber_id,user_id) VALUES (140,147);
INSERT INTO user_subscriptions (subscriber_id,user_id) VALUES (140,149);
INSERT INTO user_subscriptions (subscriber_id,user_id) VALUES (140,151);
INSERT INTO user_subscriptions (subscriber_id,user_id) VALUES (140,155);
INSERT INTO user_subscriptions (subscriber_id,user_id) VALUES (140,159);
INSERT INTO user_subscriptions (subscriber_id,user_id) VALUES (140,160);
INSERT INTO user_subscriptions (subscriber_id,user_id) VALUES (140,170);
INSERT INTO user_subscriptions (subscriber_id,user_id) VALUES (140,171);
INSERT INTO user_subscriptions (subscriber_id,user_id) VALUES (140,172);
INSERT INTO user_subscriptions (subscriber_id,user_id) VALUES (140,173);
INSERT INTO user_subscriptions (subscriber_id,user_id) VALUES (140,174);
INSERT INTO user_subscriptions (subscriber_id,user_id) VALUES (140,175);
INSERT INTO user_subscriptions (subscriber_id,user_id) VALUES (140,176);
INSERT INTO user_subscriptions (subscriber_id,user_id) VALUES (140,177);
INSERT INTO user_subscriptions (subscriber_id,user_id) VALUES (141,100);
INSERT INTO user_subscriptions (subscriber_id,user_id) VALUES (141,109);
INSERT INTO user_subscriptions (subscriber_id,user_id) VALUES (141,112);
INSERT INTO user_subscriptions (subscriber_id,user_id) VALUES (141,117);
INSERT INTO user_subscriptions (subscriber_id,user_id) VALUES (141,123);
INSERT INTO user_subscriptions (subscriber_id,user_id) VALUES (141,132);
INSERT INTO user_subscriptions (subscriber_id,user_id) VALUES (141,143);
INSERT INTO user_subscriptions (subscriber_id,user_id) VALUES (141,147);
INSERT INTO user_subscriptions (subscriber_id,user_id) VALUES (141,149);
INSERT INTO user_subscriptions (subscriber_id,user_id) VALUES (141,155);
INSERT INTO user_subscriptions (subscriber_id,user_id) VALUES (141,156);
INSERT INTO user_subscriptions (subscriber_id,user_id) VALUES (141,159);
INSERT INTO user_subscriptions (subscriber_id,user_id) VALUES (141,161);
INSERT INTO user_subscriptions (subscriber_id,user_id) VALUES (141,170);
INSERT INTO user_subscriptions (subscriber_id,user_id) VALUES (141,171);
INSERT INTO user_subscriptions (subscriber_id,user_id) VALUES (141,172);
INSERT INTO user_subscriptions (subscriber_id,user_id) VALUES (141,173);
INSERT INTO user_subscriptions (subscriber_id,user_id) VALUES (141,174);
INSERT INTO user_subscriptions (subscriber_id,user_id) VALUES (141,175);
INSERT INTO user_subscriptions (subscriber_id,user_id) VALUES (141,176);
INSERT INTO user_subscriptions (subscriber_id,user_id) VALUES (142,102);
INSERT INTO user_subscriptions (subscriber_id,user_id) VALUES (142,104);
INSERT INTO user_subscriptions (subscriber_id,user_id) VALUES (142,107);
INSERT INTO user_subscriptions (subscriber_id,user_id) VALUES (142,110);
INSERT INTO user_subscriptions (subscriber_id,user_id) VALUES (142,112);
INSERT INTO user_subscriptions (subscriber_id,user_id) VALUES (142,116);
INSERT INTO user_subscriptions (subscriber_id,user_id) VALUES (142,119);
INSERT INTO user_subscriptions (subscriber_id,user_id) VALUES (142,122);
INSERT INTO user_subscriptions (subscriber_id,user_id) VALUES (142,124);
INSERT INTO user_subscriptions (subscriber_id,user_id) VALUES (142,126);
INSERT INTO user_subscriptions (subscriber_id,user_id) VALUES (142,127);
INSERT INTO user_subscriptions (subscriber_id,user_id) VALUES (142,136);
INSERT INTO user_subscriptions (subscriber_id,user_id) VALUES (142,137);
INSERT INTO user_subscriptions (subscriber_id,user_id) VALUES (142,141);
INSERT INTO user_subscriptions (subscriber_id,user_id) VALUES (142,147);
INSERT INTO user_subscriptions (subscriber_id,user_id) VALUES (142,148);
INSERT INTO user_subscriptions (subscriber_id,user_id) VALUES (142,149);
INSERT INTO user_subscriptions (subscriber_id,user_id) VALUES (142,150);
INSERT INTO user_subscriptions (subscriber_id,user_id) VALUES (142,151);
INSERT INTO user_subscriptions (subscriber_id,user_id) VALUES (142,152);
INSERT INTO user_subscriptions (subscriber_id,user_id) VALUES (142,154);
INSERT INTO user_subscriptions (subscriber_id,user_id) VALUES (142,157);
INSERT INTO user_subscriptions (subscriber_id,user_id) VALUES (142,170);
INSERT INTO user_subscriptions (subscriber_id,user_id) VALUES (142,171);
INSERT INTO user_subscriptions (subscriber_id,user_id) VALUES (142,172);
INSERT INTO user_subscriptions (subscriber_id,user_id) VALUES (142,173);
INSERT INTO user_subscriptions (subscriber_id,user_id) VALUES (142,174);
INSERT INTO user_subscriptions (subscriber_id,user_id) VALUES (142,177);
INSERT INTO user_subscriptions (subscriber_id,user_id) VALUES (143,101);
INSERT INTO user_subscriptions (subscriber_id,user_id) VALUES (143,102);
INSERT INTO user_subscriptions (subscriber_id,user_id) VALUES (143,107);
INSERT INTO user_subscriptions (subscriber_id,user_id) VALUES (143,109);
INSERT INTO user_subscriptions (subscriber_id,user_id) VALUES (143,115);
INSERT INTO user_subscriptions (subscriber_id,user_id) VALUES (143,116);
INSERT INTO user_subscriptions (subscriber_id,user_id) VALUES (143,123);
INSERT INTO user_subscriptions (subscriber_id,user_id) VALUES (143,129);
INSERT INTO user_subscriptions (subscriber_id,user_id) VALUES (143,130);
INSERT INTO user_subscriptions (subscriber_id,user_id) VALUES (143,131);
INSERT INTO user_subscriptions (subscriber_id,user_id) VALUES (143,138);
INSERT INTO user_subscriptions (subscriber_id,user_id) VALUES (143,140);
INSERT INTO user_subscriptions (subscriber_id,user_id) VALUES (143,141);
INSERT INTO user_subscriptions (subscriber_id,user_id) VALUES (143,142);
INSERT INTO user_subscriptions (subscriber_id,user_id) VALUES (143,144);
INSERT INTO user_subscriptions (subscriber_id,user_id) VALUES (143,145);
INSERT INTO user_subscriptions (subscriber_id,user_id) VALUES (143,146);
INSERT INTO user_subscriptions (subscriber_id,user_id) VALUES (143,148);
INSERT INTO user_subscriptions (subscriber_id,user_id) VALUES (143,150);
INSERT INTO user_subscriptions (subscriber_id,user_id) VALUES (143,153);
INSERT INTO user_subscriptions (subscriber_id,user_id) VALUES (143,155);
INSERT INTO user_subscriptions (subscriber_id,user_id) VALUES (143,159);
INSERT INTO user_subscriptions (subscriber_id,user_id) VALUES (143,171);
INSERT INTO user_subscriptions (subscriber_id,user_id) VALUES (143,172);
INSERT INTO user_subscriptions (subscriber_id,user_id) VALUES (143,173);
INSERT INTO user_subscriptions (subscriber_id,user_id) VALUES (143,174);
INSERT INTO user_subscriptions (subscriber_id,user_id) VALUES (143,175);
INSERT INTO user_subscriptions (subscriber_id,user_id) VALUES (143,176);
INSERT INTO user_subscriptions (subscriber_id,user_id) VALUES (144,101);
INSERT INTO user_subscriptions (subscriber_id,user_id) VALUES (144,111);
INSERT INTO user_subscriptions (subscriber_id,user_id) VALUES (144,114);
INSERT INTO user_subscriptions (subscriber_id,user_id) VALUES (144,120);
INSERT INTO user_subscriptions (subscriber_id,user_id) VALUES (144,124);
INSERT INTO user_subscriptions (subscriber_id,user_id) VALUES (144,125);
INSERT INTO user_subscriptions (subscriber_id,user_id) VALUES (144,131);
INSERT INTO user_subscriptions (subscriber_id,user_id) VALUES (144,132);
INSERT INTO user_subscriptions (subscriber_id,user_id) VALUES (144,141);
INSERT INTO user_subscriptions (subscriber_id,user_id) VALUES (144,146);
INSERT INTO user_subscriptions (subscriber_id,user_id) VALUES (144,159);
INSERT INTO user_subscriptions (subscriber_id,user_id) VALUES (144,170);
INSERT INTO user_subscriptions (subscriber_id,user_id) VALUES (144,171);
INSERT INTO user_subscriptions (subscriber_id,user_id) VALUES (144,172);
INSERT INTO user_subscriptions (subscriber_id,user_id) VALUES (144,173);
INSERT INTO user_subscriptions (subscriber_id,user_id) VALUES (144,174);
INSERT INTO user_subscriptions (subscriber_id,user_id) VALUES (145,119);
INSERT INTO user_subscriptions (subscriber_id,user_id) VALUES (145,121);
INSERT INTO user_subscriptions (subscriber_id,user_id) VALUES (145,124);
INSERT INTO user_subscriptions (subscriber_id,user_id) VALUES (145,132);
INSERT INTO user_subscriptions (subscriber_id,user_id) VALUES (145,134);
INSERT INTO user_subscriptions (subscriber_id,user_id) VALUES (145,144);
INSERT INTO user_subscriptions (subscriber_id,user_id) VALUES (145,155);
INSERT INTO user_subscriptions (subscriber_id,user_id) VALUES (145,170);
INSERT INTO user_subscriptions (subscriber_id,user_id) VALUES (145,172);
INSERT INTO user_subscriptions (subscriber_id,user_id) VALUES (145,174);
INSERT INTO user_subscriptions (subscriber_id,user_id) VALUES (145,175);
INSERT INTO user_subscriptions (subscriber_id,user_id) VALUES (145,176);
INSERT INTO user_subscriptions (subscriber_id,user_id) VALUES (145,177);
INSERT INTO user_subscriptions (subscriber_id,user_id) VALUES (146,100);
INSERT INTO user_subscriptions (subscriber_id,user_id) VALUES (146,106);
INSERT INTO user_subscriptions (subscriber_id,user_id) VALUES (146,110);
INSERT INTO user_subscriptions (subscriber_id,user_id) VALUES (146,111);
INSERT INTO user_subscriptions (subscriber_id,user_id) VALUES (146,113);
INSERT INTO user_subscriptions (subscriber_id,user_id) VALUES (146,117);
INSERT INTO user_subscriptions (subscriber_id,user_id) VALUES (146,118);
INSERT INTO user_subscriptions (subscriber_id,user_id) VALUES (146,119);
INSERT INTO user_subscriptions (subscriber_id,user_id) VALUES (146,125);
INSERT INTO user_subscriptions (subscriber_id,user_id) VALUES (146,131);
INSERT INTO user_subscriptions (subscriber_id,user_id) VALUES (146,139);
INSERT INTO user_subscriptions (subscriber_id,user_id) VALUES (146,144);
INSERT INTO user_subscriptions (subscriber_id,user_id) VALUES (146,148);
INSERT INTO user_subscriptions (subscriber_id,user_id) VALUES (146,153);
INSERT INTO user_subscriptions (subscriber_id,user_id) VALUES (146,155);
INSERT INTO user_subscriptions (subscriber_id,user_id) VALUES (146,160);
INSERT INTO user_subscriptions (subscriber_id,user_id) VALUES (146,170);
INSERT INTO user_subscriptions (subscriber_id,user_id) VALUES (146,171);
INSERT INTO user_subscriptions (subscriber_id,user_id) VALUES (146,172);
INSERT INTO user_subscriptions (subscriber_id,user_id) VALUES (146,173);
INSERT INTO user_subscriptions (subscriber_id,user_id) VALUES (146,174);
INSERT INTO user_subscriptions (subscriber_id,user_id) VALUES (146,175);
INSERT INTO user_subscriptions (subscriber_id,user_id) VALUES (146,176);
INSERT INTO user_subscriptions (subscriber_id,user_id) VALUES (146,177);
INSERT INTO user_subscriptions (subscriber_id,user_id) VALUES (147,111);
INSERT INTO user_subscriptions (subscriber_id,user_id) VALUES (147,121);
INSERT INTO user_subscriptions (subscriber_id,user_id) VALUES (147,123);
INSERT INTO user_subscriptions (subscriber_id,user_id) VALUES (147,136);
INSERT INTO user_subscriptions (subscriber_id,user_id) VALUES (147,145);
INSERT INTO user_subscriptions (subscriber_id,user_id) VALUES (147,154);
INSERT INTO user_subscriptions (subscriber_id,user_id) VALUES (147,156);
INSERT INTO user_subscriptions (subscriber_id,user_id) VALUES (147,171);
INSERT INTO user_subscriptions (subscriber_id,user_id) VALUES (147,173);
INSERT INTO user_subscriptions (subscriber_id,user_id) VALUES (147,174);
INSERT INTO user_subscriptions (subscriber_id,user_id) VALUES (147,175);
INSERT INTO user_subscriptions (subscriber_id,user_id) VALUES (147,176);
INSERT INTO user_subscriptions (subscriber_id,user_id) VALUES (147,177);
INSERT INTO user_subscriptions (subscriber_id,user_id) VALUES (148,103);
INSERT INTO user_subscriptions (subscriber_id,user_id) VALUES (148,111);
INSERT INTO user_subscriptions (subscriber_id,user_id) VALUES (148,112);
INSERT INTO user_subscriptions (subscriber_id,user_id) VALUES (148,113);
INSERT INTO user_subscriptions (subscriber_id,user_id) VALUES (148,114);
INSERT INTO user_subscriptions (subscriber_id,user_id) VALUES (148,123);
INSERT INTO user_subscriptions (subscriber_id,user_id) VALUES (148,125);
INSERT INTO user_subscriptions (subscriber_id,user_id) VALUES (148,136);
INSERT INTO user_subscriptions (subscriber_id,user_id) VALUES (148,153);
INSERT INTO user_subscriptions (subscriber_id,user_id) VALUES (148,158);
INSERT INTO user_subscriptions (subscriber_id,user_id) VALUES (148,170);
INSERT INTO user_subscriptions (subscriber_id,user_id) VALUES (148,171);
INSERT INTO user_subscriptions (subscriber_id,user_id) VALUES (148,172);
INSERT INTO user_subscriptions (subscriber_id,user_id) VALUES (148,173);
INSERT INTO user_subscriptions (subscriber_id,user_id) VALUES (148,177);
INSERT INTO user_subscriptions (subscriber_id,user_id) VALUES (149,104);
INSERT INTO user_subscriptions (subscriber_id,user_id) VALUES (149,105);
INSERT INTO user_subscriptions (subscriber_id,user_id) VALUES (149,107);
INSERT INTO user_subscriptions (subscriber_id,user_id) VALUES (149,113);
INSERT INTO user_subscriptions (subscriber_id,user_id) VALUES (149,117);
INSERT INTO user_subscriptions (subscriber_id,user_id) VALUES (149,118);
INSERT INTO user_subscriptions (subscriber_id,user_id) VALUES (149,121);
INSERT INTO user_subscriptions (subscriber_id,user_id) VALUES (149,124);
INSERT INTO user_subscriptions (subscriber_id,user_id) VALUES (149,133);
INSERT INTO user_subscriptions (subscriber_id,user_id) VALUES (149,153);
INSERT INTO user_subscriptions (subscriber_id,user_id) VALUES (149,157);
INSERT INTO user_subscriptions (subscriber_id,user_id) VALUES (149,170);
INSERT INTO user_subscriptions (subscriber_id,user_id) VALUES (149,171);
INSERT INTO user_subscriptions (subscriber_id,user_id) VALUES (149,173);
INSERT INTO user_subscriptions (subscriber_id,user_id) VALUES (149,174);
INSERT INTO user_subscriptions (subscriber_id,user_id) VALUES (149,175);
INSERT INTO user_subscriptions (subscriber_id,user_id) VALUES (149,177);
INSERT INTO user_subscriptions (subscriber_id,user_id) VALUES (150,100);
INSERT INTO user_subscriptions (subscriber_id,user_id) VALUES (150,101);
INSERT INTO user_subscriptions (subscriber_id,user_id) VALUES (150,102);
INSERT INTO user_subscriptions (subscriber_id,user_id) VALUES (150,103);
INSERT INTO user_subscriptions (subscriber_id,user_id) VALUES (150,106);
INSERT INTO user_subscriptions (subscriber_id,user_id) VALUES (150,112);
INSERT INTO user_subscriptions (subscriber_id,user_id) VALUES (150,113);
INSERT INTO user_subscriptions (subscriber_id,user_id) VALUES (150,117);
INSERT INTO user_subscriptions (subscriber_id,user_id) VALUES (150,130);
INSERT INTO user_subscriptions (subscriber_id,user_id) VALUES (150,133);
INSERT INTO user_subscriptions (subscriber_id,user_id) VALUES (150,137);
INSERT INTO user_subscriptions (subscriber_id,user_id) VALUES (150,142);
INSERT INTO user_subscriptions (subscriber_id,user_id) VALUES (150,148);
INSERT INTO user_subscriptions (subscriber_id,user_id) VALUES (150,151);
INSERT INTO user_subscriptions (subscriber_id,user_id) VALUES (150,157);
INSERT INTO user_subscriptions (subscriber_id,user_id) VALUES (150,170);
INSERT INTO user_subscriptions (subscriber_id,user_id) VALUES (150,171);
INSERT INTO user_subscriptions (subscriber_id,user_id) VALUES (150,172);
INSERT INTO user_subscriptions (subscriber_id,user_id) VALUES (150,173);
INSERT INTO user_subscriptions (subscriber_id,user_id) VALUES (150,175);
INSERT INTO user_subscriptions (subscriber_id,user_id) VALUES (150,177);
INSERT INTO user_subscriptions (subscriber_id,user_id) VALUES (151,127);
INSERT INTO user_subscriptions (subscriber_id,user_id) VALUES (151,134);
INSERT INTO user_subscriptions (subscriber_id,user_id) VALUES (151,138);
INSERT INTO user_subscriptions (subscriber_id,user_id) VALUES (151,143);
INSERT INTO user_subscriptions (subscriber_id,user_id) VALUES (151,148);
INSERT INTO user_subscriptions (subscriber_id,user_id) VALUES (151,161);
INSERT INTO user_subscriptions (subscriber_id,user_id) VALUES (151,170);
INSERT INTO user_subscriptions (subscriber_id,user_id) VALUES (151,171);
INSERT INTO user_subscriptions (subscriber_id,user_id) VALUES (151,172);
INSERT INTO user_subscriptions (subscriber_id,user_id) VALUES (151,173);
INSERT INTO user_subscriptions (subscriber_id,user_id) VALUES (151,174);
INSERT INTO user_subscriptions (subscriber_id,user_id) VALUES (151,175);
INSERT INTO user_subscriptions (subscriber_id,user_id) VALUES (152,100);
INSERT INTO user_subscriptions (subscriber_id,user_id) VALUES (152,103);
INSERT INTO user_subscriptions (subscriber_id,user_id) VALUES (152,106);
INSERT INTO user_subscriptions (subscriber_id,user_id) VALUES (152,121);
INSERT INTO user_subscriptions (subscriber_id,user_id) VALUES (152,122);
INSERT INTO user_subscriptions (subscriber_id,user_id) VALUES (152,124);
INSERT INTO user_subscriptions (subscriber_id,user_id) VALUES (152,125);
INSERT INTO user_subscriptions (subscriber_id,user_id) VALUES (152,129);
INSERT INTO user_subscriptions (subscriber_id,user_id) VALUES (152,130);
INSERT INTO user_subscriptions (subscriber_id,user_id) VALUES (152,139);
INSERT INTO user_subscriptions (subscriber_id,user_id) VALUES (152,140);
INSERT INTO user_subscriptions (subscriber_id,user_id) VALUES (152,143);
INSERT INTO user_subscriptions (subscriber_id,user_id) VALUES (152,144);
INSERT INTO user_subscriptions (subscriber_id,user_id) VALUES (152,146);
INSERT INTO user_subscriptions (subscriber_id,user_id) VALUES (152,147);
INSERT INTO user_subscriptions (subscriber_id,user_id) VALUES (152,151);
INSERT INTO user_subscriptions (subscriber_id,user_id) VALUES (152,156);
INSERT INTO user_subscriptions (subscriber_id,user_id) VALUES (152,170);
INSERT INTO user_subscriptions (subscriber_id,user_id) VALUES (152,171);
INSERT INTO user_subscriptions (subscriber_id,user_id) VALUES (152,172);
INSERT INTO user_subscriptions (subscriber_id,user_id) VALUES (152,173);
INSERT INTO user_subscriptions (subscriber_id,user_id) VALUES (152,175);
INSERT INTO user_subscriptions (subscriber_id,user_id) VALUES (152,176);
INSERT INTO user_subscriptions (subscriber_id,user_id) VALUES (153,103);
INSERT INTO user_subscriptions (subscriber_id,user_id) VALUES (153,115);
INSERT INTO user_subscriptions (subscriber_id,user_id) VALUES (153,130);
INSERT INTO user_subscriptions (subscriber_id,user_id) VALUES (153,131);
INSERT INTO user_subscriptions (subscriber_id,user_id) VALUES (153,132);
INSERT INTO user_subscriptions (subscriber_id,user_id) VALUES (153,135);
INSERT INTO user_subscriptions (subscriber_id,user_id) VALUES (153,139);
INSERT INTO user_subscriptions (subscriber_id,user_id) VALUES (153,142);
INSERT INTO user_subscriptions (subscriber_id,user_id) VALUES (153,143);
INSERT INTO user_subscriptions (subscriber_id,user_id) VALUES (153,147);
INSERT INTO user_subscriptions (subscriber_id,user_id) VALUES (153,156);
INSERT INTO user_subscriptions (subscriber_id,user_id) VALUES (153,158);
INSERT INTO user_subscriptions (subscriber_id,user_id) VALUES (153,170);
INSERT INTO user_subscriptions (subscriber_id,user_id) VALUES (153,173);
INSERT INTO user_subscriptions (subscriber_id,user_id) VALUES (153,176);
INSERT INTO user_subscriptions (subscriber_id,user_id) VALUES (153,177);
INSERT INTO user_subscriptions (subscriber_id,user_id) VALUES (154,100);
INSERT INTO user_subscriptions (subscriber_id,user_id) VALUES (154,102);
INSERT INTO user_subscriptions (subscriber_id,user_id) VALUES (154,105);
INSERT INTO user_subscriptions (subscriber_id,user_id) VALUES (154,114);
INSERT INTO user_subscriptions (subscriber_id,user_id) VALUES (154,120);
INSERT INTO user_subscriptions (subscriber_id,user_id) VALUES (154,122);
INSERT INTO user_subscriptions (subscriber_id,user_id) VALUES (154,124);
INSERT INTO user_subscriptions (subscriber_id,user_id) VALUES (154,125);
INSERT INTO user_subscriptions (subscriber_id,user_id) VALUES (154,128);
INSERT INTO user_subscriptions (subscriber_id,user_id) VALUES (154,131);
INSERT INTO user_subscriptions (subscriber_id,user_id) VALUES (154,138);
INSERT INTO user_subscriptions (subscriber_id,user_id) VALUES (154,139);
INSERT INTO user_subscriptions (subscriber_id,user_id) VALUES (154,141);
INSERT INTO user_subscriptions (subscriber_id,user_id) VALUES (154,143);
INSERT INTO user_subscriptions (subscriber_id,user_id) VALUES (154,146);
INSERT INTO user_subscriptions (subscriber_id,user_id) VALUES (154,147);
INSERT INTO user_subscriptions (subscriber_id,user_id) VALUES (154,150);
INSERT INTO user_subscriptions (subscriber_id,user_id) VALUES (154,151);
INSERT INTO user_subscriptions (subscriber_id,user_id) VALUES (154,161);
INSERT INTO user_subscriptions (subscriber_id,user_id) VALUES (154,170);
INSERT INTO user_subscriptions (subscriber_id,user_id) VALUES (154,171);
INSERT INTO user_subscriptions (subscriber_id,user_id) VALUES (154,172);
INSERT INTO user_subscriptions (subscriber_id,user_id) VALUES (154,173);
INSERT INTO user_subscriptions (subscriber_id,user_id) VALUES (154,175);
INSERT INTO user_subscriptions (subscriber_id,user_id) VALUES (154,177);
INSERT INTO user_subscriptions (subscriber_id,user_id) VALUES (155,102);
INSERT INTO user_subscriptions (subscriber_id,user_id) VALUES (155,105);
INSERT INTO user_subscriptions (subscriber_id,user_id) VALUES (155,108);
INSERT INTO user_subscriptions (subscriber_id,user_id) VALUES (155,112);
INSERT INTO user_subscriptions (subscriber_id,user_id) VALUES (155,118);
INSERT INTO user_subscriptions (subscriber_id,user_id) VALUES (155,119);
INSERT INTO user_subscriptions (subscriber_id,user_id) VALUES (155,124);
INSERT INTO user_subscriptions (subscriber_id,user_id) VALUES (155,131);
INSERT INTO user_subscriptions (subscriber_id,user_id) VALUES (155,132);
INSERT INTO user_subscriptions (subscriber_id,user_id) VALUES (155,133);
INSERT INTO user_subscriptions (subscriber_id,user_id) VALUES (155,136);
INSERT INTO user_subscriptions (subscriber_id,user_id) VALUES (155,137);
INSERT INTO user_subscriptions (subscriber_id,user_id) VALUES (155,143);
INSERT INTO user_subscriptions (subscriber_id,user_id) VALUES (155,145);
INSERT INTO user_subscriptions (subscriber_id,user_id) VALUES (155,149);
INSERT INTO user_subscriptions (subscriber_id,user_id) VALUES (155,150);
INSERT INTO user_subscriptions (subscriber_id,user_id) VALUES (155,154);
INSERT INTO user_subscriptions (subscriber_id,user_id) VALUES (155,156);
INSERT INTO user_subscriptions (subscriber_id,user_id) VALUES (155,157);
INSERT INTO user_subscriptions (subscriber_id,user_id) VALUES (155,159);
INSERT INTO user_subscriptions (subscriber_id,user_id) VALUES (155,161);
INSERT INTO user_subscriptions (subscriber_id,user_id) VALUES (155,171);
INSERT INTO user_subscriptions (subscriber_id,user_id) VALUES (155,172);
INSERT INTO user_subscriptions (subscriber_id,user_id) VALUES (155,173);
INSERT INTO user_subscriptions (subscriber_id,user_id) VALUES (155,177);
INSERT INTO user_subscriptions (subscriber_id,user_id) VALUES (156,101);
INSERT INTO user_subscriptions (subscriber_id,user_id) VALUES (156,105);
INSERT INTO user_subscriptions (subscriber_id,user_id) VALUES (156,106);
INSERT INTO user_subscriptions (subscriber_id,user_id) VALUES (156,110);
INSERT INTO user_subscriptions (subscriber_id,user_id) VALUES (156,113);
INSERT INTO user_subscriptions (subscriber_id,user_id) VALUES (156,114);
INSERT INTO user_subscriptions (subscriber_id,user_id) VALUES (156,115);
INSERT INTO user_subscriptions (subscriber_id,user_id) VALUES (156,116);
INSERT INTO user_subscriptions (subscriber_id,user_id) VALUES (156,117);
INSERT INTO user_subscriptions (subscriber_id,user_id) VALUES (156,120);
INSERT INTO user_subscriptions (subscriber_id,user_id) VALUES (156,121);
INSERT INTO user_subscriptions (subscriber_id,user_id) VALUES (156,124);
INSERT INTO user_subscriptions (subscriber_id,user_id) VALUES (156,127);
INSERT INTO user_subscriptions (subscriber_id,user_id) VALUES (156,130);
INSERT INTO user_subscriptions (subscriber_id,user_id) VALUES (156,142);
INSERT INTO user_subscriptions (subscriber_id,user_id) VALUES (156,144);
INSERT INTO user_subscriptions (subscriber_id,user_id) VALUES (156,145);
INSERT INTO user_subscriptions (subscriber_id,user_id) VALUES (156,146);
INSERT INTO user_subscriptions (subscriber_id,user_id) VALUES (156,148);
INSERT INTO user_subscriptions (subscriber_id,user_id) VALUES (156,158);
INSERT INTO user_subscriptions (subscriber_id,user_id) VALUES (156,159);
INSERT INTO user_subscriptions (subscriber_id,user_id) VALUES (156,160);
INSERT INTO user_subscriptions (subscriber_id,user_id) VALUES (156,161);
INSERT INTO user_subscriptions (subscriber_id,user_id) VALUES (156,170);
INSERT INTO user_subscriptions (subscriber_id,user_id) VALUES (156,172);
INSERT INTO user_subscriptions (subscriber_id,user_id) VALUES (156,173);
INSERT INTO user_subscriptions (subscriber_id,user_id) VALUES (156,174);
INSERT INTO user_subscriptions (subscriber_id,user_id) VALUES (156,176);
INSERT INTO user_subscriptions (subscriber_id,user_id) VALUES (156,177);
INSERT INTO user_subscriptions (subscriber_id,user_id) VALUES (157,104);
INSERT INTO user_subscriptions (subscriber_id,user_id) VALUES (157,111);
INSERT INTO user_subscriptions (subscriber_id,user_id) VALUES (157,115);
INSERT INTO user_subscriptions (subscriber_id,user_id) VALUES (157,117);
INSERT INTO user_subscriptions (subscriber_id,user_id) VALUES (157,121);
INSERT INTO user_subscriptions (subscriber_id,user_id) VALUES (157,124);
INSERT INTO user_subscriptions (subscriber_id,user_id) VALUES (157,128);
INSERT INTO user_subscriptions (subscriber_id,user_id) VALUES (157,135);
INSERT INTO user_subscriptions (subscriber_id,user_id) VALUES (157,136);
INSERT INTO user_subscriptions (subscriber_id,user_id) VALUES (157,138);
INSERT INTO user_subscriptions (subscriber_id,user_id) VALUES (157,141);
INSERT INTO user_subscriptions (subscriber_id,user_id) VALUES (157,142);
INSERT INTO user_subscriptions (subscriber_id,user_id) VALUES (157,145);
INSERT INTO user_subscriptions (subscriber_id,user_id) VALUES (157,146);
INSERT INTO user_subscriptions (subscriber_id,user_id) VALUES (157,147);
INSERT INTO user_subscriptions (subscriber_id,user_id) VALUES (157,148);
INSERT INTO user_subscriptions (subscriber_id,user_id) VALUES (157,149);
INSERT INTO user_subscriptions (subscriber_id,user_id) VALUES (157,152);
INSERT INTO user_subscriptions (subscriber_id,user_id) VALUES (157,154);
INSERT INTO user_subscriptions (subscriber_id,user_id) VALUES (157,156);
INSERT INTO user_subscriptions (subscriber_id,user_id) VALUES (157,160);
INSERT INTO user_subscriptions (subscriber_id,user_id) VALUES (157,170);
INSERT INTO user_subscriptions (subscriber_id,user_id) VALUES (157,171);
INSERT INTO user_subscriptions (subscriber_id,user_id) VALUES (157,172);
INSERT INTO user_subscriptions (subscriber_id,user_id) VALUES (157,175);
INSERT INTO user_subscriptions (subscriber_id,user_id) VALUES (157,176);
INSERT INTO user_subscriptions (subscriber_id,user_id) VALUES (158,105);
INSERT INTO user_subscriptions (subscriber_id,user_id) VALUES (158,107);
INSERT INTO user_subscriptions (subscriber_id,user_id) VALUES (158,108);
INSERT INTO user_subscriptions (subscriber_id,user_id) VALUES (158,111);
INSERT INTO user_subscriptions (subscriber_id,user_id) VALUES (158,112);
INSERT INTO user_subscriptions (subscriber_id,user_id) VALUES (158,114);
INSERT INTO user_subscriptions (subscriber_id,user_id) VALUES (158,120);
INSERT INTO user_subscriptions (subscriber_id,user_id) VALUES (158,121);
INSERT INTO user_subscriptions (subscriber_id,user_id) VALUES (158,123);
INSERT INTO user_subscriptions (subscriber_id,user_id) VALUES (158,124);
INSERT INTO user_subscriptions (subscriber_id,user_id) VALUES (158,128);
INSERT INTO user_subscriptions (subscriber_id,user_id) VALUES (158,129);
INSERT INTO user_subscriptions (subscriber_id,user_id) VALUES (158,133);
INSERT INTO user_subscriptions (subscriber_id,user_id) VALUES (158,136);
INSERT INTO user_subscriptions (subscriber_id,user_id) VALUES (158,137);
INSERT INTO user_subscriptions (subscriber_id,user_id) VALUES (158,147);
INSERT INTO user_subscriptions (subscriber_id,user_id) VALUES (158,154);
INSERT INTO user_subscriptions (subscriber_id,user_id) VALUES (158,156);
INSERT INTO user_subscriptions (subscriber_id,user_id) VALUES (158,160);
INSERT INTO user_subscriptions (subscriber_id,user_id) VALUES (158,171);
INSERT INTO user_subscriptions (subscriber_id,user_id) VALUES (158,173);
INSERT INTO user_subscriptions (subscriber_id,user_id) VALUES (158,174);
INSERT INTO user_subscriptions (subscriber_id,user_id) VALUES (158,176);
INSERT INTO user_subscriptions (subscriber_id,user_id) VALUES (158,177);
INSERT INTO user_subscriptions (subscriber_id,user_id) VALUES (159,107);
INSERT INTO user_subscriptions (subscriber_id,user_id) VALUES (159,123);
INSERT INTO user_subscriptions (subscriber_id,user_id) VALUES (159,124);
INSERT INTO user_subscriptions (subscriber_id,user_id) VALUES (159,139);
INSERT INTO user_subscriptions (subscriber_id,user_id) VALUES (159,140);
INSERT INTO user_subscriptions (subscriber_id,user_id) VALUES (159,149);
INSERT INTO user_subscriptions (subscriber_id,user_id) VALUES (159,154);
INSERT INTO user_subscriptions (subscriber_id,user_id) VALUES (159,170);
INSERT INTO user_subscriptions (subscriber_id,user_id) VALUES (159,171);
INSERT INTO user_subscriptions (subscriber_id,user_id) VALUES (159,174);
INSERT INTO user_subscriptions (subscriber_id,user_id) VALUES (159,175);
INSERT INTO user_subscriptions (subscriber_id,user_id) VALUES (159,177);
INSERT INTO user_subscriptions (subscriber_id,user_id) VALUES (160,101);
INSERT INTO user_subscriptions (subscriber_id,user_id) VALUES (160,109);
INSERT INTO user_subscriptions (subscriber_id,user_id) VALUES (160,113);
INSERT INTO user_subscriptions (subscriber_id,user_id) VALUES (160,114);
INSERT INTO user_subscriptions (subscriber_id,user_id) VALUES (160,118);
INSERT INTO user_subscriptions (subscriber_id,user_id) VALUES (160,120);
INSERT INTO user_subscriptions (subscriber_id,user_id) VALUES (160,128);
INSERT INTO user_subscriptions (subscriber_id,user_id) VALUES (160,150);
INSERT INTO user_subscriptions (subscriber_id,user_id) VALUES (160,152);
INSERT INTO user_subscriptions (subscriber_id,user_id) VALUES (160,153);
INSERT INTO user_subscriptions (subscriber_id,user_id) VALUES (160,158);
INSERT INTO user_subscriptions (subscriber_id,user_id) VALUES (160,171);
INSERT INTO user_subscriptions (subscriber_id,user_id) VALUES (160,174);
INSERT INTO user_subscriptions (subscriber_id,user_id) VALUES (160,175);
INSERT INTO user_subscriptions (subscriber_id,user_id) VALUES (160,176);
INSERT INTO user_subscriptions (subscriber_id,user_id) VALUES (161,103);
INSERT INTO user_subscriptions (subscriber_id,user_id) VALUES (161,104);
INSERT INTO user_subscriptions (subscriber_id,user_id) VALUES (161,107);
INSERT INTO user_subscriptions (subscriber_id,user_id) VALUES (161,113);
INSERT INTO user_subscriptions (subscriber_id,user_id) VALUES (161,117);
INSERT INTO user_subscriptions (subscriber_id,user_id) VALUES (161,118);
INSERT INTO user_subscriptions (subscriber_id,user_id) VALUES (161,119);
INSERT INTO user_subscriptions (subscriber_id,user_id) VALUES (161,121);
INSERT INTO user_subscriptions (subscriber_id,user_id) VALUES (161,124);
INSERT INTO user_subscriptions (subscriber_id,user_id) VALUES (161,130);
INSERT INTO user_subscriptions (subscriber_id,user_id) VALUES (161,131);
INSERT INTO user_subscriptions (subscriber_id,user_id) VALUES (161,132);
INSERT INTO user_subscriptions (subscriber_id,user_id) VALUES (161,136);
INSERT INTO user_subscriptions (subscriber_id,user_id) VALUES (161,140);
INSERT INTO user_subscriptions (subscriber_id,user_id) VALUES (161,144);
INSERT INTO user_subscriptions (subscriber_id,user_id) VALUES (161,145);
INSERT INTO user_subscriptions (subscriber_id,user_id) VALUES (161,154);
INSERT INTO user_subscriptions (subscriber_id,user_id) VALUES (161,156);
INSERT INTO user_subscriptions (subscriber_id,user_id) VALUES (161,158);
INSERT INTO user_subscriptions (subscriber_id,user_id) VALUES (161,170);
INSERT INTO user_subscriptions (subscriber_id,user_id) VALUES (161,171);
INSERT INTO user_subscriptions (subscriber_id,user_id) VALUES (161,172);
INSERT INTO user_subscriptions (subscriber_id,user_id) VALUES (161,173);
INSERT INTO user_subscriptions (subscriber_id,user_id) VALUES (161,174);
INSERT INTO user_subscriptions (subscriber_id,user_id) VALUES (161,175);
INSERT INTO user_subscriptions (subscriber_id,user_id) VALUES (161,176);
INSERT INTO user_subscriptions (subscriber_id,user_id) VALUES (161,177);
INSERT INTO user_subscriptions (subscriber_id,user_id) VALUES (170,106);
INSERT INTO user_subscriptions (subscriber_id,user_id) VALUES (170,110);
INSERT INTO user_subscriptions (subscriber_id,user_id) VALUES (170,119);
INSERT INTO user_subscriptions (subscriber_id,user_id) VALUES (170,122);
INSERT INTO user_subscriptions (subscriber_id,user_id) VALUES (170,126);
INSERT INTO user_subscriptions (subscriber_id,user_id) VALUES (170,128);
INSERT INTO user_subscriptions (subscriber_id,user_id) VALUES (170,142);
INSERT INTO user_subscriptions (subscriber_id,user_id) VALUES (170,150);
INSERT INTO user_subscriptions (subscriber_id,user_id) VALUES (170,152);
INSERT INTO user_subscriptions (subscriber_id,user_id) VALUES (170,154);
INSERT INTO user_subscriptions (subscriber_id,user_id) VALUES (170,158);
INSERT INTO user_subscriptions (subscriber_id,user_id) VALUES (170,170);
INSERT INTO user_subscriptions (subscriber_id,user_id) VALUES (170,171);
INSERT INTO user_subscriptions (subscriber_id,user_id) VALUES (170,175);
INSERT INTO user_subscriptions (subscriber_id,user_id) VALUES (170,177);
INSERT INTO user_subscriptions (subscriber_id,user_id) VALUES (171,104);
INSERT INTO user_subscriptions (subscriber_id,user_id) VALUES (171,125);
INSERT INTO user_subscriptions (subscriber_id,user_id) VALUES (171,143);
INSERT INTO user_subscriptions (subscriber_id,user_id) VALUES (171,144);
INSERT INTO user_subscriptions (subscriber_id,user_id) VALUES (171,150);
INSERT INTO user_subscriptions (subscriber_id,user_id) VALUES (171,154);
INSERT INTO user_subscriptions (subscriber_id,user_id) VALUES (171,160);
INSERT INTO user_subscriptions (subscriber_id,user_id) VALUES (171,170);
INSERT INTO user_subscriptions (subscriber_id,user_id) VALUES (171,171);
INSERT INTO user_subscriptions (subscriber_id,user_id) VALUES (171,172);
INSERT INTO user_subscriptions (subscriber_id,user_id) VALUES (171,173);
INSERT INTO user_subscriptions (subscriber_id,user_id) VALUES (171,176);
INSERT INTO user_subscriptions (subscriber_id,user_id) VALUES (171,177);
INSERT INTO user_subscriptions (subscriber_id,user_id) VALUES (172,103);
INSERT INTO user_subscriptions (subscriber_id,user_id) VALUES (172,108);
INSERT INTO user_subscriptions (subscriber_id,user_id) VALUES (172,110);
INSERT INTO user_subscriptions (subscriber_id,user_id) VALUES (172,112);
INSERT INTO user_subscriptions (subscriber_id,user_id) VALUES (172,116);
INSERT INTO user_subscriptions (subscriber_id,user_id) VALUES (172,119);
INSERT INTO user_subscriptions (subscriber_id,user_id) VALUES (172,120);
INSERT INTO user_subscriptions (subscriber_id,user_id) VALUES (172,124);
INSERT INTO user_subscriptions (subscriber_id,user_id) VALUES (172,128);
INSERT INTO user_subscriptions (subscriber_id,user_id) VALUES (172,129);
INSERT INTO user_subscriptions (subscriber_id,user_id) VALUES (172,130);
INSERT INTO user_subscriptions (subscriber_id,user_id) VALUES (172,136);
INSERT INTO user_subscriptions (subscriber_id,user_id) VALUES (172,137);
INSERT INTO user_subscriptions (subscriber_id,user_id) VALUES (172,141);
INSERT INTO user_subscriptions (subscriber_id,user_id) VALUES (172,144);
INSERT INTO user_subscriptions (subscriber_id,user_id) VALUES (172,145);
INSERT INTO user_subscriptions (subscriber_id,user_id) VALUES (172,148);
INSERT INTO user_subscriptions (subscriber_id,user_id) VALUES (172,150);
INSERT INTO user_subscriptions (subscriber_id,user_id) VALUES (172,151);
INSERT INTO user_subscriptions (subscriber_id,user_id) VALUES (172,154);
INSERT INTO user_subscriptions (subscriber_id,user_id) VALUES (172,155);
INSERT INTO user_subscriptions (subscriber_id,user_id) VALUES (172,171);
INSERT INTO user_subscriptions (subscriber_id,user_id) VALUES (172,174);
INSERT INTO user_subscriptions (subscriber_id,user_id) VALUES (172,175);
INSERT INTO user_subscriptions (subscriber_id,user_id) VALUES (172,176);
INSERT INTO user_subscriptions (subscriber_id,user_id) VALUES (172,177);
INSERT INTO user_subscriptions (subscriber_id,user_id) VALUES (173,101);
INSERT INTO user_subscriptions (subscriber_id,user_id) VALUES (173,106);
INSERT INTO user_subscriptions (subscriber_id,user_id) VALUES (173,109);
INSERT INTO user_subscriptions (subscriber_id,user_id) VALUES (173,118);
INSERT INTO user_subscriptions (subscriber_id,user_id) VALUES (173,124);
INSERT INTO user_subscriptions (subscriber_id,user_id) VALUES (173,125);
INSERT INTO user_subscriptions (subscriber_id,user_id) VALUES (173,126);
INSERT INTO user_subscriptions (subscriber_id,user_id) VALUES (173,127);
INSERT INTO user_subscriptions (subscriber_id,user_id) VALUES (173,136);
INSERT INTO user_subscriptions (subscriber_id,user_id) VALUES (173,143);
INSERT INTO user_subscriptions (subscriber_id,user_id) VALUES (173,146);
INSERT INTO user_subscriptions (subscriber_id,user_id) VALUES (173,150);
INSERT INTO user_subscriptions (subscriber_id,user_id) VALUES (173,154);
INSERT INTO user_subscriptions (subscriber_id,user_id) VALUES (173,158);
INSERT INTO user_subscriptions (subscriber_id,user_id) VALUES (173,161);
INSERT INTO user_subscriptions (subscriber_id,user_id) VALUES (173,170);
INSERT INTO user_subscriptions (subscriber_id,user_id) VALUES (173,171);
INSERT INTO user_subscriptions (subscriber_id,user_id) VALUES (173,174);
INSERT INTO user_subscriptions (subscriber_id,user_id) VALUES (173,175);
INSERT INTO user_subscriptions (subscriber_id,user_id) VALUES (173,176);
INSERT INTO user_subscriptions (subscriber_id,user_id) VALUES (174,106);
INSERT INTO user_subscriptions (subscriber_id,user_id) VALUES (174,107);
INSERT INTO user_subscriptions (subscriber_id,user_id) VALUES (174,109);
INSERT INTO user_subscriptions (subscriber_id,user_id) VALUES (174,112);
INSERT INTO user_subscriptions (subscriber_id,user_id) VALUES (174,121);
INSERT INTO user_subscriptions (subscriber_id,user_id) VALUES (174,122);
INSERT INTO user_subscriptions (subscriber_id,user_id) VALUES (174,127);
INSERT INTO user_subscriptions (subscriber_id,user_id) VALUES (174,132);
INSERT INTO user_subscriptions (subscriber_id,user_id) VALUES (174,137);
INSERT INTO user_subscriptions (subscriber_id,user_id) VALUES (174,141);
INSERT INTO user_subscriptions (subscriber_id,user_id) VALUES (174,145);
INSERT INTO user_subscriptions (subscriber_id,user_id) VALUES (174,160);
INSERT INTO user_subscriptions (subscriber_id,user_id) VALUES (174,170);
INSERT INTO user_subscriptions (subscriber_id,user_id) VALUES (174,172);
INSERT INTO user_subscriptions (subscriber_id,user_id) VALUES (174,174);
INSERT INTO user_subscriptions (subscriber_id,user_id) VALUES (174,177);
INSERT INTO user_subscriptions (subscriber_id,user_id) VALUES (175,104);
INSERT INTO user_subscriptions (subscriber_id,user_id) VALUES (175,105);
INSERT INTO user_subscriptions (subscriber_id,user_id) VALUES (175,111);
INSERT INTO user_subscriptions (subscriber_id,user_id) VALUES (175,115);
INSERT INTO user_subscriptions (subscriber_id,user_id) VALUES (175,119);
INSERT INTO user_subscriptions (subscriber_id,user_id) VALUES (175,124);
INSERT INTO user_subscriptions (subscriber_id,user_id) VALUES (175,130);
INSERT INTO user_subscriptions (subscriber_id,user_id) VALUES (175,131);
INSERT INTO user_subscriptions (subscriber_id,user_id) VALUES (175,138);
INSERT INTO user_subscriptions (subscriber_id,user_id) VALUES (175,141);
INSERT INTO user_subscriptions (subscriber_id,user_id) VALUES (175,142);
INSERT INTO user_subscriptions (subscriber_id,user_id) VALUES (175,144);
INSERT INTO user_subscriptions (subscriber_id,user_id) VALUES (175,147);
INSERT INTO user_subscriptions (subscriber_id,user_id) VALUES (175,149);
INSERT INTO user_subscriptions (subscriber_id,user_id) VALUES (175,150);
INSERT INTO user_subscriptions (subscriber_id,user_id) VALUES (175,152);
INSERT INTO user_subscriptions (subscriber_id,user_id) VALUES (175,155);
INSERT INTO user_subscriptions (subscriber_id,user_id) VALUES (175,161);
INSERT INTO user_subscriptions (subscriber_id,user_id) VALUES (175,170);
INSERT INTO user_subscriptions (subscriber_id,user_id) VALUES (175,171);
INSERT INTO user_subscriptions (subscriber_id,user_id) VALUES (175,172);
INSERT INTO user_subscriptions (subscriber_id,user_id) VALUES (175,173);
INSERT INTO user_subscriptions (subscriber_id,user_id) VALUES (175,176);
INSERT INTO user_subscriptions (subscriber_id,user_id) VALUES (175,177);
INSERT INTO user_subscriptions (subscriber_id,user_id) VALUES (176,101);
INSERT INTO user_subscriptions (subscriber_id,user_id) VALUES (176,105);
INSERT INTO user_subscriptions (subscriber_id,user_id) VALUES (176,107);
INSERT INTO user_subscriptions (subscriber_id,user_id) VALUES (176,114);
INSERT INTO user_subscriptions (subscriber_id,user_id) VALUES (176,115);
INSERT INTO user_subscriptions (subscriber_id,user_id) VALUES (176,117);
INSERT INTO user_subscriptions (subscriber_id,user_id) VALUES (176,130);
INSERT INTO user_subscriptions (subscriber_id,user_id) VALUES (176,131);
INSERT INTO user_subscriptions (subscriber_id,user_id) VALUES (176,132);
INSERT INTO user_subscriptions (subscriber_id,user_id) VALUES (176,135);
INSERT INTO user_subscriptions (subscriber_id,user_id) VALUES (176,136);
INSERT INTO user_subscriptions (subscriber_id,user_id) VALUES (176,137);
INSERT INTO user_subscriptions (subscriber_id,user_id) VALUES (176,141);
INSERT INTO user_subscriptions (subscriber_id,user_id) VALUES (176,142);
INSERT INTO user_subscriptions (subscriber_id,user_id) VALUES (176,144);
INSERT INTO user_subscriptions (subscriber_id,user_id) VALUES (176,147);
INSERT INTO user_subscriptions (subscriber_id,user_id) VALUES (176,148);
INSERT INTO user_subscriptions (subscriber_id,user_id) VALUES (176,152);
INSERT INTO user_subscriptions (subscriber_id,user_id) VALUES (176,156);
INSERT INTO user_subscriptions (subscriber_id,user_id) VALUES (176,170);
INSERT INTO user_subscriptions (subscriber_id,user_id) VALUES (176,171);
INSERT INTO user_subscriptions (subscriber_id,user_id) VALUES (176,172);
INSERT INTO user_subscriptions (subscriber_id,user_id) VALUES (176,173);
INSERT INTO user_subscriptions (subscriber_id,user_id) VALUES (176,174);
INSERT INTO user_subscriptions (subscriber_id,user_id) VALUES (176,176);
INSERT INTO user_subscriptions (subscriber_id,user_id) VALUES (176,177);
INSERT INTO user_subscriptions (subscriber_id,user_id) VALUES (177,104);
INSERT INTO user_subscriptions (subscriber_id,user_id) VALUES (177,106);
INSERT INTO user_subscriptions (subscriber_id,user_id) VALUES (177,116);
INSERT INTO user_subscriptions (subscriber_id,user_id) VALUES (177,120);
INSERT INTO user_subscriptions (subscriber_id,user_id) VALUES (177,123);
INSERT INTO user_subscriptions (subscriber_id,user_id) VALUES (177,138);
INSERT INTO user_subscriptions (subscriber_id,user_id) VALUES (177,145);
INSERT INTO user_subscriptions (subscriber_id,user_id) VALUES (177,149);
INSERT INTO user_subscriptions (subscriber_id,user_id) VALUES (177,155);
INSERT INTO user_subscriptions (subscriber_id,user_id) VALUES (177,158);
INSERT INTO user_subscriptions (subscriber_id,user_id) VALUES (177,161);
INSERT INTO user_subscriptions (subscriber_id,user_id) VALUES (177,172);
INSERT INTO user_subscriptions (subscriber_id,user_id) VALUES (177,175);
INSERT INTO user_subscriptions (subscriber_id,user_id) VALUES (177,177);
-- lists
INSERT INTO lists (id,alt_wallpaper,description,private,name,user_id,wallpaper_id) VALUES (100,null,'Tai lieu Java/Spring',false,'Java & Spring 2024',170,null);
INSERT INTO lists (id,alt_wallpaper,description,private,name,user_id,wallpaper_id) VALUES (101,null,'Hooks, Redux',false,'React Frontend',172,null);
INSERT INTO lists (id,alt_wallpaper,description,private,name,user_id,wallpaper_id) VALUES (102,null,'Kinh nghiem do an',true,'Do an tot nghiep',175,null);
INSERT INTO lists (id,alt_wallpaper,description,private,name,user_id,wallpaper_id) VALUES (103,null,'ACM, LeetCode',false,'Contest lap trinh',176,null);
INSERT INTO lists (id,alt_wallpaper,description,private,name,user_id,wallpaper_id) VALUES (104,null,'Docker, K8s',false,'DevOps & Cloud',174,null);
INSERT INTO lists (id,alt_wallpaper,description,private,name,user_id,wallpaper_id) VALUES (105,null,'CV, phong van',false,'Internship 2025',175,null);
-- lists relations
INSERT INTO lists_members (lists_id,members_id) VALUES (100,154);
INSERT INTO lists_members (lists_id,members_id) VALUES (100,102);
INSERT INTO lists_members (lists_id,members_id) VALUES (100,125);
INSERT INTO lists_members (lists_id,members_id) VALUES (100,111);
INSERT INTO lists_members (lists_id,members_id) VALUES (100,106);
INSERT INTO lists_members (lists_id,members_id) VALUES (100,148);
INSERT INTO lists_members (lists_id,members_id) VALUES (100,152);
INSERT INTO lists_members (lists_id,members_id) VALUES (100,133);
INSERT INTO lists_members (lists_id,members_id) VALUES (100,119);
INSERT INTO lists_members (lists_id,members_id) VALUES (100,144);
INSERT INTO lists_members (lists_id,members_id) VALUES (100,140);
INSERT INTO lists_members (lists_id,members_id) VALUES (100,114);
INSERT INTO users_lists (user_id,lists_id) VALUES (170,100);
INSERT INTO lists_followers (lists_id,followers_id) VALUES (100,128);
INSERT INTO lists_followers (lists_id,followers_id) VALUES (100,143);
INSERT INTO lists_followers (lists_id,followers_id) VALUES (100,154);
INSERT INTO lists_followers (lists_id,followers_id) VALUES (100,161);
INSERT INTO lists_followers (lists_id,followers_id) VALUES (100,107);
INSERT INTO lists_followers (lists_id,followers_id) VALUES (100,175);
INSERT INTO lists_followers (lists_id,followers_id) VALUES (100,106);
INSERT INTO lists_followers (lists_id,followers_id) VALUES (100,119);
INSERT INTO lists_members (lists_id,members_id) VALUES (101,114);
INSERT INTO lists_members (lists_id,members_id) VALUES (101,134);
INSERT INTO lists_members (lists_id,members_id) VALUES (101,146);
INSERT INTO lists_members (lists_id,members_id) VALUES (101,135);
INSERT INTO lists_members (lists_id,members_id) VALUES (101,144);
INSERT INTO lists_members (lists_id,members_id) VALUES (101,153);
INSERT INTO lists_members (lists_id,members_id) VALUES (101,131);
INSERT INTO lists_members (lists_id,members_id) VALUES (101,120);
INSERT INTO lists_members (lists_id,members_id) VALUES (101,157);
INSERT INTO lists_members (lists_id,members_id) VALUES (101,103);
INSERT INTO lists_members (lists_id,members_id) VALUES (101,111);
INSERT INTO lists_members (lists_id,members_id) VALUES (101,102);
INSERT INTO users_lists (user_id,lists_id) VALUES (172,101);
INSERT INTO lists_followers (lists_id,followers_id) VALUES (101,100);
INSERT INTO lists_followers (lists_id,followers_id) VALUES (101,106);
INSERT INTO lists_followers (lists_id,followers_id) VALUES (101,141);
INSERT INTO lists_followers (lists_id,followers_id) VALUES (101,127);
INSERT INTO lists_followers (lists_id,followers_id) VALUES (101,136);
INSERT INTO lists_followers (lists_id,followers_id) VALUES (101,160);
INSERT INTO lists_followers (lists_id,followers_id) VALUES (101,135);
INSERT INTO lists_followers (lists_id,followers_id) VALUES (101,158);
INSERT INTO lists_members (lists_id,members_id) VALUES (102,112);
INSERT INTO lists_members (lists_id,members_id) VALUES (102,155);
INSERT INTO lists_members (lists_id,members_id) VALUES (102,123);
INSERT INTO lists_members (lists_id,members_id) VALUES (102,132);
INSERT INTO lists_members (lists_id,members_id) VALUES (102,170);
INSERT INTO lists_members (lists_id,members_id) VALUES (102,146);
INSERT INTO lists_members (lists_id,members_id) VALUES (102,142);
INSERT INTO lists_members (lists_id,members_id) VALUES (102,119);
INSERT INTO lists_members (lists_id,members_id) VALUES (102,107);
INSERT INTO lists_members (lists_id,members_id) VALUES (102,106);
INSERT INTO lists_members (lists_id,members_id) VALUES (102,171);
INSERT INTO lists_members (lists_id,members_id) VALUES (102,100);
INSERT INTO users_lists (user_id,lists_id) VALUES (175,102);
INSERT INTO lists_followers (lists_id,followers_id) VALUES (102,116);
INSERT INTO lists_followers (lists_id,followers_id) VALUES (102,142);
INSERT INTO lists_followers (lists_id,followers_id) VALUES (102,146);
INSERT INTO lists_followers (lists_id,followers_id) VALUES (102,175);
INSERT INTO lists_followers (lists_id,followers_id) VALUES (102,147);
INSERT INTO lists_followers (lists_id,followers_id) VALUES (102,130);
INSERT INTO lists_followers (lists_id,followers_id) VALUES (102,135);
INSERT INTO lists_followers (lists_id,followers_id) VALUES (102,113);
INSERT INTO lists_members (lists_id,members_id) VALUES (103,149);
INSERT INTO lists_members (lists_id,members_id) VALUES (103,111);
INSERT INTO lists_members (lists_id,members_id) VALUES (103,113);
INSERT INTO lists_members (lists_id,members_id) VALUES (103,116);
INSERT INTO lists_members (lists_id,members_id) VALUES (103,115);
INSERT INTO lists_members (lists_id,members_id) VALUES (103,105);
INSERT INTO lists_members (lists_id,members_id) VALUES (103,124);
INSERT INTO lists_members (lists_id,members_id) VALUES (103,112);
INSERT INTO lists_members (lists_id,members_id) VALUES (103,145);
INSERT INTO lists_members (lists_id,members_id) VALUES (103,128);
INSERT INTO lists_members (lists_id,members_id) VALUES (103,159);
INSERT INTO lists_members (lists_id,members_id) VALUES (103,106);
INSERT INTO users_lists (user_id,lists_id) VALUES (176,103);
INSERT INTO lists_followers (lists_id,followers_id) VALUES (103,109);
INSERT INTO lists_followers (lists_id,followers_id) VALUES (103,143);
INSERT INTO lists_followers (lists_id,followers_id) VALUES (103,138);
INSERT INTO lists_followers (lists_id,followers_id) VALUES (103,160);
INSERT INTO lists_followers (lists_id,followers_id) VALUES (103,125);
INSERT INTO lists_followers (lists_id,followers_id) VALUES (103,119);
INSERT INTO lists_followers (lists_id,followers_id) VALUES (103,105);
INSERT INTO lists_followers (lists_id,followers_id) VALUES (103,108);
INSERT INTO lists_members (lists_id,members_id) VALUES (104,124);
INSERT INTO lists_members (lists_id,members_id) VALUES (104,153);
INSERT INTO lists_members (lists_id,members_id) VALUES (104,132);
INSERT INTO lists_members (lists_id,members_id) VALUES (104,144);
INSERT INTO lists_members (lists_id,members_id) VALUES (104,146);
INSERT INTO lists_members (lists_id,members_id) VALUES (104,157);
INSERT INTO lists_members (lists_id,members_id) VALUES (104,115);
INSERT INTO lists_members (lists_id,members_id) VALUES (104,158);
INSERT INTO lists_members (lists_id,members_id) VALUES (104,127);
INSERT INTO lists_members (lists_id,members_id) VALUES (104,104);
INSERT INTO lists_members (lists_id,members_id) VALUES (104,130);
INSERT INTO lists_members (lists_id,members_id) VALUES (104,126);
INSERT INTO users_lists (user_id,lists_id) VALUES (174,104);
INSERT INTO lists_followers (lists_id,followers_id) VALUES (104,175);
INSERT INTO lists_followers (lists_id,followers_id) VALUES (104,172);
INSERT INTO lists_followers (lists_id,followers_id) VALUES (104,102);
INSERT INTO lists_followers (lists_id,followers_id) VALUES (104,121);
INSERT INTO lists_followers (lists_id,followers_id) VALUES (104,135);
INSERT INTO lists_followers (lists_id,followers_id) VALUES (104,116);
INSERT INTO lists_followers (lists_id,followers_id) VALUES (104,137);
INSERT INTO lists_followers (lists_id,followers_id) VALUES (104,177);
INSERT INTO lists_members (lists_id,members_id) VALUES (105,107);
INSERT INTO lists_members (lists_id,members_id) VALUES (105,124);
INSERT INTO lists_members (lists_id,members_id) VALUES (105,150);
INSERT INTO lists_members (lists_id,members_id) VALUES (105,171);
INSERT INTO lists_members (lists_id,members_id) VALUES (105,173);
INSERT INTO lists_members (lists_id,members_id) VALUES (105,109);
INSERT INTO lists_members (lists_id,members_id) VALUES (105,121);
INSERT INTO lists_members (lists_id,members_id) VALUES (105,128);
INSERT INTO lists_members (lists_id,members_id) VALUES (105,148);
INSERT INTO lists_members (lists_id,members_id) VALUES (105,132);
INSERT INTO lists_members (lists_id,members_id) VALUES (105,176);
INSERT INTO lists_members (lists_id,members_id) VALUES (105,135);
INSERT INTO users_lists (user_id,lists_id) VALUES (175,105);
INSERT INTO lists_followers (lists_id,followers_id) VALUES (105,149);
INSERT INTO lists_followers (lists_id,followers_id) VALUES (105,151);
INSERT INTO lists_followers (lists_id,followers_id) VALUES (105,134);
INSERT INTO lists_followers (lists_id,followers_id) VALUES (105,126);
INSERT INTO lists_followers (lists_id,followers_id) VALUES (105,123);
INSERT INTO lists_followers (lists_id,followers_id) VALUES (105,100);
INSERT INTO lists_followers (lists_id,followers_id) VALUES (105,120);
INSERT INTO lists_followers (lists_id,followers_id) VALUES (105,136);
-- notifications (sample)
INSERT INTO notifications (id,date,notification_type,tweet_id,user_id,user_to_follow_id,list_id,notified_user_id) VALUES (5000,'2024-03-19 10:00:00','LIKE',2302,108,null,null,120);
INSERT INTO users_notifications (user_id,notifications_id) VALUES (120,5000);
INSERT INTO notifications (id,date,notification_type,tweet_id,user_id,user_to_follow_id,list_id,notified_user_id) VALUES (5001,'2024-02-15 03:00:00','LIKE',2193,149,null,null,145);
INSERT INTO users_notifications (user_id,notifications_id) VALUES (145,5001);
INSERT INTO notifications (id,date,notification_type,tweet_id,user_id,user_to_follow_id,list_id,notified_user_id) VALUES (5002,'2024-03-10 01:00:00','LIKE',2055,102,null,null,136);
INSERT INTO users_notifications (user_id,notifications_id) VALUES (136,5002);
INSERT INTO notifications (id,date,notification_type,tweet_id,user_id,user_to_follow_id,list_id,notified_user_id) VALUES (5003,'2024-05-23 06:00:00','LIKE',2267,172,null,null,104);
INSERT INTO users_notifications (user_id,notifications_id) VALUES (104,5003);
INSERT INTO notifications (id,date,notification_type,tweet_id,user_id,user_to_follow_id,list_id,notified_user_id) VALUES (5004,'2024-03-01 13:00:00','LIKE',2076,112,null,null,152);
INSERT INTO users_notifications (user_id,notifications_id) VALUES (152,5004);
INSERT INTO notifications (id,date,notification_type,tweet_id,user_id,user_to_follow_id,list_id,notified_user_id) VALUES (5005,'2024-06-30 09:00:00','LIKE',2243,104,null,null,128);
INSERT INTO users_notifications (user_id,notifications_id) VALUES (128,5005);
INSERT INTO notifications (id,date,notification_type,tweet_id,user_id,user_to_follow_id,list_id,notified_user_id) VALUES (5006,'2024-02-01 19:00:00','LIKE',2257,115,null,null,142);
INSERT INTO users_notifications (user_id,notifications_id) VALUES (142,5006);
INSERT INTO notifications (id,date,notification_type,tweet_id,user_id,user_to_follow_id,list_id,notified_user_id) VALUES (5007,'2024-07-24 23:00:00','LIKE',2246,116,null,null,119);
INSERT INTO users_notifications (user_id,notifications_id) VALUES (119,5007);
INSERT INTO notifications (id,date,notification_type,tweet_id,user_id,user_to_follow_id,list_id,notified_user_id) VALUES (5008,'2024-05-27 06:00:00','LIKE',2276,100,null,null,125);
INSERT INTO users_notifications (user_id,notifications_id) VALUES (125,5008);
INSERT INTO notifications (id,date,notification_type,tweet_id,user_id,user_to_follow_id,list_id,notified_user_id) VALUES (5009,'2024-05-06 10:00:00','LIKE',2267,153,null,null,104);
INSERT INTO users_notifications (user_id,notifications_id) VALUES (104,5009);
INSERT INTO notifications (id,date,notification_type,tweet_id,user_id,user_to_follow_id,list_id,notified_user_id) VALUES (5010,'2024-05-26 10:00:00','LIKE',2022,175,null,null,123);
INSERT INTO users_notifications (user_id,notifications_id) VALUES (123,5010);
INSERT INTO notifications (id,date,notification_type,tweet_id,user_id,user_to_follow_id,list_id,notified_user_id) VALUES (5011,'2024-05-10 03:00:00','LIKE',2117,161,null,null,146);
INSERT INTO users_notifications (user_id,notifications_id) VALUES (146,5011);
INSERT INTO notifications (id,date,notification_type,tweet_id,user_id,user_to_follow_id,list_id,notified_user_id) VALUES (5012,'2024-05-25 05:00:00','LIKE',2179,112,null,null,118);
INSERT INTO users_notifications (user_id,notifications_id) VALUES (118,5012);
INSERT INTO notifications (id,date,notification_type,tweet_id,user_id,user_to_follow_id,list_id,notified_user_id) VALUES (5013,'2024-06-11 20:00:00','LIKE',2068,132,null,null,130);
INSERT INTO users_notifications (user_id,notifications_id) VALUES (130,5013);
INSERT INTO notifications (id,date,notification_type,tweet_id,user_id,user_to_follow_id,list_id,notified_user_id) VALUES (5014,'2024-04-06 16:00:00','LIKE',2119,110,null,null,115);
INSERT INTO users_notifications (user_id,notifications_id) VALUES (115,5014);
INSERT INTO notifications (id,date,notification_type,tweet_id,user_id,user_to_follow_id,list_id,notified_user_id) VALUES (5015,'2024-05-19 11:00:00','LIKE',2306,177,null,null,130);
INSERT INTO users_notifications (user_id,notifications_id) VALUES (130,5015);
INSERT INTO notifications (id,date,notification_type,tweet_id,user_id,user_to_follow_id,list_id,notified_user_id) VALUES (5016,'2024-01-02 20:00:00','LIKE',2131,124,null,null,171);
INSERT INTO users_notifications (user_id,notifications_id) VALUES (171,5016);
INSERT INTO notifications (id,date,notification_type,tweet_id,user_id,user_to_follow_id,list_id,notified_user_id) VALUES (5017,'2024-02-10 05:00:00','LIKE',2003,174,null,null,154);
INSERT INTO users_notifications (user_id,notifications_id) VALUES (154,5017);
INSERT INTO notifications (id,date,notification_type,tweet_id,user_id,user_to_follow_id,list_id,notified_user_id) VALUES (5018,'2024-05-08 00:00:00','LIKE',2266,100,null,null,177);
INSERT INTO users_notifications (user_id,notifications_id) VALUES (177,5018);
INSERT INTO notifications (id,date,notification_type,tweet_id,user_id,user_to_follow_id,list_id,notified_user_id) VALUES (5019,'2024-04-17 19:00:00','LIKE',2335,126,null,null,170);
INSERT INTO users_notifications (user_id,notifications_id) VALUES (170,5019);
INSERT INTO notifications (id,date,notification_type,tweet_id,user_id,user_to_follow_id,list_id,notified_user_id) VALUES (5020,'2024-02-06 09:00:00','LIKE',2209,146,null,null,107);
INSERT INTO users_notifications (user_id,notifications_id) VALUES (107,5020);
INSERT INTO notifications (id,date,notification_type,tweet_id,user_id,user_to_follow_id,list_id,notified_user_id) VALUES (5021,'2024-07-18 19:00:00','LIKE',2079,154,null,null,127);
INSERT INTO users_notifications (user_id,notifications_id) VALUES (127,5021);
INSERT INTO notifications (id,date,notification_type,tweet_id,user_id,user_to_follow_id,list_id,notified_user_id) VALUES (5022,'2024-07-01 23:00:00','LIKE',2129,133,null,null,144);
INSERT INTO users_notifications (user_id,notifications_id) VALUES (144,5022);
INSERT INTO notifications (id,date,notification_type,tweet_id,user_id,user_to_follow_id,list_id,notified_user_id) VALUES (5023,'2024-04-04 01:00:00','LIKE',2216,146,null,null,132);
INSERT INTO users_notifications (user_id,notifications_id) VALUES (132,5023);
INSERT INTO notifications (id,date,notification_type,tweet_id,user_id,user_to_follow_id,list_id,notified_user_id) VALUES (5024,'2024-03-10 12:00:00','LIKE',2348,150,null,null,123);
INSERT INTO users_notifications (user_id,notifications_id) VALUES (123,5024);
INSERT INTO notifications (id,date,notification_type,tweet_id,user_id,user_to_follow_id,list_id,notified_user_id) VALUES (5025,'2024-03-02 00:00:00','LIKE',2211,161,null,null,150);
INSERT INTO users_notifications (user_id,notifications_id) VALUES (150,5025);
INSERT INTO notifications (id,date,notification_type,tweet_id,user_id,user_to_follow_id,list_id,notified_user_id) VALUES (5026,'2024-03-27 14:00:00','LIKE',2189,161,null,null,150);
INSERT INTO users_notifications (user_id,notifications_id) VALUES (150,5026);
INSERT INTO notifications (id,date,notification_type,tweet_id,user_id,user_to_follow_id,list_id,notified_user_id) VALUES (5027,'2024-05-15 21:00:00','LIKE',2157,144,null,null,107);
INSERT INTO users_notifications (user_id,notifications_id) VALUES (107,5027);
INSERT INTO notifications (id,date,notification_type,tweet_id,user_id,user_to_follow_id,list_id,notified_user_id) VALUES (5028,'2024-03-19 10:00:00','LIKE',2070,115,null,null,108);
INSERT INTO users_notifications (user_id,notifications_id) VALUES (108,5028);
INSERT INTO notifications (id,date,notification_type,tweet_id,user_id,user_to_follow_id,list_id,notified_user_id) VALUES (5029,'2024-02-04 05:00:00','LIKE',2228,120,null,null,101);
INSERT INTO users_notifications (user_id,notifications_id) VALUES (101,5029);
INSERT INTO notifications (id,date,notification_type,tweet_id,user_id,user_to_follow_id,list_id,notified_user_id) VALUES (5030,'2024-05-16 17:00:00','LIKE',2109,173,null,null,149);
INSERT INTO users_notifications (user_id,notifications_id) VALUES (149,5030);
INSERT INTO notifications (id,date,notification_type,tweet_id,user_id,user_to_follow_id,list_id,notified_user_id) VALUES (5031,'2024-02-24 20:00:00','LIKE',2173,106,null,null,101);
INSERT INTO users_notifications (user_id,notifications_id) VALUES (101,5031);
INSERT INTO notifications (id,date,notification_type,tweet_id,user_id,user_to_follow_id,list_id,notified_user_id) VALUES (5032,'2024-02-01 02:00:00','LIKE',2199,100,null,null,149);
INSERT INTO users_notifications (user_id,notifications_id) VALUES (149,5032);
INSERT INTO notifications (id,date,notification_type,tweet_id,user_id,user_to_follow_id,list_id,notified_user_id) VALUES (5033,'2024-07-23 21:00:00','LIKE',2074,160,null,null,113);
INSERT INTO users_notifications (user_id,notifications_id) VALUES (113,5033);
INSERT INTO notifications (id,date,notification_type,tweet_id,user_id,user_to_follow_id,list_id,notified_user_id) VALUES (5034,'2024-01-22 20:00:00','LIKE',2222,111,null,null,124);
INSERT INTO users_notifications (user_id,notifications_id) VALUES (124,5034);
INSERT INTO notifications (id,date,notification_type,tweet_id,user_id,user_to_follow_id,list_id,notified_user_id) VALUES (5035,'2024-05-06 13:00:00','LIKE',2134,128,null,null,135);
INSERT INTO users_notifications (user_id,notifications_id) VALUES (135,5035);
INSERT INTO notifications (id,date,notification_type,tweet_id,user_id,user_to_follow_id,list_id,notified_user_id) VALUES (5036,'2024-05-11 04:00:00','LIKE',2040,104,null,null,136);
INSERT INTO users_notifications (user_id,notifications_id) VALUES (136,5036);
INSERT INTO notifications (id,date,notification_type,tweet_id,user_id,user_to_follow_id,list_id,notified_user_id) VALUES (5037,'2024-04-07 18:00:00','LIKE',2205,174,null,null,170);
INSERT INTO users_notifications (user_id,notifications_id) VALUES (170,5037);
INSERT INTO notifications (id,date,notification_type,tweet_id,user_id,user_to_follow_id,list_id,notified_user_id) VALUES (5038,'2024-02-29 19:00:00','LIKE',2305,107,null,null,149);
INSERT INTO users_notifications (user_id,notifications_id) VALUES (149,5038);
INSERT INTO notifications (id,date,notification_type,tweet_id,user_id,user_to_follow_id,list_id,notified_user_id) VALUES (5039,'2024-05-29 20:00:00','LIKE',2327,171,null,null,176);
INSERT INTO users_notifications (user_id,notifications_id) VALUES (176,5039);
INSERT INTO notifications (id,date,notification_type,tweet_id,user_id,user_to_follow_id,list_id,notified_user_id) VALUES (5040,'2024-06-25 20:00:00','LIKE',2005,125,null,null,120);
INSERT INTO users_notifications (user_id,notifications_id) VALUES (120,5040);
INSERT INTO notifications (id,date,notification_type,tweet_id,user_id,user_to_follow_id,list_id,notified_user_id) VALUES (5041,'2024-01-12 11:00:00','LIKE',2146,124,null,null,107);
INSERT INTO users_notifications (user_id,notifications_id) VALUES (107,5041);
INSERT INTO notifications (id,date,notification_type,tweet_id,user_id,user_to_follow_id,list_id,notified_user_id) VALUES (5042,'2024-06-25 01:00:00','LIKE',2306,173,null,null,130);
INSERT INTO users_notifications (user_id,notifications_id) VALUES (130,5042);
INSERT INTO notifications (id,date,notification_type,tweet_id,user_id,user_to_follow_id,list_id,notified_user_id) VALUES (5043,'2024-01-13 07:00:00','LIKE',2118,121,null,null,146);
INSERT INTO users_notifications (user_id,notifications_id) VALUES (146,5043);
INSERT INTO notifications (id,date,notification_type,tweet_id,user_id,user_to_follow_id,list_id,notified_user_id) VALUES (5044,'2024-01-01 02:00:00','LIKE',2184,130,null,null,173);
INSERT INTO users_notifications (user_id,notifications_id) VALUES (173,5044);
INSERT INTO notifications (id,date,notification_type,tweet_id,user_id,user_to_follow_id,list_id,notified_user_id) VALUES (5045,'2024-04-04 04:00:00','LIKE',2080,111,null,null,154);
INSERT INTO users_notifications (user_id,notifications_id) VALUES (154,5045);
INSERT INTO notifications (id,date,notification_type,tweet_id,user_id,user_to_follow_id,list_id,notified_user_id) VALUES (5046,'2024-05-14 21:00:00','LIKE',2204,145,null,null,101);
INSERT INTO users_notifications (user_id,notifications_id) VALUES (101,5046);
INSERT INTO notifications (id,date,notification_type,tweet_id,user_id,user_to_follow_id,list_id,notified_user_id) VALUES (5047,'2024-06-25 17:00:00','LIKE',2207,125,null,null,177);
INSERT INTO users_notifications (user_id,notifications_id) VALUES (177,5047);
INSERT INTO notifications (id,date,notification_type,tweet_id,user_id,user_to_follow_id,list_id,notified_user_id) VALUES (5048,'2024-01-31 18:00:00','LIKE',2007,108,null,null,151);
INSERT INTO users_notifications (user_id,notifications_id) VALUES (151,5048);
INSERT INTO notifications (id,date,notification_type,tweet_id,user_id,user_to_follow_id,list_id,notified_user_id) VALUES (5049,'2024-07-09 20:00:00','LIKE',2281,136,null,null,135);
INSERT INTO users_notifications (user_id,notifications_id) VALUES (135,5049);
INSERT INTO notifications (id,date,notification_type,tweet_id,user_id,user_to_follow_id,list_id,notified_user_id) VALUES (5050,'2024-04-28 14:00:00','LIKE',2298,144,null,null,112);
INSERT INTO users_notifications (user_id,notifications_id) VALUES (112,5050);
INSERT INTO notifications (id,date,notification_type,tweet_id,user_id,user_to_follow_id,list_id,notified_user_id) VALUES (5051,'2024-07-25 23:00:00','LIKE',2141,128,null,null,138);
INSERT INTO users_notifications (user_id,notifications_id) VALUES (138,5051);
INSERT INTO notifications (id,date,notification_type,tweet_id,user_id,user_to_follow_id,list_id,notified_user_id) VALUES (5052,'2024-05-17 21:00:00','LIKE',2099,158,null,null,172);
INSERT INTO users_notifications (user_id,notifications_id) VALUES (172,5052);
INSERT INTO notifications (id,date,notification_type,tweet_id,user_id,user_to_follow_id,list_id,notified_user_id) VALUES (5053,'2024-03-30 02:00:00','LIKE',2294,100,null,null,156);
INSERT INTO users_notifications (user_id,notifications_id) VALUES (156,5053);
INSERT INTO notifications (id,date,notification_type,tweet_id,user_id,user_to_follow_id,list_id,notified_user_id) VALUES (5054,'2024-06-21 19:00:00','LIKE',2089,152,null,null,143);
INSERT INTO users_notifications (user_id,notifications_id) VALUES (143,5054);
INSERT INTO notifications (id,date,notification_type,tweet_id,user_id,user_to_follow_id,list_id,notified_user_id) VALUES (5055,'2024-06-20 17:00:00','LIKE',2054,109,null,null,143);
INSERT INTO users_notifications (user_id,notifications_id) VALUES (143,5055);
INSERT INTO notifications (id,date,notification_type,tweet_id,user_id,user_to_follow_id,list_id,notified_user_id) VALUES (5056,'2024-02-09 22:00:00','LIKE',2150,143,null,null,117);
INSERT INTO users_notifications (user_id,notifications_id) VALUES (117,5056);
INSERT INTO notifications (id,date,notification_type,tweet_id,user_id,user_to_follow_id,list_id,notified_user_id) VALUES (5057,'2024-07-02 14:00:00','LIKE',2262,132,null,null,130);
INSERT INTO users_notifications (user_id,notifications_id) VALUES (130,5057);
INSERT INTO notifications (id,date,notification_type,tweet_id,user_id,user_to_follow_id,list_id,notified_user_id) VALUES (5058,'2024-05-31 03:00:00','LIKE',2294,132,null,null,156);
INSERT INTO users_notifications (user_id,notifications_id) VALUES (156,5058);
INSERT INTO notifications (id,date,notification_type,tweet_id,user_id,user_to_follow_id,list_id,notified_user_id) VALUES (5059,'2024-03-24 00:00:00','LIKE',2193,161,null,null,145);
INSERT INTO users_notifications (user_id,notifications_id) VALUES (145,5059);
INSERT INTO notifications (id,date,notification_type,tweet_id,user_id,user_to_follow_id,list_id,notified_user_id) VALUES (5060,'2024-06-06 06:00:00','LIKE',2173,158,null,null,101);
INSERT INTO users_notifications (user_id,notifications_id) VALUES (101,5060);
INSERT INTO notifications (id,date,notification_type,tweet_id,user_id,user_to_follow_id,list_id,notified_user_id) VALUES (5061,'2024-06-13 12:00:00','LIKE',2300,103,null,null,142);
INSERT INTO users_notifications (user_id,notifications_id) VALUES (142,5061);
INSERT INTO notifications (id,date,notification_type,tweet_id,user_id,user_to_follow_id,list_id,notified_user_id) VALUES (5062,'2024-01-24 01:00:00','LIKE',2059,133,null,null,149);
INSERT INTO users_notifications (user_id,notifications_id) VALUES (149,5062);
INSERT INTO notifications (id,date,notification_type,tweet_id,user_id,user_to_follow_id,list_id,notified_user_id) VALUES (5063,'2024-03-19 11:00:00','LIKE',2195,128,null,null,153);
INSERT INTO users_notifications (user_id,notifications_id) VALUES (153,5063);
INSERT INTO notifications (id,date,notification_type,tweet_id,user_id,user_to_follow_id,list_id,notified_user_id) VALUES (5064,'2024-04-30 12:00:00','LIKE',2161,152,null,null,106);
INSERT INTO users_notifications (user_id,notifications_id) VALUES (106,5064);
INSERT INTO notifications (id,date,notification_type,tweet_id,user_id,user_to_follow_id,list_id,notified_user_id) VALUES (5065,'2024-01-04 07:00:00','LIKE',2264,176,null,null,160);
INSERT INTO users_notifications (user_id,notifications_id) VALUES (160,5065);
INSERT INTO notifications (id,date,notification_type,tweet_id,user_id,user_to_follow_id,list_id,notified_user_id) VALUES (5066,'2024-04-08 01:00:00','LIKE',2134,131,null,null,135);
INSERT INTO users_notifications (user_id,notifications_id) VALUES (135,5066);
INSERT INTO notifications (id,date,notification_type,tweet_id,user_id,user_to_follow_id,list_id,notified_user_id) VALUES (5067,'2024-04-26 17:00:00','LIKE',2047,151,null,null,116);
INSERT INTO users_notifications (user_id,notifications_id) VALUES (116,5067);
INSERT INTO notifications (id,date,notification_type,tweet_id,user_id,user_to_follow_id,list_id,notified_user_id) VALUES (5068,'2024-06-11 15:00:00','LIKE',2038,122,null,null,157);
INSERT INTO users_notifications (user_id,notifications_id) VALUES (157,5068);
INSERT INTO notifications (id,date,notification_type,tweet_id,user_id,user_to_follow_id,list_id,notified_user_id) VALUES (5069,'2024-03-15 14:00:00','LIKE',2160,145,null,null,124);
INSERT INTO users_notifications (user_id,notifications_id) VALUES (124,5069);
INSERT INTO notifications (id,date,notification_type,tweet_id,user_id,user_to_follow_id,list_id,notified_user_id) VALUES (5070,'2024-03-03 09:00:00','LIKE',2293,134,null,null,104);
INSERT INTO users_notifications (user_id,notifications_id) VALUES (104,5070);
INSERT INTO notifications (id,date,notification_type,tweet_id,user_id,user_to_follow_id,list_id,notified_user_id) VALUES (5071,'2024-06-19 07:00:00','LIKE',2349,124,null,null,161);
INSERT INTO users_notifications (user_id,notifications_id) VALUES (161,5071);
INSERT INTO notifications (id,date,notification_type,tweet_id,user_id,user_to_follow_id,list_id,notified_user_id) VALUES (5072,'2024-03-23 14:00:00','LIKE',2102,130,null,null,125);
INSERT INTO users_notifications (user_id,notifications_id) VALUES (125,5072);
INSERT INTO notifications (id,date,notification_type,tweet_id,user_id,user_to_follow_id,list_id,notified_user_id) VALUES (5073,'2024-03-19 05:00:00','LIKE',2135,126,null,null,172);
INSERT INTO users_notifications (user_id,notifications_id) VALUES (172,5073);
INSERT INTO notifications (id,date,notification_type,tweet_id,user_id,user_to_follow_id,list_id,notified_user_id) VALUES (5074,'2024-05-01 12:00:00','LIKE',2103,131,null,null,134);
INSERT INTO users_notifications (user_id,notifications_id) VALUES (134,5074);
INSERT INTO notifications (id,date,notification_type,tweet_id,user_id,user_to_follow_id,list_id,notified_user_id) VALUES (5075,'2024-02-10 22:00:00','LIKE',2079,113,null,null,127);
INSERT INTO users_notifications (user_id,notifications_id) VALUES (127,5075);
INSERT INTO notifications (id,date,notification_type,tweet_id,user_id,user_to_follow_id,list_id,notified_user_id) VALUES (5076,'2024-01-03 06:00:00','LIKE',2040,171,null,null,136);
INSERT INTO users_notifications (user_id,notifications_id) VALUES (136,5076);
INSERT INTO notifications (id,date,notification_type,tweet_id,user_id,user_to_follow_id,list_id,notified_user_id) VALUES (5077,'2024-06-13 14:00:00','LIKE',2277,105,null,null,122);
INSERT INTO users_notifications (user_id,notifications_id) VALUES (122,5077);
INSERT INTO notifications (id,date,notification_type,tweet_id,user_id,user_to_follow_id,list_id,notified_user_id) VALUES (5078,'2024-06-17 01:00:00','LIKE',2190,140,null,null,146);
INSERT INTO users_notifications (user_id,notifications_id) VALUES (146,5078);
INSERT INTO notifications (id,date,notification_type,tweet_id,user_id,user_to_follow_id,list_id,notified_user_id) VALUES (5079,'2024-06-16 12:00:00','LIKE',2294,135,null,null,156);
INSERT INTO users_notifications (user_id,notifications_id) VALUES (156,5079);
INSERT INTO notifications (id,date,notification_type,tweet_id,user_id,user_to_follow_id,list_id,notified_user_id) VALUES (5080,'2024-04-05 15:00:00','LIKE',2093,173,null,null,105);
INSERT INTO users_notifications (user_id,notifications_id) VALUES (105,5080);
INSERT INTO notifications (id,date,notification_type,tweet_id,user_id,user_to_follow_id,list_id,notified_user_id) VALUES (5081,'2024-07-15 20:00:00','LIKE',2203,128,null,null,122);
INSERT INTO users_notifications (user_id,notifications_id) VALUES (122,5081);
INSERT INTO notifications (id,date,notification_type,tweet_id,user_id,user_to_follow_id,list_id,notified_user_id) VALUES (5082,'2024-06-28 10:00:00','LIKE',2065,106,null,null,141);
INSERT INTO users_notifications (user_id,notifications_id) VALUES (141,5082);
INSERT INTO notifications (id,date,notification_type,tweet_id,user_id,user_to_follow_id,list_id,notified_user_id) VALUES (5083,'2024-07-03 13:00:00','LIKE',2216,161,null,null,132);
INSERT INTO users_notifications (user_id,notifications_id) VALUES (132,5083);
INSERT INTO notifications (id,date,notification_type,tweet_id,user_id,user_to_follow_id,list_id,notified_user_id) VALUES (5084,'2024-04-28 12:00:00','LIKE',2016,172,null,null,175);
INSERT INTO users_notifications (user_id,notifications_id) VALUES (175,5084);
INSERT INTO notifications (id,date,notification_type,tweet_id,user_id,user_to_follow_id,list_id,notified_user_id) VALUES (5085,'2024-06-05 01:00:00','LIKE',2201,122,null,null,138);
INSERT INTO users_notifications (user_id,notifications_id) VALUES (138,5085);
INSERT INTO notifications (id,date,notification_type,tweet_id,user_id,user_to_follow_id,list_id,notified_user_id) VALUES (5086,'2024-06-06 00:00:00','LIKE',2061,174,null,null,105);
INSERT INTO users_notifications (user_id,notifications_id) VALUES (105,5086);
INSERT INTO notifications (id,date,notification_type,tweet_id,user_id,user_to_follow_id,list_id,notified_user_id) VALUES (5087,'2024-01-05 00:00:00','LIKE',2161,101,null,null,106);
INSERT INTO users_notifications (user_id,notifications_id) VALUES (106,5087);
INSERT INTO notifications (id,date,notification_type,tweet_id,user_id,user_to_follow_id,list_id,notified_user_id) VALUES (5088,'2024-05-09 12:00:00','LIKE',2345,126,null,null,172);
INSERT INTO users_notifications (user_id,notifications_id) VALUES (172,5088);
INSERT INTO notifications (id,date,notification_type,tweet_id,user_id,user_to_follow_id,list_id,notified_user_id) VALUES (5089,'2024-04-21 01:00:00','LIKE',2297,112,null,null,161);
INSERT INTO users_notifications (user_id,notifications_id) VALUES (161,5089);
INSERT INTO notifications (id,date,notification_type,tweet_id,user_id,user_to_follow_id,list_id,notified_user_id) VALUES (5090,'2024-03-04 21:00:00','LIKE',2185,133,null,null,110);
INSERT INTO users_notifications (user_id,notifications_id) VALUES (110,5090);
INSERT INTO notifications (id,date,notification_type,tweet_id,user_id,user_to_follow_id,list_id,notified_user_id) VALUES (5091,'2024-03-21 22:00:00','LIKE',2280,133,null,null,159);
INSERT INTO users_notifications (user_id,notifications_id) VALUES (159,5091);
INSERT INTO notifications (id,date,notification_type,tweet_id,user_id,user_to_follow_id,list_id,notified_user_id) VALUES (5092,'2024-04-27 02:00:00','LIKE',2137,160,null,null,142);
INSERT INTO users_notifications (user_id,notifications_id) VALUES (142,5092);
INSERT INTO notifications (id,date,notification_type,tweet_id,user_id,user_to_follow_id,list_id,notified_user_id) VALUES (5093,'2024-06-19 05:00:00','LIKE',2187,123,null,null,171);
INSERT INTO users_notifications (user_id,notifications_id) VALUES (171,5093);
INSERT INTO notifications (id,date,notification_type,tweet_id,user_id,user_to_follow_id,list_id,notified_user_id) VALUES (5094,'2024-05-23 01:00:00','LIKE',2217,126,null,null,112);
INSERT INTO users_notifications (user_id,notifications_id) VALUES (112,5094);
INSERT INTO notifications (id,date,notification_type,tweet_id,user_id,user_to_follow_id,list_id,notified_user_id) VALUES (5095,'2024-03-02 09:00:00','LIKE',2143,157,null,null,110);
INSERT INTO users_notifications (user_id,notifications_id) VALUES (110,5095);
INSERT INTO notifications (id,date,notification_type,tweet_id,user_id,user_to_follow_id,list_id,notified_user_id) VALUES (5096,'2024-07-15 13:00:00','LIKE',2292,116,null,null,151);
INSERT INTO users_notifications (user_id,notifications_id) VALUES (151,5096);
INSERT INTO notifications (id,date,notification_type,tweet_id,user_id,user_to_follow_id,list_id,notified_user_id) VALUES (5097,'2024-04-02 03:00:00','LIKE',2117,112,null,null,146);
INSERT INTO users_notifications (user_id,notifications_id) VALUES (146,5097);
INSERT INTO notifications (id,date,notification_type,tweet_id,user_id,user_to_follow_id,list_id,notified_user_id) VALUES (5098,'2024-05-10 00:00:00','LIKE',2120,155,null,null,157);
INSERT INTO users_notifications (user_id,notifications_id) VALUES (157,5098);
INSERT INTO notifications (id,date,notification_type,tweet_id,user_id,user_to_follow_id,list_id,notified_user_id) VALUES (5099,'2024-02-21 01:00:00','LIKE',2100,118,null,null,121);
INSERT INTO users_notifications (user_id,notifications_id) VALUES (121,5099);
INSERT INTO notifications (id,date,notification_type,tweet_id,user_id,user_to_follow_id,list_id,notified_user_id) VALUES (5100,'2024-03-01 06:00:00','LIKE',2242,101,null,null,122);
INSERT INTO users_notifications (user_id,notifications_id) VALUES (122,5100);
INSERT INTO notifications (id,date,notification_type,tweet_id,user_id,user_to_follow_id,list_id,notified_user_id) VALUES (5101,'2024-02-15 21:00:00','LIKE',2215,171,null,null,120);
INSERT INTO users_notifications (user_id,notifications_id) VALUES (120,5101);
INSERT INTO notifications (id,date,notification_type,tweet_id,user_id,user_to_follow_id,list_id,notified_user_id) VALUES (5102,'2024-07-01 06:00:00','LIKE',2322,174,null,null,100);
INSERT INTO users_notifications (user_id,notifications_id) VALUES (100,5102);
INSERT INTO notifications (id,date,notification_type,tweet_id,user_id,user_to_follow_id,list_id,notified_user_id) VALUES (5103,'2024-04-12 09:00:00','LIKE',2161,170,null,null,106);
INSERT INTO users_notifications (user_id,notifications_id) VALUES (106,5103);
INSERT INTO notifications (id,date,notification_type,tweet_id,user_id,user_to_follow_id,list_id,notified_user_id) VALUES (5104,'2024-05-15 23:00:00','LIKE',2128,106,null,null,120);
INSERT INTO users_notifications (user_id,notifications_id) VALUES (120,5104);
INSERT INTO notifications (id,date,notification_type,tweet_id,user_id,user_to_follow_id,list_id,notified_user_id) VALUES (5105,'2024-01-21 11:00:00','LIKE',2050,120,null,null,153);
INSERT INTO users_notifications (user_id,notifications_id) VALUES (153,5105);
INSERT INTO notifications (id,date,notification_type,tweet_id,user_id,user_to_follow_id,list_id,notified_user_id) VALUES (5106,'2024-06-11 15:00:00','LIKE',2110,132,null,null,142);
INSERT INTO users_notifications (user_id,notifications_id) VALUES (142,5106);
INSERT INTO notifications (id,date,notification_type,tweet_id,user_id,user_to_follow_id,list_id,notified_user_id) VALUES (5107,'2024-06-02 13:00:00','LIKE',2322,112,null,null,100);
INSERT INTO users_notifications (user_id,notifications_id) VALUES (100,5107);
INSERT INTO notifications (id,date,notification_type,tweet_id,user_id,user_to_follow_id,list_id,notified_user_id) VALUES (5108,'2024-05-03 05:00:00','LIKE',2171,133,null,null,170);
INSERT INTO users_notifications (user_id,notifications_id) VALUES (170,5108);
INSERT INTO notifications (id,date,notification_type,tweet_id,user_id,user_to_follow_id,list_id,notified_user_id) VALUES (5109,'2024-04-27 11:00:00','LIKE',2184,132,null,null,173);
INSERT INTO users_notifications (user_id,notifications_id) VALUES (173,5109);
INSERT INTO notifications (id,date,notification_type,tweet_id,user_id,user_to_follow_id,list_id,notified_user_id) VALUES (5110,'2024-02-11 09:00:00','LIKE',2010,152,null,null,142);
INSERT INTO users_notifications (user_id,notifications_id) VALUES (142,5110);
INSERT INTO notifications (id,date,notification_type,tweet_id,user_id,user_to_follow_id,list_id,notified_user_id) VALUES (5111,'2024-07-15 21:00:00','LIKE',2179,125,null,null,118);
INSERT INTO users_notifications (user_id,notifications_id) VALUES (118,5111);
INSERT INTO notifications (id,date,notification_type,tweet_id,user_id,user_to_follow_id,list_id,notified_user_id) VALUES (5112,'2024-02-29 13:00:00','LIKE',2294,176,null,null,156);
INSERT INTO users_notifications (user_id,notifications_id) VALUES (156,5112);
INSERT INTO notifications (id,date,notification_type,tweet_id,user_id,user_to_follow_id,list_id,notified_user_id) VALUES (5113,'2024-04-20 23:00:00','LIKE',2145,145,null,null,112);
INSERT INTO users_notifications (user_id,notifications_id) VALUES (112,5113);
INSERT INTO notifications (id,date,notification_type,tweet_id,user_id,user_to_follow_id,list_id,notified_user_id) VALUES (5114,'2024-06-15 09:00:00','LIKE',2344,173,null,null,109);
INSERT INTO users_notifications (user_id,notifications_id) VALUES (109,5114);
INSERT INTO notifications (id,date,notification_type,tweet_id,user_id,user_to_follow_id,list_id,notified_user_id) VALUES (5115,'2024-05-10 01:00:00','LIKE',2228,110,null,null,101);
INSERT INTO users_notifications (user_id,notifications_id) VALUES (101,5115);
INSERT INTO notifications (id,date,notification_type,tweet_id,user_id,user_to_follow_id,list_id,notified_user_id) VALUES (5116,'2024-06-07 07:00:00','LIKE',2314,136,null,null,131);
INSERT INTO users_notifications (user_id,notifications_id) VALUES (131,5116);
INSERT INTO notifications (id,date,notification_type,tweet_id,user_id,user_to_follow_id,list_id,notified_user_id) VALUES (5117,'2024-02-27 04:00:00','LIKE',2323,118,null,null,145);
INSERT INTO users_notifications (user_id,notifications_id) VALUES (145,5117);
INSERT INTO notifications (id,date,notification_type,tweet_id,user_id,user_to_follow_id,list_id,notified_user_id) VALUES (5118,'2024-05-23 23:00:00','LIKE',2327,143,null,null,176);
INSERT INTO users_notifications (user_id,notifications_id) VALUES (176,5118);
INSERT INTO notifications (id,date,notification_type,tweet_id,user_id,user_to_follow_id,list_id,notified_user_id) VALUES (5119,'2024-01-25 08:00:00','LIKE',2323,151,null,null,145);
INSERT INTO users_notifications (user_id,notifications_id) VALUES (145,5119);
INSERT INTO notifications (id,date,notification_type,tweet_id,user_id,user_to_follow_id,list_id,notified_user_id) VALUES (5120,'2024-04-27 06:00:00','LIKE',2040,120,null,null,136);
INSERT INTO users_notifications (user_id,notifications_id) VALUES (136,5120);
INSERT INTO notifications (id,date,notification_type,tweet_id,user_id,user_to_follow_id,list_id,notified_user_id) VALUES (5121,'2024-04-18 03:00:00','LIKE',2116,140,null,null,146);
INSERT INTO users_notifications (user_id,notifications_id) VALUES (146,5121);
INSERT INTO notifications (id,date,notification_type,tweet_id,user_id,user_to_follow_id,list_id,notified_user_id) VALUES (5122,'2024-04-01 07:00:00','LIKE',2334,137,null,null,132);
INSERT INTO users_notifications (user_id,notifications_id) VALUES (132,5122);
INSERT INTO notifications (id,date,notification_type,tweet_id,user_id,user_to_follow_id,list_id,notified_user_id) VALUES (5123,'2024-04-02 14:00:00','LIKE',2309,150,null,null,158);
INSERT INTO users_notifications (user_id,notifications_id) VALUES (158,5123);
INSERT INTO notifications (id,date,notification_type,tweet_id,user_id,user_to_follow_id,list_id,notified_user_id) VALUES (5124,'2024-07-19 08:00:00','LIKE',2227,146,null,null,155);
INSERT INTO users_notifications (user_id,notifications_id) VALUES (155,5124);
INSERT INTO notifications (id,date,notification_type,tweet_id,user_id,user_to_follow_id,list_id,notified_user_id) VALUES (5125,'2024-05-21 07:00:00','LIKE',2266,157,null,null,177);
INSERT INTO users_notifications (user_id,notifications_id) VALUES (177,5125);
INSERT INTO notifications (id,date,notification_type,tweet_id,user_id,user_to_follow_id,list_id,notified_user_id) VALUES (5126,'2024-01-08 21:00:00','LIKE',2085,123,null,null,126);
INSERT INTO users_notifications (user_id,notifications_id) VALUES (126,5126);
INSERT INTO notifications (id,date,notification_type,tweet_id,user_id,user_to_follow_id,list_id,notified_user_id) VALUES (5127,'2024-03-26 21:00:00','LIKE',2064,130,null,null,115);
INSERT INTO users_notifications (user_id,notifications_id) VALUES (115,5127);
INSERT INTO notifications (id,date,notification_type,tweet_id,user_id,user_to_follow_id,list_id,notified_user_id) VALUES (5128,'2024-02-26 23:00:00','LIKE',2040,126,null,null,136);
INSERT INTO users_notifications (user_id,notifications_id) VALUES (136,5128);
INSERT INTO notifications (id,date,notification_type,tweet_id,user_id,user_to_follow_id,list_id,notified_user_id) VALUES (5129,'2024-02-02 14:00:00','LIKE',2203,113,null,null,122);
INSERT INTO users_notifications (user_id,notifications_id) VALUES (122,5129);
INSERT INTO notifications (id,date,notification_type,tweet_id,user_id,user_to_follow_id,list_id,notified_user_id) VALUES (5130,'2024-07-06 04:00:00','LIKE',2032,160,null,null,131);
INSERT INTO users_notifications (user_id,notifications_id) VALUES (131,5130);
INSERT INTO notifications (id,date,notification_type,tweet_id,user_id,user_to_follow_id,list_id,notified_user_id) VALUES (5131,'2024-05-15 12:00:00','LIKE',2027,103,null,null,172);
INSERT INTO users_notifications (user_id,notifications_id) VALUES (172,5131);
INSERT INTO notifications (id,date,notification_type,tweet_id,user_id,user_to_follow_id,list_id,notified_user_id) VALUES (5132,'2024-01-29 18:00:00','LIKE',2134,119,null,null,135);
INSERT INTO users_notifications (user_id,notifications_id) VALUES (135,5132);
INSERT INTO notifications (id,date,notification_type,tweet_id,user_id,user_to_follow_id,list_id,notified_user_id) VALUES (5133,'2024-04-15 14:00:00','LIKE',2335,149,null,null,170);
INSERT INTO users_notifications (user_id,notifications_id) VALUES (170,5133);
INSERT INTO notifications (id,date,notification_type,tweet_id,user_id,user_to_follow_id,list_id,notified_user_id) VALUES (5134,'2024-04-06 23:00:00','LIKE',2117,131,null,null,146);
INSERT INTO users_notifications (user_id,notifications_id) VALUES (146,5134);
INSERT INTO notifications (id,date,notification_type,tweet_id,user_id,user_to_follow_id,list_id,notified_user_id) VALUES (5135,'2024-02-14 19:00:00','LIKE',2226,116,null,null,119);
INSERT INTO users_notifications (user_id,notifications_id) VALUES (119,5135);
INSERT INTO notifications (id,date,notification_type,tweet_id,user_id,user_to_follow_id,list_id,notified_user_id) VALUES (5136,'2024-01-10 18:00:00','LIKE',2269,121,null,null,141);
INSERT INTO users_notifications (user_id,notifications_id) VALUES (141,5136);
INSERT INTO notifications (id,date,notification_type,tweet_id,user_id,user_to_follow_id,list_id,notified_user_id) VALUES (5137,'2024-04-21 00:00:00','LIKE',2017,145,null,null,135);
INSERT INTO users_notifications (user_id,notifications_id) VALUES (135,5137);
INSERT INTO notifications (id,date,notification_type,tweet_id,user_id,user_to_follow_id,list_id,notified_user_id) VALUES (5138,'2024-07-03 12:00:00','LIKE',2243,159,null,null,128);
INSERT INTO users_notifications (user_id,notifications_id) VALUES (128,5138);
INSERT INTO notifications (id,date,notification_type,tweet_id,user_id,user_to_follow_id,list_id,notified_user_id) VALUES (5139,'2024-02-16 02:00:00','LIKE',2139,156,null,null,152);
INSERT INTO users_notifications (user_id,notifications_id) VALUES (152,5139);
INSERT INTO notifications (id,date,notification_type,tweet_id,user_id,user_to_follow_id,list_id,notified_user_id) VALUES (5140,'2024-07-20 16:00:00','LIKE',2276,122,null,null,125);
INSERT INTO users_notifications (user_id,notifications_id) VALUES (125,5140);
INSERT INTO notifications (id,date,notification_type,tweet_id,user_id,user_to_follow_id,list_id,notified_user_id) VALUES (5141,'2024-07-11 12:00:00','LIKE',2305,158,null,null,149);
INSERT INTO users_notifications (user_id,notifications_id) VALUES (149,5141);
INSERT INTO notifications (id,date,notification_type,tweet_id,user_id,user_to_follow_id,list_id,notified_user_id) VALUES (5142,'2024-07-01 04:00:00','LIKE',2222,175,null,null,124);
INSERT INTO users_notifications (user_id,notifications_id) VALUES (124,5142);
INSERT INTO notifications (id,date,notification_type,tweet_id,user_id,user_to_follow_id,list_id,notified_user_id) VALUES (5143,'2024-06-13 09:00:00','LIKE',2158,144,null,null,148);
INSERT INTO users_notifications (user_id,notifications_id) VALUES (148,5143);
INSERT INTO notifications (id,date,notification_type,tweet_id,user_id,user_to_follow_id,list_id,notified_user_id) VALUES (5144,'2024-01-31 13:00:00','LIKE',2276,129,null,null,125);
INSERT INTO users_notifications (user_id,notifications_id) VALUES (125,5144);
INSERT INTO notifications (id,date,notification_type,tweet_id,user_id,user_to_follow_id,list_id,notified_user_id) VALUES (5145,'2024-05-04 20:00:00','LIKE',2226,139,null,null,119);
INSERT INTO users_notifications (user_id,notifications_id) VALUES (119,5145);
INSERT INTO notifications (id,date,notification_type,tweet_id,user_id,user_to_follow_id,list_id,notified_user_id) VALUES (5146,'2024-02-23 03:00:00','LIKE',2211,133,null,null,150);
INSERT INTO users_notifications (user_id,notifications_id) VALUES (150,5146);
INSERT INTO notifications (id,date,notification_type,tweet_id,user_id,user_to_follow_id,list_id,notified_user_id) VALUES (5147,'2024-01-01 00:00:00','LIKE',2155,101,null,null,170);
INSERT INTO users_notifications (user_id,notifications_id) VALUES (170,5147);
INSERT INTO notifications (id,date,notification_type,tweet_id,user_id,user_to_follow_id,list_id,notified_user_id) VALUES (5148,'2024-04-27 09:00:00','LIKE',2267,117,null,null,104);
INSERT INTO users_notifications (user_id,notifications_id) VALUES (104,5148);
INSERT INTO notifications (id,date,notification_type,tweet_id,user_id,user_to_follow_id,list_id,notified_user_id) VALUES (5149,'2024-07-01 15:00:00','LIKE',2146,160,null,null,107);
INSERT INTO users_notifications (user_id,notifications_id) VALUES (107,5149);
INSERT INTO notifications (id,date,notification_type,tweet_id,user_id,user_to_follow_id,list_id,notified_user_id) VALUES (5150,'2024-06-11 20:00:00','LIKE',2004,170,null,null,146);
INSERT INTO users_notifications (user_id,notifications_id) VALUES (146,5150);
INSERT INTO notifications (id,date,notification_type,tweet_id,user_id,user_to_follow_id,list_id,notified_user_id) VALUES (5151,'2024-05-26 22:00:00','LIKE',2153,101,null,null,147);
INSERT INTO users_notifications (user_id,notifications_id) VALUES (147,5151);
INSERT INTO notifications (id,date,notification_type,tweet_id,user_id,user_to_follow_id,list_id,notified_user_id) VALUES (5152,'2024-01-03 11:00:00','LIKE',2149,129,null,null,143);
INSERT INTO users_notifications (user_id,notifications_id) VALUES (143,5152);
INSERT INTO notifications (id,date,notification_type,tweet_id,user_id,user_to_follow_id,list_id,notified_user_id) VALUES (5153,'2024-03-05 08:00:00','LIKE',2280,147,null,null,159);
INSERT INTO users_notifications (user_id,notifications_id) VALUES (159,5153);
INSERT INTO notifications (id,date,notification_type,tweet_id,user_id,user_to_follow_id,list_id,notified_user_id) VALUES (5154,'2024-05-14 17:00:00','LIKE',2210,155,null,null,112);
INSERT INTO users_notifications (user_id,notifications_id) VALUES (112,5154);
INSERT INTO notifications (id,date,notification_type,tweet_id,user_id,user_to_follow_id,list_id,notified_user_id) VALUES (5155,'2024-05-13 00:00:00','LIKE',2127,120,null,null,103);
INSERT INTO users_notifications (user_id,notifications_id) VALUES (103,5155);
INSERT INTO notifications (id,date,notification_type,tweet_id,user_id,user_to_follow_id,list_id,notified_user_id) VALUES (5156,'2024-03-30 18:00:00','LIKE',2193,128,null,null,145);
INSERT INTO users_notifications (user_id,notifications_id) VALUES (145,5156);
INSERT INTO notifications (id,date,notification_type,tweet_id,user_id,user_to_follow_id,list_id,notified_user_id) VALUES (5157,'2024-03-22 18:00:00','LIKE',2040,154,null,null,136);
INSERT INTO users_notifications (user_id,notifications_id) VALUES (136,5157);
INSERT INTO notifications (id,date,notification_type,tweet_id,user_id,user_to_follow_id,list_id,notified_user_id) VALUES (5158,'2024-04-07 04:00:00','LIKE',2264,134,null,null,160);
INSERT INTO users_notifications (user_id,notifications_id) VALUES (160,5158);
INSERT INTO notifications (id,date,notification_type,tweet_id,user_id,user_to_follow_id,list_id,notified_user_id) VALUES (5159,'2024-04-01 18:00:00','LIKE',2332,176,null,null,177);
INSERT INTO users_notifications (user_id,notifications_id) VALUES (177,5159);
INSERT INTO notifications (id,date,notification_type,tweet_id,user_id,user_to_follow_id,list_id,notified_user_id) VALUES (5160,'2024-01-24 08:00:00','LIKE',2211,124,null,null,150);
INSERT INTO users_notifications (user_id,notifications_id) VALUES (150,5160);
INSERT INTO notifications (id,date,notification_type,tweet_id,user_id,user_to_follow_id,list_id,notified_user_id) VALUES (5161,'2024-04-08 20:00:00','LIKE',2093,117,null,null,105);
INSERT INTO users_notifications (user_id,notifications_id) VALUES (105,5161);
INSERT INTO notifications (id,date,notification_type,tweet_id,user_id,user_to_follow_id,list_id,notified_user_id) VALUES (5162,'2024-06-03 13:00:00','LIKE',2056,158,null,null,107);
INSERT INTO users_notifications (user_id,notifications_id) VALUES (107,5162);
INSERT INTO notifications (id,date,notification_type,tweet_id,user_id,user_to_follow_id,list_id,notified_user_id) VALUES (5163,'2024-03-05 02:00:00','LIKE',2139,170,null,null,152);
INSERT INTO users_notifications (user_id,notifications_id) VALUES (152,5163);
INSERT INTO notifications (id,date,notification_type,tweet_id,user_id,user_to_follow_id,list_id,notified_user_id) VALUES (5164,'2024-02-21 22:00:00','LIKE',2164,102,null,null,176);
INSERT INTO users_notifications (user_id,notifications_id) VALUES (176,5164);
INSERT INTO notifications (id,date,notification_type,tweet_id,user_id,user_to_follow_id,list_id,notified_user_id) VALUES (5165,'2024-01-08 13:00:00','LIKE',2025,176,null,null,147);
INSERT INTO users_notifications (user_id,notifications_id) VALUES (147,5165);
INSERT INTO notifications (id,date,notification_type,tweet_id,user_id,user_to_follow_id,list_id,notified_user_id) VALUES (5166,'2024-04-06 07:00:00','LIKE',2095,113,null,null,152);
INSERT INTO users_notifications (user_id,notifications_id) VALUES (152,5166);
INSERT INTO notifications (id,date,notification_type,tweet_id,user_id,user_to_follow_id,list_id,notified_user_id) VALUES (5167,'2024-05-29 15:00:00','LIKE',2137,116,null,null,142);
INSERT INTO users_notifications (user_id,notifications_id) VALUES (142,5167);
INSERT INTO notifications (id,date,notification_type,tweet_id,user_id,user_to_follow_id,list_id,notified_user_id) VALUES (5168,'2024-01-31 18:00:00','LIKE',2004,129,null,null,146);
INSERT INTO users_notifications (user_id,notifications_id) VALUES (146,5168);
INSERT INTO notifications (id,date,notification_type,tweet_id,user_id,user_to_follow_id,list_id,notified_user_id) VALUES (5169,'2024-06-17 11:00:00','LIKE',2077,101,null,null,160);
INSERT INTO users_notifications (user_id,notifications_id) VALUES (160,5169);
INSERT INTO notifications (id,date,notification_type,tweet_id,user_id,user_to_follow_id,list_id,notified_user_id) VALUES (5170,'2024-05-23 10:00:00','LIKE',2111,143,null,null,158);
INSERT INTO users_notifications (user_id,notifications_id) VALUES (158,5170);
INSERT INTO notifications (id,date,notification_type,tweet_id,user_id,user_to_follow_id,list_id,notified_user_id) VALUES (5171,'2024-05-06 18:00:00','LIKE',2159,171,null,null,128);
INSERT INTO users_notifications (user_id,notifications_id) VALUES (128,5171);
INSERT INTO notifications (id,date,notification_type,tweet_id,user_id,user_to_follow_id,list_id,notified_user_id) VALUES (5172,'2024-04-22 17:00:00','LIKE',2237,104,null,null,129);
INSERT INTO users_notifications (user_id,notifications_id) VALUES (129,5172);
INSERT INTO notifications (id,date,notification_type,tweet_id,user_id,user_to_follow_id,list_id,notified_user_id) VALUES (5173,'2024-01-20 03:00:00','LIKE',2041,118,null,null,119);
INSERT INTO users_notifications (user_id,notifications_id) VALUES (119,5173);
INSERT INTO notifications (id,date,notification_type,tweet_id,user_id,user_to_follow_id,list_id,notified_user_id) VALUES (5174,'2024-01-25 08:00:00','LIKE',2136,150,null,null,140);
INSERT INTO users_notifications (user_id,notifications_id) VALUES (140,5174);
INSERT INTO notifications (id,date,notification_type,tweet_id,user_id,user_to_follow_id,list_id,notified_user_id) VALUES (5175,'2024-03-02 23:00:00','LIKE',2278,160,null,null,127);
INSERT INTO users_notifications (user_id,notifications_id) VALUES (127,5175);
INSERT INTO notifications (id,date,notification_type,tweet_id,user_id,user_to_follow_id,list_id,notified_user_id) VALUES (5176,'2024-05-10 05:00:00','LIKE',2098,132,null,null,123);
INSERT INTO users_notifications (user_id,notifications_id) VALUES (123,5176);
INSERT INTO notifications (id,date,notification_type,tweet_id,user_id,user_to_follow_id,list_id,notified_user_id) VALUES (5177,'2024-03-25 23:00:00','LIKE',2006,115,null,null,148);
INSERT INTO users_notifications (user_id,notifications_id) VALUES (148,5177);
INSERT INTO notifications (id,date,notification_type,tweet_id,user_id,user_to_follow_id,list_id,notified_user_id) VALUES (5178,'2024-03-25 08:00:00','LIKE',2197,156,null,null,102);
INSERT INTO users_notifications (user_id,notifications_id) VALUES (102,5178);
INSERT INTO notifications (id,date,notification_type,tweet_id,user_id,user_to_follow_id,list_id,notified_user_id) VALUES (5179,'2024-06-06 07:00:00','LIKE',2017,125,null,null,135);
INSERT INTO users_notifications (user_id,notifications_id) VALUES (135,5179);
INSERT INTO notifications (id,date,notification_type,tweet_id,user_id,user_to_follow_id,list_id,notified_user_id) VALUES (5180,'2024-03-12 03:00:00','LIKE',2048,174,null,null,152);
INSERT INTO users_notifications (user_id,notifications_id) VALUES (152,5180);
INSERT INTO notifications (id,date,notification_type,tweet_id,user_id,user_to_follow_id,list_id,notified_user_id) VALUES (5181,'2024-04-16 12:00:00','LIKE',2242,149,null,null,122);
INSERT INTO users_notifications (user_id,notifications_id) VALUES (122,5181);
INSERT INTO notifications (id,date,notification_type,tweet_id,user_id,user_to_follow_id,list_id,notified_user_id) VALUES (5182,'2024-01-15 09:00:00','LIKE',2165,120,null,null,149);
INSERT INTO users_notifications (user_id,notifications_id) VALUES (149,5182);
INSERT INTO notifications (id,date,notification_type,tweet_id,user_id,user_to_follow_id,list_id,notified_user_id) VALUES (5183,'2024-02-11 16:00:00','LIKE',2281,174,null,null,135);
INSERT INTO users_notifications (user_id,notifications_id) VALUES (135,5183);
INSERT INTO notifications (id,date,notification_type,tweet_id,user_id,user_to_follow_id,list_id,notified_user_id) VALUES (5184,'2024-04-11 23:00:00','LIKE',2129,161,null,null,144);
INSERT INTO users_notifications (user_id,notifications_id) VALUES (144,5184);
INSERT INTO notifications (id,date,notification_type,tweet_id,user_id,user_to_follow_id,list_id,notified_user_id) VALUES (5185,'2024-01-18 18:00:00','LIKE',2101,146,null,null,160);
INSERT INTO users_notifications (user_id,notifications_id) VALUES (160,5185);
INSERT INTO notifications (id,date,notification_type,tweet_id,user_id,user_to_follow_id,list_id,notified_user_id) VALUES (5186,'2024-02-08 13:00:00','LIKE',2341,127,null,null,121);
INSERT INTO users_notifications (user_id,notifications_id) VALUES (121,5186);
INSERT INTO notifications (id,date,notification_type,tweet_id,user_id,user_to_follow_id,list_id,notified_user_id) VALUES (5187,'2024-04-20 18:00:00','LIKE',2120,155,null,null,157);
INSERT INTO users_notifications (user_id,notifications_id) VALUES (157,5187);
INSERT INTO notifications (id,date,notification_type,tweet_id,user_id,user_to_follow_id,list_id,notified_user_id) VALUES (5188,'2024-04-04 05:00:00','LIKE',2007,121,null,null,151);
INSERT INTO users_notifications (user_id,notifications_id) VALUES (151,5188);
INSERT INTO notifications (id,date,notification_type,tweet_id,user_id,user_to_follow_id,list_id,notified_user_id) VALUES (5189,'2024-05-15 02:00:00','LIKE',2299,115,null,null,137);
INSERT INTO users_notifications (user_id,notifications_id) VALUES (137,5189);
INSERT INTO notifications (id,date,notification_type,tweet_id,user_id,user_to_follow_id,list_id,notified_user_id) VALUES (5190,'2024-01-15 08:00:00','LIKE',2124,101,null,null,155);
INSERT INTO users_notifications (user_id,notifications_id) VALUES (155,5190);
INSERT INTO notifications (id,date,notification_type,tweet_id,user_id,user_to_follow_id,list_id,notified_user_id) VALUES (5191,'2024-07-22 12:00:00','LIKE',2297,160,null,null,161);
INSERT INTO users_notifications (user_id,notifications_id) VALUES (161,5191);
INSERT INTO notifications (id,date,notification_type,tweet_id,user_id,user_to_follow_id,list_id,notified_user_id) VALUES (5192,'2024-01-31 13:00:00','LIKE',2079,147,null,null,127);
INSERT INTO users_notifications (user_id,notifications_id) VALUES (127,5192);
INSERT INTO notifications (id,date,notification_type,tweet_id,user_id,user_to_follow_id,list_id,notified_user_id) VALUES (5193,'2024-06-19 15:00:00','LIKE',2127,120,null,null,103);
INSERT INTO users_notifications (user_id,notifications_id) VALUES (103,5193);
INSERT INTO notifications (id,date,notification_type,tweet_id,user_id,user_to_follow_id,list_id,notified_user_id) VALUES (5194,'2024-01-21 11:00:00','LIKE',2046,143,null,null,100);
INSERT INTO users_notifications (user_id,notifications_id) VALUES (100,5194);
INSERT INTO notifications (id,date,notification_type,tweet_id,user_id,user_to_follow_id,list_id,notified_user_id) VALUES (5195,'2024-02-22 12:00:00','LIKE',2030,145,null,null,170);
INSERT INTO users_notifications (user_id,notifications_id) VALUES (170,5195);
INSERT INTO notifications (id,date,notification_type,tweet_id,user_id,user_to_follow_id,list_id,notified_user_id) VALUES (5196,'2024-02-12 22:00:00','LIKE',2274,113,null,null,170);
INSERT INTO users_notifications (user_id,notifications_id) VALUES (170,5196);
INSERT INTO notifications (id,date,notification_type,tweet_id,user_id,user_to_follow_id,list_id,notified_user_id) VALUES (5197,'2024-04-18 02:00:00','LIKE',2249,129,null,null,160);
INSERT INTO users_notifications (user_id,notifications_id) VALUES (160,5197);
-- chats
INSERT INTO chats (id,creation_date) VALUES (50,'2024-01-01 00:00:00');
INSERT INTO chats_participants (id,left_chat,chat_id,user_id) VALUES (6000,false,50,127);
INSERT INTO chats_participants (id,left_chat,chat_id,user_id) VALUES (6001,false,50,101);
INSERT INTO chat_messages (id,date,text,user_id,chat_id,tweet_id) VALUES (6000,'2024-01-01 00:00:00', 'Hello IT', 127,50,null);
INSERT INTO chat_messages (id,date,text,user_id,chat_id,tweet_id) VALUES (6001,'2024-01-01 00:00:00', 'Hello IT', 101,50,null);
INSERT INTO chat_messages (id,date,text,user_id,chat_id,tweet_id) VALUES (6002,'2024-01-01 00:00:00', 'Hello IT', 127,50,null);
INSERT INTO chat_messages (id,date,text,user_id,chat_id,tweet_id) VALUES (6003,'2024-01-01 00:00:00', 'Hello IT', 101,50,null);
INSERT INTO chat_messages (id,date,text,user_id,chat_id,tweet_id) VALUES (6004,'2024-01-01 00:00:00', 'Hello IT', 127,50,null);
INSERT INTO chats (id,creation_date) VALUES (51,'2024-01-02 00:00:00');
INSERT INTO chats_participants (id,left_chat,chat_id,user_id) VALUES (6002,false,51,173);
INSERT INTO chats_participants (id,left_chat,chat_id,user_id) VALUES (6003,false,51,158);
INSERT INTO chat_messages (id,date,text,user_id,chat_id,tweet_id) VALUES (6005,'2024-01-02 00:00:00', 'Hello IT', 173,51,null);
INSERT INTO chat_messages (id,date,text,user_id,chat_id,tweet_id) VALUES (6006,'2024-01-02 00:00:00', 'Hello IT', 158,51,null);
INSERT INTO chat_messages (id,date,text,user_id,chat_id,tweet_id) VALUES (6007,'2024-01-02 00:00:00', 'Hello IT', 173,51,null);
INSERT INTO chat_messages (id,date,text,user_id,chat_id,tweet_id) VALUES (6008,'2024-01-02 00:00:00', 'Hello IT', 158,51,null);
INSERT INTO chat_messages (id,date,text,user_id,chat_id,tweet_id) VALUES (6009,'2024-01-02 00:00:00', 'Hello IT', 173,51,null);
INSERT INTO chats (id,creation_date) VALUES (52,'2024-01-03 00:00:00');
INSERT INTO chats_participants (id,left_chat,chat_id,user_id) VALUES (6004,false,52,172);
INSERT INTO chats_participants (id,left_chat,chat_id,user_id) VALUES (6005,false,52,175);
INSERT INTO chat_messages (id,date,text,user_id,chat_id,tweet_id) VALUES (6010,'2024-01-03 00:00:00', 'Hello IT', 172,52,null);
INSERT INTO chat_messages (id,date,text,user_id,chat_id,tweet_id) VALUES (6011,'2024-01-03 00:00:00', 'Hello IT', 175,52,null);
INSERT INTO chat_messages (id,date,text,user_id,chat_id,tweet_id) VALUES (6012,'2024-01-03 00:00:00', 'Hello IT', 172,52,null);
INSERT INTO chat_messages (id,date,text,user_id,chat_id,tweet_id) VALUES (6013,'2024-01-03 00:00:00', 'Hello IT', 175,52,null);
INSERT INTO chat_messages (id,date,text,user_id,chat_id,tweet_id) VALUES (6014,'2024-01-03 00:00:00', 'Hello IT', 172,52,null);
INSERT INTO chats (id,creation_date) VALUES (53,'2024-01-04 00:00:00');
INSERT INTO chats_participants (id,left_chat,chat_id,user_id) VALUES (6006,false,53,133);
INSERT INTO chats_participants (id,left_chat,chat_id,user_id) VALUES (6007,false,53,138);
INSERT INTO chat_messages (id,date,text,user_id,chat_id,tweet_id) VALUES (6015,'2024-01-04 00:00:00', 'Hello IT', 133,53,null);
INSERT INTO chat_messages (id,date,text,user_id,chat_id,tweet_id) VALUES (6016,'2024-01-04 00:00:00', 'Hello IT', 138,53,null);
INSERT INTO chat_messages (id,date,text,user_id,chat_id,tweet_id) VALUES (6017,'2024-01-04 00:00:00', 'Hello IT', 133,53,null);
INSERT INTO chat_messages (id,date,text,user_id,chat_id,tweet_id) VALUES (6018,'2024-01-04 00:00:00', 'Hello IT', 138,53,null);
INSERT INTO chat_messages (id,date,text,user_id,chat_id,tweet_id) VALUES (6019,'2024-01-04 00:00:00', 'Hello IT', 133,53,null);
INSERT INTO chats (id,creation_date) VALUES (54,'2024-01-05 00:00:00');
INSERT INTO chats_participants (id,left_chat,chat_id,user_id) VALUES (6008,false,54,128);
INSERT INTO chats_participants (id,left_chat,chat_id,user_id) VALUES (6009,false,54,137);
INSERT INTO chat_messages (id,date,text,user_id,chat_id,tweet_id) VALUES (6020,'2024-01-05 00:00:00', 'Hello IT', 128,54,null);
INSERT INTO chat_messages (id,date,text,user_id,chat_id,tweet_id) VALUES (6021,'2024-01-05 00:00:00', 'Hello IT', 137,54,null);
INSERT INTO chat_messages (id,date,text,user_id,chat_id,tweet_id) VALUES (6022,'2024-01-05 00:00:00', 'Hello IT', 128,54,null);
INSERT INTO chat_messages (id,date,text,user_id,chat_id,tweet_id) VALUES (6023,'2024-01-05 00:00:00', 'Hello IT', 137,54,null);
INSERT INTO chat_messages (id,date,text,user_id,chat_id,tweet_id) VALUES (6024,'2024-01-05 00:00:00', 'Hello IT', 128,54,null);
INSERT INTO chats (id,creation_date) VALUES (55,'2024-01-06 00:00:00');
INSERT INTO chats_participants (id,left_chat,chat_id,user_id) VALUES (6010,false,55,134);
INSERT INTO chats_participants (id,left_chat,chat_id,user_id) VALUES (6011,false,55,115);
INSERT INTO chat_messages (id,date,text,user_id,chat_id,tweet_id) VALUES (6025,'2024-01-06 00:00:00', 'Hello IT', 134,55,null);
INSERT INTO chat_messages (id,date,text,user_id,chat_id,tweet_id) VALUES (6026,'2024-01-06 00:00:00', 'Hello IT', 115,55,null);
INSERT INTO chat_messages (id,date,text,user_id,chat_id,tweet_id) VALUES (6027,'2024-01-06 00:00:00', 'Hello IT', 134,55,null);
INSERT INTO chat_messages (id,date,text,user_id,chat_id,tweet_id) VALUES (6028,'2024-01-06 00:00:00', 'Hello IT', 115,55,null);
INSERT INTO chat_messages (id,date,text,user_id,chat_id,tweet_id) VALUES (6029,'2024-01-06 00:00:00', 'Hello IT', 134,55,null);
INSERT INTO chats (id,creation_date) VALUES (56,'2024-01-07 00:00:00');
INSERT INTO chats_participants (id,left_chat,chat_id,user_id) VALUES (6012,false,56,121);
INSERT INTO chats_participants (id,left_chat,chat_id,user_id) VALUES (6013,false,56,128);
INSERT INTO chat_messages (id,date,text,user_id,chat_id,tweet_id) VALUES (6030,'2024-01-07 00:00:00', 'Hello IT', 121,56,null);
INSERT INTO chat_messages (id,date,text,user_id,chat_id,tweet_id) VALUES (6031,'2024-01-07 00:00:00', 'Hello IT', 128,56,null);
INSERT INTO chat_messages (id,date,text,user_id,chat_id,tweet_id) VALUES (6032,'2024-01-07 00:00:00', 'Hello IT', 121,56,null);
INSERT INTO chat_messages (id,date,text,user_id,chat_id,tweet_id) VALUES (6033,'2024-01-07 00:00:00', 'Hello IT', 128,56,null);
INSERT INTO chat_messages (id,date,text,user_id,chat_id,tweet_id) VALUES (6034,'2024-01-07 00:00:00', 'Hello IT', 121,56,null);
INSERT INTO chats (id,creation_date) VALUES (57,'2024-01-08 00:00:00');
INSERT INTO chats_participants (id,left_chat,chat_id,user_id) VALUES (6014,false,57,105);
INSERT INTO chats_participants (id,left_chat,chat_id,user_id) VALUES (6015,false,57,176);
INSERT INTO chat_messages (id,date,text,user_id,chat_id,tweet_id) VALUES (6035,'2024-01-08 00:00:00', 'Hello IT', 105,57,null);
INSERT INTO chat_messages (id,date,text,user_id,chat_id,tweet_id) VALUES (6036,'2024-01-08 00:00:00', 'Hello IT', 176,57,null);
INSERT INTO chat_messages (id,date,text,user_id,chat_id,tweet_id) VALUES (6037,'2024-01-08 00:00:00', 'Hello IT', 105,57,null);
INSERT INTO chat_messages (id,date,text,user_id,chat_id,tweet_id) VALUES (6038,'2024-01-08 00:00:00', 'Hello IT', 176,57,null);
INSERT INTO chat_messages (id,date,text,user_id,chat_id,tweet_id) VALUES (6039,'2024-01-08 00:00:00', 'Hello IT', 105,57,null);
INSERT INTO chats (id,creation_date) VALUES (58,'2024-01-09 00:00:00');
INSERT INTO chats_participants (id,left_chat,chat_id,user_id) VALUES (6016,false,58,130);
INSERT INTO chats_participants (id,left_chat,chat_id,user_id) VALUES (6017,false,58,137);
INSERT INTO chat_messages (id,date,text,user_id,chat_id,tweet_id) VALUES (6040,'2024-01-09 00:00:00', 'Hello IT', 130,58,null);
INSERT INTO chat_messages (id,date,text,user_id,chat_id,tweet_id) VALUES (6041,'2024-01-09 00:00:00', 'Hello IT', 137,58,null);
INSERT INTO chat_messages (id,date,text,user_id,chat_id,tweet_id) VALUES (6042,'2024-01-09 00:00:00', 'Hello IT', 130,58,null);
INSERT INTO chat_messages (id,date,text,user_id,chat_id,tweet_id) VALUES (6043,'2024-01-09 00:00:00', 'Hello IT', 137,58,null);
INSERT INTO chat_messages (id,date,text,user_id,chat_id,tweet_id) VALUES (6044,'2024-01-09 00:00:00', 'Hello IT', 130,58,null);
INSERT INTO chats (id,creation_date) VALUES (59,'2024-01-10 00:00:00');
INSERT INTO chats_participants (id,left_chat,chat_id,user_id) VALUES (6018,false,59,105);
INSERT INTO chats_participants (id,left_chat,chat_id,user_id) VALUES (6019,false,59,118);
INSERT INTO chat_messages (id,date,text,user_id,chat_id,tweet_id) VALUES (6045,'2024-01-10 00:00:00', 'Hello IT', 105,59,null);
INSERT INTO chat_messages (id,date,text,user_id,chat_id,tweet_id) VALUES (6046,'2024-01-10 00:00:00', 'Hello IT', 118,59,null);
INSERT INTO chat_messages (id,date,text,user_id,chat_id,tweet_id) VALUES (6047,'2024-01-10 00:00:00', 'Hello IT', 105,59,null);
INSERT INTO chat_messages (id,date,text,user_id,chat_id,tweet_id) VALUES (6048,'2024-01-10 00:00:00', 'Hello IT', 118,59,null);
INSERT INTO chat_messages (id,date,text,user_id,chat_id,tweet_id) VALUES (6049,'2024-01-10 00:00:00', 'Hello IT', 105,59,null);
INSERT INTO chats (id,creation_date) VALUES (60,'2024-01-11 00:00:00');
INSERT INTO chats_participants (id,left_chat,chat_id,user_id) VALUES (6020,false,60,135);
INSERT INTO chats_participants (id,left_chat,chat_id,user_id) VALUES (6021,false,60,117);
INSERT INTO chat_messages (id,date,text,user_id,chat_id,tweet_id) VALUES (6050,'2024-01-11 00:00:00', 'Hello IT', 135,60,null);
INSERT INTO chat_messages (id,date,text,user_id,chat_id,tweet_id) VALUES (6051,'2024-01-11 00:00:00', 'Hello IT', 117,60,null);
INSERT INTO chat_messages (id,date,text,user_id,chat_id,tweet_id) VALUES (6052,'2024-01-11 00:00:00', 'Hello IT', 135,60,null);
INSERT INTO chat_messages (id,date,text,user_id,chat_id,tweet_id) VALUES (6053,'2024-01-11 00:00:00', 'Hello IT', 117,60,null);
INSERT INTO chat_messages (id,date,text,user_id,chat_id,tweet_id) VALUES (6054,'2024-01-11 00:00:00', 'Hello IT', 135,60,null);
INSERT INTO chats (id,creation_date) VALUES (61,'2024-01-12 00:00:00');
INSERT INTO chats_participants (id,left_chat,chat_id,user_id) VALUES (6022,false,61,134);
INSERT INTO chats_participants (id,left_chat,chat_id,user_id) VALUES (6023,false,61,106);
INSERT INTO chat_messages (id,date,text,user_id,chat_id,tweet_id) VALUES (6055,'2024-01-12 00:00:00', 'Hello IT', 134,61,null);
INSERT INTO chat_messages (id,date,text,user_id,chat_id,tweet_id) VALUES (6056,'2024-01-12 00:00:00', 'Hello IT', 106,61,null);
INSERT INTO chat_messages (id,date,text,user_id,chat_id,tweet_id) VALUES (6057,'2024-01-12 00:00:00', 'Hello IT', 134,61,null);
INSERT INTO chat_messages (id,date,text,user_id,chat_id,tweet_id) VALUES (6058,'2024-01-12 00:00:00', 'Hello IT', 106,61,null);
INSERT INTO chat_messages (id,date,text,user_id,chat_id,tweet_id) VALUES (6059,'2024-01-12 00:00:00', 'Hello IT', 134,61,null);
INSERT INTO chats (id,creation_date) VALUES (62,'2024-01-13 00:00:00');
INSERT INTO chats_participants (id,left_chat,chat_id,user_id) VALUES (6024,false,62,131);
INSERT INTO chats_participants (id,left_chat,chat_id,user_id) VALUES (6025,false,62,126);
INSERT INTO chat_messages (id,date,text,user_id,chat_id,tweet_id) VALUES (6060,'2024-01-13 00:00:00', 'Hello IT', 131,62,null);
INSERT INTO chat_messages (id,date,text,user_id,chat_id,tweet_id) VALUES (6061,'2024-01-13 00:00:00', 'Hello IT', 126,62,null);
INSERT INTO chat_messages (id,date,text,user_id,chat_id,tweet_id) VALUES (6062,'2024-01-13 00:00:00', 'Hello IT', 131,62,null);
INSERT INTO chat_messages (id,date,text,user_id,chat_id,tweet_id) VALUES (6063,'2024-01-13 00:00:00', 'Hello IT', 126,62,null);
INSERT INTO chat_messages (id,date,text,user_id,chat_id,tweet_id) VALUES (6064,'2024-01-13 00:00:00', 'Hello IT', 131,62,null);
INSERT INTO chats (id,creation_date) VALUES (63,'2024-01-14 00:00:00');
INSERT INTO chats_participants (id,left_chat,chat_id,user_id) VALUES (6026,false,63,176);
INSERT INTO chats_participants (id,left_chat,chat_id,user_id) VALUES (6027,false,63,114);
INSERT INTO chat_messages (id,date,text,user_id,chat_id,tweet_id) VALUES (6065,'2024-01-14 00:00:00', 'Hello IT', 176,63,null);
INSERT INTO chat_messages (id,date,text,user_id,chat_id,tweet_id) VALUES (6066,'2024-01-14 00:00:00', 'Hello IT', 114,63,null);
INSERT INTO chat_messages (id,date,text,user_id,chat_id,tweet_id) VALUES (6067,'2024-01-14 00:00:00', 'Hello IT', 176,63,null);
INSERT INTO chat_messages (id,date,text,user_id,chat_id,tweet_id) VALUES (6068,'2024-01-14 00:00:00', 'Hello IT', 114,63,null);
INSERT INTO chat_messages (id,date,text,user_id,chat_id,tweet_id) VALUES (6069,'2024-01-14 00:00:00', 'Hello IT', 176,63,null);
INSERT INTO chats (id,creation_date) VALUES (64,'2024-01-15 00:00:00');
INSERT INTO chats_participants (id,left_chat,chat_id,user_id) VALUES (6028,false,64,100);
INSERT INTO chats_participants (id,left_chat,chat_id,user_id) VALUES (6029,false,64,144);
INSERT INTO chat_messages (id,date,text,user_id,chat_id,tweet_id) VALUES (6070,'2024-01-15 00:00:00', 'Hello IT', 100,64,null);
INSERT INTO chat_messages (id,date,text,user_id,chat_id,tweet_id) VALUES (6071,'2024-01-15 00:00:00', 'Hello IT', 144,64,null);
INSERT INTO chat_messages (id,date,text,user_id,chat_id,tweet_id) VALUES (6072,'2024-01-15 00:00:00', 'Hello IT', 100,64,null);
INSERT INTO chat_messages (id,date,text,user_id,chat_id,tweet_id) VALUES (6073,'2024-01-15 00:00:00', 'Hello IT', 144,64,null);
INSERT INTO chat_messages (id,date,text,user_id,chat_id,tweet_id) VALUES (6074,'2024-01-15 00:00:00', 'Hello IT', 100,64,null);
-- pinned
INSERT INTO user_pinned_tweet (tweet_id,user_id) VALUES (2025,147);
INSERT INTO user_pinned_tweet (tweet_id,user_id) VALUES (2012,141);
INSERT INTO user_pinned_tweet (tweet_id,user_id) VALUES (2180,110);
INSERT INTO user_pinned_tweet (tweet_id,user_id) VALUES (2008,133);
INSERT INTO user_pinned_tweet (tweet_id,user_id) VALUES (2273,117);
INSERT INTO user_pinned_tweet (tweet_id,user_id) VALUES (2095,152);
INSERT INTO user_pinned_tweet (tweet_id,user_id) VALUES (2234,137);
INSERT INTO user_pinned_tweet (tweet_id,user_id) VALUES (2128,120);
-- Done: 70 users, 350 tweets, 1200 likes, 1407 follows